{
    "msa-mds": [
        {
            "id": "12220", 
            "name": "AUBURN-OPELIKA"
        }, 
        {
            "id": "26620", 
            "name": "HUNTSVILLE"
        }, 
        {
            "id": "19300", 
            "name": "DAPHNE-FAIRHOPE-FOLEY"
        }, 
        {
            "id": "23460", 
            "name": "GADSDEN"
        }, 
        {
            "id": "42460", 
            "name": "SCOTTSBORO"
        }, 
        {
            "id": "45980", 
            "name": "TROY"
        }, 
        {
            "id": "33660", 
            "name": "MOBILE"
        }, 
        {
            "id": "22520", 
            "name": "FLORENCE-MUSCLE-SHOALS"
        }, 
        {
            "id": "10700", 
            "name": "ALBERTVILLE"
        }, 
        {
            "id": "46220", 
            "name": "TUSCALOOSA"
        }, 
        {
            "id": "33860", 
            "name": "MONTGOMERY"
        }, 
        {
            "id": "45180", 
            "name": "TALLADEGA-SYLACAUGA"
        }, 
        {
            "id": "17980", 
            "name": "COLUMBUS"
        }, 
        {
            "id": "18980", 
            "name": "CULLMAN"
        }, 
        {
            "id": "37120", 
            "name": "OZARK"
        }, 
        {
            "id": "42820", 
            "name": "SELMA"
        }, 
        {
            "id": "46740", 
            "name": "VALLEY"
        }, 
        {
            "id": "20020", 
            "name": "DOTHAN"
        }, 
        {
            "id": "13820", 
            "name": "BIRMINGHAM-HOOVER"
        }, 
        {
            "id": "19460", 
            "name": "DECATUR"
        }, 
        {
            "id": "21460", 
            "name": "ENTERPRISE"
        }, 
        {
            "id": "11500", 
            "name": "ANNISTON-OXFORD-JACKSONVILLE"
        }
    ]
}