{
    "table": "3-1", 
    "type": "aggregate", 
    "desc": "Loans sold. By characteristics of borrower and census tract in which property is located and by type of purchaser (includes originations and purchased loans).", 
    "year": "2012", 
    "msa": {
        "id": "30980", 
        "name": "Longview", 
        "state": "TX", 
        "state_name": "Texas"
    }, 
    "borrowercharacteristics": [
        {
            "characteristic": "Race", 
            "races": [
                {
                    "race": "American Indian/Alaska Native", 
                    "purchasers": [
                        {
                            "name": "Fannie Mae", 
                            "count": 0, 
                            "value": 0
                        }, 
                        {
                            "name": "Ginnie Mae", 
                            "count": 0, 
                            "value": 0
                        }, 
                        {
                            "name": "Freddie Mac", 
                            "count": 0, 
                            "value": 0
                        }, 
                        {
                            "name": "Farmer Mac", 
                            "count": 0, 
                            "value": 0
                        }, 
                        {
                            "name": "Private Securitization", 
                            "count": 0, 
                            "value": 0
                        }, 
                        {
                            "name": "Commercial bank, savings bank or association", 
                            "count": 0, 
                            "value": 0
                        }, 
                        {
                            "name": "Life insurance co., credit union, finance co.", 
                            "count": 0, 
                            "value": 0
                        }, 
                        {
                            "name": "Affiliate institution", 
                            "count": 0, 
                            "value": 0
                        }, 
                        {
                            "name": "Other", 
                            "count": 0, 
                            "value": 0
                        }
                    ]
                }, 
                {
                    "race": "Asian", 
                    "purchasers": [
                        {
                            "name": "Fannie Mae", 
                            "count": 0, 
                            "value": 0
                        }, 
                        {
                            "name": "Ginnie Mae", 
                            "count": 0, 
                            "value": 0
                        }, 
                        {
                            "name": "Freddie Mac", 
                            "count": 0, 
                            "value": 0
                        }, 
                        {
                            "name": "Farmer Mac", 
                            "count": 0, 
                            "value": 0
                        }, 
                        {
                            "name": "Private Securitization", 
                            "count": 0, 
                            "value": 0
                        }, 
                        {
                            "name": "Commercial bank, savings bank or association", 
                            "count": 1, 
                            "value": 190.0
                        }, 
                        {
                            "name": "Life insurance co., credit union, finance co.", 
                            "count": 0, 
                            "value": 0
                        }, 
                        {
                            "name": "Affiliate institution", 
                            "count": 0, 
                            "value": 0
                        }, 
                        {
                            "name": "Other", 
                            "count": 5, 
                            "value": 515.0
                        }
                    ]
                }, 
                {
                    "race": "Black or African American", 
                    "purchasers": [
                        {
                            "name": "Fannie Mae", 
                            "count": 2, 
                            "value": 460.0
                        }, 
                        {
                            "name": "Ginnie Mae", 
                            "count": 1, 
                            "value": 162.0
                        }, 
                        {
                            "name": "Freddie Mac", 
                            "count": 2, 
                            "value": 301.0
                        }, 
                        {
                            "name": "Farmer Mac", 
                            "count": 0, 
                            "value": 0
                        }, 
                        {
                            "name": "Private Securitization", 
                            "count": 0, 
                            "value": 0
                        }, 
                        {
                            "name": "Commercial bank, savings bank or association", 
                            "count": 4, 
                            "value": 336.0
                        }, 
                        {
                            "name": "Life insurance co., credit union, finance co.", 
                            "count": 0, 
                            "value": 0
                        }, 
                        {
                            "name": "Affiliate institution", 
                            "count": 0, 
                            "value": 0
                        }, 
                        {
                            "name": "Other", 
                            "count": 10, 
                            "value": 1304.0
                        }
                    ]
                }, 
                {
                    "race": "Native Hawaiian or Pacific Islander", 
                    "purchasers": [
                        {
                            "name": "Fannie Mae", 
                            "count": 3, 
                            "value": 315.0
                        }, 
                        {
                            "name": "Ginnie Mae", 
                            "count": 23, 
                            "value": 3584.0
                        }, 
                        {
                            "name": "Freddie Mac", 
                            "count": 2, 
                            "value": 362.0
                        }, 
                        {
                            "name": "Farmer Mac", 
                            "count": 0, 
                            "value": 0
                        }, 
                        {
                            "name": "Private Securitization", 
                            "count": 0, 
                            "value": 0
                        }, 
                        {
                            "name": "Commercial bank, savings bank or association", 
                            "count": 2, 
                            "value": 301.0
                        }, 
                        {
                            "name": "Life insurance co., credit union, finance co.", 
                            "count": 1, 
                            "value": 106.0
                        }, 
                        {
                            "name": "Affiliate institution", 
                            "count": 1, 
                            "value": 149.0
                        }, 
                        {
                            "name": "Other", 
                            "count": 154, 
                            "value": 14559.0
                        }
                    ]
                }, 
                {
                    "race": "White", 
                    "purchasers": [
                        {
                            "name": "Fannie Mae", 
                            "count": 1, 
                            "value": 57.0
                        }, 
                        {
                            "name": "Ginnie Mae", 
                            "count": 0, 
                            "value": 0
                        }, 
                        {
                            "name": "Freddie Mac", 
                            "count": 0, 
                            "value": 0
                        }, 
                        {
                            "name": "Farmer Mac", 
                            "count": 0, 
                            "value": 0
                        }, 
                        {
                            "name": "Private Securitization", 
                            "count": 0, 
                            "value": 0
                        }, 
                        {
                            "name": "Commercial bank, savings bank or association", 
                            "count": 0, 
                            "value": 0
                        }, 
                        {
                            "name": "Life insurance co., credit union, finance co.", 
                            "count": 0, 
                            "value": 0
                        }, 
                        {
                            "name": "Affiliate institution", 
                            "count": 0, 
                            "value": 0
                        }, 
                        {
                            "name": "Other", 
                            "count": 2, 
                            "value": 191.0
                        }
                    ]
                }, 
                {
                    "race": "2 or more minority races", 
                    "purchasers": [
                        {
                            "name": "Fannie Mae", 
                            "count": 357, 
                            "value": 57478.0
                        }, 
                        {
                            "name": "Ginnie Mae", 
                            "count": 348, 
                            "value": 54447.0
                        }, 
                        {
                            "name": "Freddie Mac", 
                            "count": 127, 
                            "value": 19643.0
                        }, 
                        {
                            "name": "Farmer Mac", 
                            "count": 0, 
                            "value": 0
                        }, 
                        {
                            "name": "Private Securitization", 
                            "count": 31, 
                            "value": 5308.0
                        }, 
                        {
                            "name": "Commercial bank, savings bank or association", 
                            "count": 216, 
                            "value": 37221.0
                        }, 
                        {
                            "name": "Life insurance co., credit union, finance co.", 
                            "count": 40, 
                            "value": 5258.0
                        }, 
                        {
                            "name": "Affiliate institution", 
                            "count": 33, 
                            "value": 3922.0
                        }, 
                        {
                            "name": "Other", 
                            "count": 1961, 
                            "value": 225599.0
                        }
                    ]
                }, 
                {
                    "race": "Joint", 
                    "purchasers": [
                        {
                            "name": "Fannie Mae", 
                            "count": 26, 
                            "value": 3810.0
                        }, 
                        {
                            "name": "Ginnie Mae", 
                            "count": 25, 
                            "value": 3779.0
                        }, 
                        {
                            "name": "Freddie Mac", 
                            "count": 5, 
                            "value": 713.0
                        }, 
                        {
                            "name": "Farmer Mac", 
                            "count": 0, 
                            "value": 0
                        }, 
                        {
                            "name": "Private Securitization", 
                            "count": 1, 
                            "value": 260.0
                        }, 
                        {
                            "name": "Commercial bank, savings bank or association", 
                            "count": 7, 
                            "value": 1342.0
                        }, 
                        {
                            "name": "Life insurance co., credit union, finance co.", 
                            "count": 2, 
                            "value": 149.0
                        }, 
                        {
                            "name": "Affiliate institution", 
                            "count": 4, 
                            "value": 603.0
                        }, 
                        {
                            "name": "Other", 
                            "count": 145, 
                            "value": 17367.0
                        }
                    ]
                }, 
                {
                    "race": "Not Provided", 
                    "purchasers": [
                        {
                            "name": "Fannie Mae", 
                            "count": 73, 
                            "value": 10076.0
                        }, 
                        {
                            "name": "Ginnie Mae", 
                            "count": 29, 
                            "value": 4121.0
                        }, 
                        {
                            "name": "Freddie Mac", 
                            "count": 48, 
                            "value": 6322.0
                        }, 
                        {
                            "name": "Farmer Mac", 
                            "count": 0, 
                            "value": 0
                        }, 
                        {
                            "name": "Private Securitization", 
                            "count": 3, 
                            "value": 268.0
                        }, 
                        {
                            "name": "Commercial bank, savings bank or association", 
                            "count": 8, 
                            "value": 751.0
                        }, 
                        {
                            "name": "Life insurance co., credit union, finance co.", 
                            "count": 3, 
                            "value": 487.0
                        }, 
                        {
                            "name": "Affiliate institution", 
                            "count": 6, 
                            "value": 962.0
                        }, 
                        {
                            "name": "Other", 
                            "count": 176, 
                            "value": 17585.0
                        }
                    ]
                }, 
                {
                    "race": "Not Applicable", 
                    "purchasers": [
                        {
                            "name": "Fannie Mae", 
                            "count": 287, 
                            "value": 36501.0
                        }, 
                        {
                            "name": "Ginnie Mae", 
                            "count": 473, 
                            "value": 103404.0
                        }, 
                        {
                            "name": "Freddie Mac", 
                            "count": 112, 
                            "value": 14445.0
                        }, 
                        {
                            "name": "Farmer Mac", 
                            "count": 0, 
                            "value": 0
                        }, 
                        {
                            "name": "Private Securitization", 
                            "count": 8, 
                            "value": 1324.0
                        }, 
                        {
                            "name": "Commercial bank, savings bank or association", 
                            "count": 188, 
                            "value": 26205.0
                        }, 
                        {
                            "name": "Life insurance co., credit union, finance co.", 
                            "count": 222, 
                            "value": 30454.0
                        }, 
                        {
                            "name": "Affiliate institution", 
                            "count": 23, 
                            "value": 2245.0
                        }, 
                        {
                            "name": "Other", 
                            "count": 2574, 
                            "value": 232752.0
                        }
                    ]
                }, 
                {
                    "race": "No co-applicant", 
                    "purchasers": [
                        {
                            "name": "Fannie Mae", 
                            "count": 0, 
                            "value": 0
                        }, 
                        {
                            "name": "Ginnie Mae", 
                            "count": 0, 
                            "value": 0
                        }, 
                        {
                            "name": "Freddie Mac", 
                            "count": 0, 
                            "value": 0
                        }, 
                        {
                            "name": "Farmer Mac", 
                            "count": 0, 
                            "value": 0
                        }, 
                        {
                            "name": "Private Securitization", 
                            "count": 0, 
                            "value": 0
                        }, 
                        {
                            "name": "Commercial bank, savings bank or association", 
                            "count": 0, 
                            "value": 0
                        }, 
                        {
                            "name": "Life insurance co., credit union, finance co.", 
                            "count": 0, 
                            "value": 0
                        }, 
                        {
                            "name": "Affiliate institution", 
                            "count": 0, 
                            "value": 0
                        }, 
                        {
                            "name": "Other", 
                            "count": 0, 
                            "value": 0
                        }
                    ]
                }
            ]
        }, 
        {
            "characteristic": "Ethnicity", 
            "ethnicities": [
                {
                    "ethnicitie": "Hispanic or Latino", 
                    "purchasers": [
                        {
                            "name": "Fannie Mae", 
                            "count": 4, 
                            "value": 408
                        }, 
                        {
                            "name": "Ginnie Mae", 
                            "count": 19, 
                            "value": 2415
                        }, 
                        {
                            "name": "Freddie Mac", 
                            "count": 2, 
                            "value": 229
                        }, 
                        {
                            "name": "Farmer Mac", 
                            "count": 0, 
                            "value": 0
                        }, 
                        {
                            "name": "Private Securitization", 
                            "count": 0, 
                            "value": 0
                        }, 
                        {
                            "name": "Commercial bank, savings bank or association", 
                            "count": 5, 
                            "value": 567
                        }, 
                        {
                            "name": "Life insurance co., credit union, finance co.", 
                            "count": 3, 
                            "value": 348
                        }, 
                        {
                            "name": "Affiliate institution", 
                            "count": 0, 
                            "value": 0
                        }, 
                        {
                            "name": "Other", 
                            "count": 179, 
                            "value": 11616
                        }
                    ]
                }, 
                {
                    "ethnicitie": "Not Hispanic or Latino", 
                    "purchasers": [
                        {
                            "name": "Fannie Mae", 
                            "count": 602, 
                            "value": 88423
                        }, 
                        {
                            "name": "Ginnie Mae", 
                            "count": 756, 
                            "value": 107258
                        }, 
                        {
                            "name": "Freddie Mac", 
                            "count": 227, 
                            "value": 32662
                        }, 
                        {
                            "name": "Farmer Mac", 
                            "count": 0, 
                            "value": 0
                        }, 
                        {
                            "name": "Private Securitization", 
                            "count": 39, 
                            "value": 6797
                        }, 
                        {
                            "name": "Commercial bank, savings bank or association", 
                            "count": 388, 
                            "value": 60630
                        }, 
                        {
                            "name": "Life insurance co., credit union, finance co.", 
                            "count": 232, 
                            "value": 32135
                        }, 
                        {
                            "name": "Affiliate institution", 
                            "count": 45, 
                            "value": 5171
                        }, 
                        {
                            "name": "Other", 
                            "count": 3781, 
                            "value": 400084
                        }
                    ]
                }, 
                {
                    "ethnicitie": "Not provided", 
                    "purchasers": [
                        {
                            "name": "Fannie Mae", 
                            "count": 28, 
                            "value": 4129
                        }, 
                        {
                            "name": "Ginnie Mae", 
                            "count": 51, 
                            "value": 6508
                        }, 
                        {
                            "name": "Freddie Mac", 
                            "count": 9, 
                            "value": 1284
                        }, 
                        {
                            "name": "Farmer Mac", 
                            "count": 0, 
                            "value": 0
                        }, 
                        {
                            "name": "Private Securitization", 
                            "count": 1, 
                            "value": 95
                        }, 
                        {
                            "name": "Commercial bank, savings bank or association", 
                            "count": 13, 
                            "value": 2390
                        }, 
                        {
                            "name": "Life insurance co., credit union, finance co.", 
                            "count": 16, 
                            "value": 1644
                        }, 
                        {
                            "name": "Affiliate institution", 
                            "count": 1, 
                            "value": 96
                        }, 
                        {
                            "name": "Other", 
                            "count": 377, 
                            "value": 26127
                        }
                    ]
                }, 
                {
                    "ethnicitie": "Not applicable", 
                    "purchasers": [
                        {
                            "name": "Fannie Mae", 
                            "count": 115, 
                            "value": 15737
                        }, 
                        {
                            "name": "Ginnie Mae", 
                            "count": 73, 
                            "value": 53316
                        }, 
                        {
                            "name": "Freddie Mac", 
                            "count": 58, 
                            "value": 7611
                        }, 
                        {
                            "name": "Farmer Mac", 
                            "count": 0, 
                            "value": 0
                        }, 
                        {
                            "name": "Private Securitization", 
                            "count": 3, 
                            "value": 268
                        }, 
                        {
                            "name": "Commercial bank, savings bank or association", 
                            "count": 20, 
                            "value": 2759
                        }, 
                        {
                            "name": "Life insurance co., credit union, finance co.", 
                            "count": 17, 
                            "value": 2327
                        }, 
                        {
                            "name": "Affiliate institution", 
                            "count": 21, 
                            "value": 2614
                        }, 
                        {
                            "name": "Other", 
                            "count": 690, 
                            "value": 72045
                        }
                    ]
                }, 
                {
                    "ethnicitie": "No co-applicant", 
                    "purchasers": [
                        {
                            "name": "Fannie Mae", 
                            "count": 0, 
                            "value": 0
                        }, 
                        {
                            "name": "Ginnie Mae", 
                            "count": 0, 
                            "value": 0
                        }, 
                        {
                            "name": "Freddie Mac", 
                            "count": 0, 
                            "value": 0
                        }, 
                        {
                            "name": "Farmer Mac", 
                            "count": 0, 
                            "value": 0
                        }, 
                        {
                            "name": "Private Securitization", 
                            "count": 0, 
                            "value": 0
                        }, 
                        {
                            "name": "Commercial bank, savings bank or association", 
                            "count": 0, 
                            "value": 0
                        }, 
                        {
                            "name": "Life insurance co., credit union, finance co.", 
                            "count": 0, 
                            "value": 0
                        }, 
                        {
                            "name": "Affiliate institution", 
                            "count": 0, 
                            "value": 0
                        }, 
                        {
                            "name": "Other", 
                            "count": 0, 
                            "value": 0
                        }
                    ]
                }
            ]
        }, 
        {
            "characteristic": "Minority Status", 
            "minoritystatuses": [
                {
                    "minoritystatuse": "White Non-Hispanic", 
                    "purchasers": [
                        {
                            "name": "Fannie Mae", 
                            "count": 686, 
                            "value": 100783
                        }, 
                        {
                            "name": "Ginnie Mae", 
                            "count": 732, 
                            "value": 147661
                        }, 
                        {
                            "name": "Freddie Mac", 
                            "count": 272, 
                            "value": 38734
                        }, 
                        {
                            "name": "Farmer Mac", 
                            "count": 0, 
                            "value": 0
                        }, 
                        {
                            "name": "Private Securitization", 
                            "count": 42, 
                            "value": 7065
                        }, 
                        {
                            "name": "Commercial bank, savings bank or association", 
                            "count": 381, 
                            "value": 59248
                        }, 
                        {
                            "name": "Life insurance co., credit union, finance co.", 
                            "count": 226, 
                            "value": 31798
                        }, 
                        {
                            "name": "Affiliate institution", 
                            "count": 61, 
                            "value": 7233
                        }, 
                        {
                            "name": "Other", 
                            "count": 3950, 
                            "value": 429773
                        }
                    ]
                }, 
                {
                    "minoritystatuse": "Others, Including Hispanic", 
                    "purchasers": [
                        {
                            "name": "Fannie Mae", 
                            "count": 63, 
                            "value": 7914
                        }, 
                        {
                            "name": "Ginnie Mae", 
                            "count": 167, 
                            "value": 21836
                        }, 
                        {
                            "name": "Freddie Mac", 
                            "count": 24, 
                            "value": 3052
                        }, 
                        {
                            "name": "Farmer Mac", 
                            "count": 0, 
                            "value": 0
                        }, 
                        {
                            "name": "Private Securitization", 
                            "count": 1, 
                            "value": 95
                        }, 
                        {
                            "name": "Commercial bank, savings bank or association", 
                            "count": 45, 
                            "value": 7098
                        }, 
                        {
                            "name": "Life insurance co., credit union, finance co.", 
                            "count": 42, 
                            "value": 4656
                        }, 
                        {
                            "name": "Affiliate institution", 
                            "count": 6, 
                            "value": 648
                        }, 
                        {
                            "name": "Other", 
                            "count": 1077, 
                            "value": 80099
                        }
                    ]
                }
            ]
        }, 
        {
            "characteristic": "Applicant Income", 
            "applicantincomes": [
                {
                    "applicantincome": "Less than 50% of MSA/MD median", 
                    "purchasers": [
                        {
                            "name": "Fannie Mae", 
                            "count": 25, 
                            "value": 1900
                        }, 
                        {
                            "name": "Ginnie Mae", 
                            "count": 39, 
                            "value": 3022
                        }, 
                        {
                            "name": "Freddie Mac", 
                            "count": 6, 
                            "value": 528
                        }, 
                        {
                            "name": "Farmer Mac", 
                            "count": 0, 
                            "value": 0
                        }, 
                        {
                            "name": "Private Securitization", 
                            "count": 0, 
                            "value": 0
                        }, 
                        {
                            "name": "Commercial bank, savings bank or association", 
                            "count": 10, 
                            "value": 976
                        }, 
                        {
                            "name": "Life insurance co., credit union, finance co.", 
                            "count": 24, 
                            "value": 1770
                        }, 
                        {
                            "name": "Affiliate institution", 
                            "count": 4, 
                            "value": 462
                        }, 
                        {
                            "name": "Other", 
                            "count": 485, 
                            "value": 24514
                        }
                    ]
                }, 
                {
                    "applicantincome": "50-79% of MSA/MD median", 
                    "purchasers": [
                        {
                            "name": "Fannie Mae", 
                            "count": 96, 
                            "value": 8987
                        }, 
                        {
                            "name": "Ginnie Mae", 
                            "count": 166, 
                            "value": 18212
                        }, 
                        {
                            "name": "Freddie Mac", 
                            "count": 34, 
                            "value": 3209
                        }, 
                        {
                            "name": "Farmer Mac", 
                            "count": 0, 
                            "value": 0
                        }, 
                        {
                            "name": "Private Securitization", 
                            "count": 4, 
                            "value": 451
                        }, 
                        {
                            "name": "Commercial bank, savings bank or association", 
                            "count": 63, 
                            "value": 6872
                        }, 
                        {
                            "name": "Life insurance co., credit union, finance co.", 
                            "count": 54, 
                            "value": 5477
                        }, 
                        {
                            "name": "Affiliate institution", 
                            "count": 16, 
                            "value": 1431
                        }, 
                        {
                            "name": "Other", 
                            "count": 927, 
                            "value": 62729
                        }
                    ]
                }, 
                {
                    "applicantincome": "80-99% of MSA/MD median", 
                    "purchasers": [
                        {
                            "name": "Fannie Mae", 
                            "count": 79, 
                            "value": 9179
                        }, 
                        {
                            "name": "Ginnie Mae", 
                            "count": 117, 
                            "value": 15935
                        }, 
                        {
                            "name": "Freddie Mac", 
                            "count": 34, 
                            "value": 3395
                        }, 
                        {
                            "name": "Farmer Mac", 
                            "count": 0, 
                            "value": 0
                        }, 
                        {
                            "name": "Private Securitization", 
                            "count": 6, 
                            "value": 842
                        }, 
                        {
                            "name": "Commercial bank, savings bank or association", 
                            "count": 55, 
                            "value": 7348
                        }, 
                        {
                            "name": "Life insurance co., credit union, finance co.", 
                            "count": 33, 
                            "value": 4200
                        }, 
                        {
                            "name": "Affiliate institution", 
                            "count": 6, 
                            "value": 529
                        }, 
                        {
                            "name": "Other", 
                            "count": 576, 
                            "value": 49395
                        }
                    ]
                }, 
                {
                    "applicantincome": "100-119% of MSA/MD median", 
                    "purchasers": [
                        {
                            "name": "Fannie Mae", 
                            "count": 86, 
                            "value": 10909
                        }, 
                        {
                            "name": "Ginnie Mae", 
                            "count": 111, 
                            "value": 15786
                        }, 
                        {
                            "name": "Freddie Mac", 
                            "count": 37, 
                            "value": 4556
                        }, 
                        {
                            "name": "Farmer Mac", 
                            "count": 0, 
                            "value": 0
                        }, 
                        {
                            "name": "Private Securitization", 
                            "count": 5, 
                            "value": 571
                        }, 
                        {
                            "name": "Commercial bank, savings bank or association", 
                            "count": 59, 
                            "value": 8421
                        }, 
                        {
                            "name": "Life insurance co., credit union, finance co.", 
                            "count": 33, 
                            "value": 4599
                        }, 
                        {
                            "name": "Affiliate institution", 
                            "count": 8, 
                            "value": 914
                        }, 
                        {
                            "name": "Other", 
                            "count": 437, 
                            "value": 40871
                        }
                    ]
                }, 
                {
                    "applicantincome": "120% or more of MSA/MD median", 
                    "purchasers": [
                        {
                            "name": "Fannie Mae", 
                            "count": 427, 
                            "value": 72388
                        }, 
                        {
                            "name": "Ginnie Mae", 
                            "count": 275, 
                            "value": 47444
                        }, 
                        {
                            "name": "Freddie Mac", 
                            "count": 148, 
                            "value": 25072
                        }, 
                        {
                            "name": "Farmer Mac", 
                            "count": 0, 
                            "value": 0
                        }, 
                        {
                            "name": "Private Securitization", 
                            "count": 27, 
                            "value": 5216
                        }, 
                        {
                            "name": "Commercial bank, savings bank or association", 
                            "count": 222, 
                            "value": 40320
                        }, 
                        {
                            "name": "Life insurance co., credit union, finance co.", 
                            "count": 98, 
                            "value": 16059
                        }, 
                        {
                            "name": "Affiliate institution", 
                            "count": 30, 
                            "value": 4108
                        }, 
                        {
                            "name": "Other", 
                            "count": 2070, 
                            "value": 271215
                        }
                    ]
                }, 
                {
                    "applicantincome": "income not available", 
                    "purchasers": [
                        {
                            "name": "Fannie Mae", 
                            "count": 36, 
                            "value": 5334
                        }, 
                        {
                            "name": "Ginnie Mae", 
                            "count": 191, 
                            "value": 69098
                        }, 
                        {
                            "name": "Freddie Mac", 
                            "count": 37, 
                            "value": 5026
                        }, 
                        {
                            "name": "Farmer Mac", 
                            "count": 0, 
                            "value": 0
                        }, 
                        {
                            "name": "Private Securitization", 
                            "count": 1, 
                            "value": 80
                        }, 
                        {
                            "name": "Commercial bank, savings bank or association", 
                            "count": 17, 
                            "value": 2409
                        }, 
                        {
                            "name": "Life insurance co., credit union, finance co.", 
                            "count": 26, 
                            "value": 4349
                        }, 
                        {
                            "name": "Affiliate institution", 
                            "count": 3, 
                            "value": 437
                        }, 
                        {
                            "name": "Other", 
                            "count": 532, 
                            "value": 61148
                        }
                    ]
                }
            ]
        }
    ], 
    "censuscharacteristics": [
        {
            "characteristic": "Racial/Ethnic Composition", 
            "tractpctminority": [
                {
                    "tractpctminorit": "Less than 10% minority", 
                    "purchasers": [
                        {
                            "name": "Fannie Mae", 
                            "count": 0, 
                            "value": 0
                        }, 
                        {
                            "name": "Ginnie Mae", 
                            "count": 0, 
                            "value": 0
                        }, 
                        {
                            "name": "Freddie Mac", 
                            "count": 0, 
                            "value": 0
                        }, 
                        {
                            "name": "Farmer Mac", 
                            "count": 0, 
                            "value": 0
                        }, 
                        {
                            "name": "Private Securitization", 
                            "count": 0, 
                            "value": 0
                        }, 
                        {
                            "name": "Commercial bank, savings bank or association", 
                            "count": 0, 
                            "value": 0
                        }, 
                        {
                            "name": "Life insurance co., credit union, finance co.", 
                            "count": 0, 
                            "value": 0
                        }, 
                        {
                            "name": "Affiliate institution", 
                            "count": 0, 
                            "value": 0
                        }, 
                        {
                            "name": "Other", 
                            "count": 0, 
                            "value": 0
                        }
                    ]
                }, 
                {
                    "tractpctminorit": "10-19% minority", 
                    "purchasers": [
                        {
                            "name": "Fannie Mae", 
                            "count": 712, 
                            "value": 103959
                        }, 
                        {
                            "name": "Ginnie Mae", 
                            "count": 845, 
                            "value": 163239
                        }, 
                        {
                            "name": "Freddie Mac", 
                            "count": 281, 
                            "value": 39838
                        }, 
                        {
                            "name": "Farmer Mac", 
                            "count": 0, 
                            "value": 0
                        }, 
                        {
                            "name": "Private Securitization", 
                            "count": 39, 
                            "value": 6649
                        }, 
                        {
                            "name": "Commercial bank, savings bank or association", 
                            "count": 408, 
                            "value": 63687
                        }, 
                        {
                            "name": "Life insurance co., credit union, finance co.", 
                            "count": 246, 
                            "value": 34522
                        }, 
                        {
                            "name": "Affiliate institution", 
                            "count": 64, 
                            "value": 7522
                        }, 
                        {
                            "name": "Other", 
                            "count": 4502, 
                            "value": 464747
                        }
                    ]
                }, 
                {
                    "tractpctminorit": "20-49% minority", 
                    "purchasers": [
                        {
                            "name": "Fannie Mae", 
                            "count": 30, 
                            "value": 4326
                        }, 
                        {
                            "name": "Ginnie Mae", 
                            "count": 42, 
                            "value": 5197
                        }, 
                        {
                            "name": "Freddie Mac", 
                            "count": 14, 
                            "value": 1807
                        }, 
                        {
                            "name": "Farmer Mac", 
                            "count": 0, 
                            "value": 0
                        }, 
                        {
                            "name": "Private Securitization", 
                            "count": 3, 
                            "value": 431
                        }, 
                        {
                            "name": "Commercial bank, savings bank or association", 
                            "count": 16, 
                            "value": 2481
                        }, 
                        {
                            "name": "Life insurance co., credit union, finance co.", 
                            "count": 18, 
                            "value": 1627
                        }, 
                        {
                            "name": "Affiliate institution", 
                            "count": 3, 
                            "value": 359
                        }, 
                        {
                            "name": "Other", 
                            "count": 384, 
                            "value": 37464
                        }
                    ]
                }, 
                {
                    "tractpctminorit": "50-79% minority", 
                    "purchasers": [
                        {
                            "name": "Fannie Mae", 
                            "count": 7, 
                            "value": 412
                        }, 
                        {
                            "name": "Ginnie Mae", 
                            "count": 12, 
                            "value": 1061
                        }, 
                        {
                            "name": "Freddie Mac", 
                            "count": 1, 
                            "value": 141
                        }, 
                        {
                            "name": "Farmer Mac", 
                            "count": 0, 
                            "value": 0
                        }, 
                        {
                            "name": "Private Securitization", 
                            "count": 1, 
                            "value": 80
                        }, 
                        {
                            "name": "Commercial bank, savings bank or association", 
                            "count": 2, 
                            "value": 178
                        }, 
                        {
                            "name": "Life insurance co., credit union, finance co.", 
                            "count": 4, 
                            "value": 305
                        }, 
                        {
                            "name": "Affiliate institution", 
                            "count": 0, 
                            "value": 0
                        }, 
                        {
                            "name": "Other", 
                            "count": 141, 
                            "value": 7661
                        }
                    ]
                }, 
                {
                    "tractpctminorit": "80-100% minority", 
                    "purchasers": [
                        {
                            "name": "Fannie Mae", 
                            "count": 0, 
                            "value": 0
                        }, 
                        {
                            "name": "Ginnie Mae", 
                            "count": 0, 
                            "value": 0
                        }, 
                        {
                            "name": "Freddie Mac", 
                            "count": 0, 
                            "value": 0
                        }, 
                        {
                            "name": "Farmer Mac", 
                            "count": 0, 
                            "value": 0
                        }, 
                        {
                            "name": "Private Securitization", 
                            "count": 0, 
                            "value": 0
                        }, 
                        {
                            "name": "Commercial bank, savings bank or association", 
                            "count": 0, 
                            "value": 0
                        }, 
                        {
                            "name": "Life insurance co., credit union, finance co.", 
                            "count": 0, 
                            "value": 0
                        }, 
                        {
                            "name": "Affiliate institution", 
                            "count": 0, 
                            "value": 0
                        }, 
                        {
                            "name": "Other", 
                            "count": 0, 
                            "value": 0
                        }
                    ]
                }
            ]
        }, 
        {
            "characteristic": "Income", 
            "incomelevel": [
                {
                    "incomeleve": "Low income", 
                    "purchasers": [
                        {
                            "name": "Fannie Mae", 
                            "count": 1, 
                            "value": 28
                        }, 
                        {
                            "name": "Ginnie Mae", 
                            "count": 1, 
                            "value": 86
                        }, 
                        {
                            "name": "Freddie Mac", 
                            "count": 0, 
                            "value": 0
                        }, 
                        {
                            "name": "Farmer Mac", 
                            "count": 0, 
                            "value": 0
                        }, 
                        {
                            "name": "Private Securitization", 
                            "count": 0, 
                            "value": 0
                        }, 
                        {
                            "name": "Commercial bank, savings bank or association", 
                            "count": 0, 
                            "value": 0
                        }, 
                        {
                            "name": "Life insurance co., credit union, finance co.", 
                            "count": 1, 
                            "value": 86
                        }, 
                        {
                            "name": "Affiliate institution", 
                            "count": 0, 
                            "value": 0
                        }, 
                        {
                            "name": "Other", 
                            "count": 27, 
                            "value": 1073
                        }
                    ]
                }, 
                {
                    "incomeleve": "Moderate income", 
                    "purchasers": [
                        {
                            "name": "Fannie Mae", 
                            "count": 15, 
                            "value": 1467
                        }, 
                        {
                            "name": "Ginnie Mae", 
                            "count": 39, 
                            "value": 3651
                        }, 
                        {
                            "name": "Freddie Mac", 
                            "count": 10, 
                            "value": 1196
                        }, 
                        {
                            "name": "Farmer Mac", 
                            "count": 0, 
                            "value": 0
                        }, 
                        {
                            "name": "Private Securitization", 
                            "count": 3, 
                            "value": 268
                        }, 
                        {
                            "name": "Commercial bank, savings bank or association", 
                            "count": 12, 
                            "value": 1430
                        }, 
                        {
                            "name": "Life insurance co., credit union, finance co.", 
                            "count": 16, 
                            "value": 1245
                        }, 
                        {
                            "name": "Affiliate institution", 
                            "count": 1, 
                            "value": 78
                        }, 
                        {
                            "name": "Other", 
                            "count": 377, 
                            "value": 25812
                        }
                    ]
                }, 
                {
                    "incomeleve": "Middle income", 
                    "purchasers": [
                        {
                            "name": "Fannie Mae", 
                            "count": 424, 
                            "value": 56517
                        }, 
                        {
                            "name": "Ginnie Mae", 
                            "count": 598, 
                            "value": 80933
                        }, 
                        {
                            "name": "Freddie Mac", 
                            "count": 155, 
                            "value": 19380
                        }, 
                        {
                            "name": "Farmer Mac", 
                            "count": 0, 
                            "value": 0
                        }, 
                        {
                            "name": "Private Securitization", 
                            "count": 37, 
                            "value": 6029
                        }, 
                        {
                            "name": "Commercial bank, savings bank or association", 
                            "count": 260, 
                            "value": 37925
                        }, 
                        {
                            "name": "Life insurance co., credit union, finance co.", 
                            "count": 171, 
                            "value": 22615
                        }, 
                        {
                            "name": "Affiliate institution", 
                            "count": 40, 
                            "value": 4542
                        }, 
                        {
                            "name": "Other", 
                            "count": 3541, 
                            "value": 337328
                        }
                    ]
                }, 
                {
                    "incomeleve": "Upper income", 
                    "purchasers": [
                        {
                            "name": "Fannie Mae", 
                            "count": 309, 
                            "value": 50685
                        }, 
                        {
                            "name": "Ginnie Mae", 
                            "count": 261, 
                            "value": 84827
                        }, 
                        {
                            "name": "Freddie Mac", 
                            "count": 131, 
                            "value": 21210
                        }, 
                        {
                            "name": "Farmer Mac", 
                            "count": 0, 
                            "value": 0
                        }, 
                        {
                            "name": "Private Securitization", 
                            "count": 3, 
                            "value": 863
                        }, 
                        {
                            "name": "Commercial bank, savings bank or association", 
                            "count": 154, 
                            "value": 26991
                        }, 
                        {
                            "name": "Life insurance co., credit union, finance co.", 
                            "count": 80, 
                            "value": 12508
                        }, 
                        {
                            "name": "Affiliate institution", 
                            "count": 26, 
                            "value": 3261
                        }, 
                        {
                            "name": "Other", 
                            "count": 1080, 
                            "value": 145233
                        }
                    ]
                }
            ]
        }
    ], 
    "total": {
        "purchasers": [
            {
                "name": "Fannie Mae", 
                "count": 749, 
                "value": 108697
            }, 
            {
                "name": "Ginnie Mae", 
                "count": 899, 
                "value": 169497
            }, 
            {
                "name": "Freddie Mac", 
                "count": 296, 
                "value": 41786
            }, 
            {
                "name": "Farmer Mac", 
                "count": 0, 
                "value": 0
            }, 
            {
                "name": "Private Securitization", 
                "count": 43, 
                "value": 7160
            }, 
            {
                "name": "Commercial bank, savings bank or association", 
                "count": 426, 
                "value": 66346
            }, 
            {
                "name": "Life insurance co., credit union, finance co.", 
                "count": 268, 
                "value": 36454
            }, 
            {
                "name": "Affiliate institution", 
                "count": 67, 
                "value": 7881
            }, 
            {
                "name": "Other", 
                "count": 5027, 
                "value": 509872
            }
        ]
    }
}