{
    "table": "3-1", 
    "type": "Aggregate", 
    "desc": "Loans sold, by characteristics of borrower and census tract in which property is located and by type of purchaser (includes originations and purchased loans),", 
    "year": "2012", 
    "msa": {
        "id": "10500", 
        "name": "Albany", 
        "state": "GA", 
        "state_name": "Georgia"
    }, 
    "borrowercharacteristics": [
        {
            "characteristic": "Race", 
            "races": [
                {
                    "race": "American Indian/Alaska Native", 
                    "purchasers": [
                        {
                            "name": "Fannie Mae", 
                            "count": 1, 
                            "value": 51.0
                        }, 
                        {
                            "name": "Ginnie Mae", 
                            "count": 3, 
                            "value": 167.0
                        }, 
                        {
                            "name": "Freddie Mac", 
                            "count": 0, 
                            "value": 0
                        }, 
                        {
                            "name": "Farmer Mac", 
                            "count": 0, 
                            "value": 0
                        }, 
                        {
                            "name": "Private Securitization", 
                            "count": 0, 
                            "value": 0
                        }, 
                        {
                            "name": "Commercial bank, savings bank or association", 
                            "count": 0, 
                            "value": 0
                        }, 
                        {
                            "name": "Life insurance co., credit union, finance co.", 
                            "count": 0, 
                            "value": 0
                        }, 
                        {
                            "name": "Affiliate institution", 
                            "count": 1, 
                            "value": 103.0
                        }, 
                        {
                            "name": "Other", 
                            "count": 5, 
                            "value": 431.0
                        }
                    ]
                }, 
                {
                    "race": "Asian", 
                    "purchasers": [
                        {
                            "name": "Fannie Mae", 
                            "count": 2, 
                            "value": 321.0
                        }, 
                        {
                            "name": "Ginnie Mae", 
                            "count": 1, 
                            "value": 245.0
                        }, 
                        {
                            "name": "Freddie Mac", 
                            "count": 0, 
                            "value": 0
                        }, 
                        {
                            "name": "Farmer Mac", 
                            "count": 0, 
                            "value": 0
                        }, 
                        {
                            "name": "Private Securitization", 
                            "count": 0, 
                            "value": 0
                        }, 
                        {
                            "name": "Commercial bank, savings bank or association", 
                            "count": 0, 
                            "value": 0
                        }, 
                        {
                            "name": "Life insurance co., credit union, finance co.", 
                            "count": 0, 
                            "value": 0
                        }, 
                        {
                            "name": "Affiliate institution", 
                            "count": 0, 
                            "value": 0
                        }, 
                        {
                            "name": "Other", 
                            "count": 10, 
                            "value": 779.0
                        }
                    ]
                }, 
                {
                    "race": "Black or African American", 
                    "purchasers": [
                        {
                            "name": "Fannie Mae", 
                            "count": 9, 
                            "value": 1498.0
                        }, 
                        {
                            "name": "Ginnie Mae", 
                            "count": 5, 
                            "value": 863.0
                        }, 
                        {
                            "name": "Freddie Mac", 
                            "count": 4, 
                            "value": 651.0
                        }, 
                        {
                            "name": "Farmer Mac", 
                            "count": 0, 
                            "value": 0
                        }, 
                        {
                            "name": "Private Securitization", 
                            "count": 1, 
                            "value": 158.0
                        }, 
                        {
                            "name": "Commercial bank, savings bank or association", 
                            "count": 5, 
                            "value": 799.0
                        }, 
                        {
                            "name": "Life insurance co., credit union, finance co.", 
                            "count": 2, 
                            "value": 444.0
                        }, 
                        {
                            "name": "Affiliate institution", 
                            "count": 1, 
                            "value": 151.0
                        }, 
                        {
                            "name": "Other", 
                            "count": 34, 
                            "value": 5623.0
                        }
                    ]
                }, 
                {
                    "race": "Native Hawaiian or Other Pacific Islander", 
                    "purchasers": [
                        {
                            "name": "Fannie Mae", 
                            "count": 60, 
                            "value": 7973.0
                        }, 
                        {
                            "name": "Ginnie Mae", 
                            "count": 225, 
                            "value": 30206.0
                        }, 
                        {
                            "name": "Freddie Mac", 
                            "count": 37, 
                            "value": 4967.0
                        }, 
                        {
                            "name": "Farmer Mac", 
                            "count": 0, 
                            "value": 0
                        }, 
                        {
                            "name": "Private Securitization", 
                            "count": 3, 
                            "value": 322.0
                        }, 
                        {
                            "name": "Commercial bank, savings bank or association", 
                            "count": 73, 
                            "value": 9694.0
                        }, 
                        {
                            "name": "Life insurance co., credit union, finance co.", 
                            "count": 14, 
                            "value": 1701.0
                        }, 
                        {
                            "name": "Affiliate institution", 
                            "count": 7, 
                            "value": 605.0
                        }, 
                        {
                            "name": "Other", 
                            "count": 1197, 
                            "value": 87546.0
                        }
                    ]
                }, 
                {
                    "race": "White", 
                    "purchasers": [
                        {
                            "name": "Fannie Mae", 
                            "count": 1, 
                            "value": 67.0
                        }, 
                        {
                            "name": "Ginnie Mae", 
                            "count": 2, 
                            "value": 310.0
                        }, 
                        {
                            "name": "Freddie Mac", 
                            "count": 0, 
                            "value": 0
                        }, 
                        {
                            "name": "Farmer Mac", 
                            "count": 0, 
                            "value": 0
                        }, 
                        {
                            "name": "Private Securitization", 
                            "count": 0, 
                            "value": 0
                        }, 
                        {
                            "name": "Commercial bank, savings bank or association", 
                            "count": 3, 
                            "value": 420.0
                        }, 
                        {
                            "name": "Life insurance co., credit union, finance co.", 
                            "count": 0, 
                            "value": 0
                        }, 
                        {
                            "name": "Affiliate institution", 
                            "count": 1, 
                            "value": 136.0
                        }, 
                        {
                            "name": "Other", 
                            "count": 5, 
                            "value": 762.0
                        }
                    ]
                }, 
                {
                    "race": "2 or more minority races", 
                    "purchasers": [
                        {
                            "name": "Fannie Mae", 
                            "count": 418, 
                            "value": 58935.0
                        }, 
                        {
                            "name": "Ginnie Mae", 
                            "count": 409, 
                            "value": 61539.0
                        }, 
                        {
                            "name": "Freddie Mac", 
                            "count": 230, 
                            "value": 34789.0
                        }, 
                        {
                            "name": "Farmer Mac", 
                            "count": 0, 
                            "value": 0
                        }, 
                        {
                            "name": "Private Securitization", 
                            "count": 54, 
                            "value": 8703.0
                        }, 
                        {
                            "name": "Commercial bank, savings bank or association", 
                            "count": 348, 
                            "value": 52840.0
                        }, 
                        {
                            "name": "Life insurance co., credit union, finance co.", 
                            "count": 51, 
                            "value": 7942.0
                        }, 
                        {
                            "name": "Affiliate institution", 
                            "count": 36, 
                            "value": 3414.0
                        }, 
                        {
                            "name": "Other", 
                            "count": 1740, 
                            "value": 186940.0
                        }
                    ]
                }, 
                {
                    "race": "Joint (White/Minority Race", 
                    "purchasers": [
                        {
                            "name": "Fannie Mae", 
                            "count": 5, 
                            "value": 762.0
                        }, 
                        {
                            "name": "Ginnie Mae", 
                            "count": 7, 
                            "value": 1065.0
                        }, 
                        {
                            "name": "Freddie Mac", 
                            "count": 3, 
                            "value": 421.0
                        }, 
                        {
                            "name": "Farmer Mac", 
                            "count": 0, 
                            "value": 0
                        }, 
                        {
                            "name": "Private Securitization", 
                            "count": 1, 
                            "value": 184.0
                        }, 
                        {
                            "name": "Commercial bank, savings bank or association", 
                            "count": 1, 
                            "value": 153.0
                        }, 
                        {
                            "name": "Life insurance co., credit union, finance co.", 
                            "count": 1, 
                            "value": 188.0
                        }, 
                        {
                            "name": "Affiliate institution", 
                            "count": 1, 
                            "value": 48.0
                        }, 
                        {
                            "name": "Other", 
                            "count": 20, 
                            "value": 2757.0
                        }
                    ]
                }, 
                {
                    "race": "Not Available", 
                    "purchasers": [
                        {
                            "name": "Fannie Mae", 
                            "count": 146, 
                            "value": 20294.0
                        }, 
                        {
                            "name": "Ginnie Mae", 
                            "count": 112, 
                            "value": 16696.0
                        }, 
                        {
                            "name": "Freddie Mac", 
                            "count": 53, 
                            "value": 8158.0
                        }, 
                        {
                            "name": "Farmer Mac", 
                            "count": 0, 
                            "value": 0
                        }, 
                        {
                            "name": "Private Securitization", 
                            "count": 1, 
                            "value": 85.0
                        }, 
                        {
                            "name": "Commercial bank, savings bank or association", 
                            "count": 29, 
                            "value": 4526.0
                        }, 
                        {
                            "name": "Life insurance co., credit union, finance co.", 
                            "count": 6, 
                            "value": 1227.0
                        }, 
                        {
                            "name": "Affiliate institution", 
                            "count": 22, 
                            "value": 3602.0
                        }, 
                        {
                            "name": "Other", 
                            "count": 620, 
                            "value": 93665.0
                        }
                    ]
                }
            ]
        }, 
        {
            "characteristic": "Ethnicity", 
            "ethnicities": [
                {
                    "ethnicity": "Hispanic or Latino", 
                    "purchasers": [
                        {
                            "name": "Fannie Mae", 
                            "count": 4, 
                            "value": 435
                        }, 
                        {
                            "name": "Ginnie Mae", 
                            "count": 4, 
                            "value": 669
                        }, 
                        {
                            "name": "Freddie Mac", 
                            "count": 4, 
                            "value": 355
                        }, 
                        {
                            "name": "Farmer Mac", 
                            "count": 0, 
                            "value": 0
                        }, 
                        {
                            "name": "Private Securitization", 
                            "count": 0, 
                            "value": 0
                        }, 
                        {
                            "name": "Commercial bank, savings bank or association", 
                            "count": 4, 
                            "value": 617
                        }, 
                        {
                            "name": "Life insurance co., credit union, finance co.", 
                            "count": 0, 
                            "value": 0
                        }, 
                        {
                            "name": "Affiliate institution", 
                            "count": 0, 
                            "value": 0
                        }, 
                        {
                            "name": "Other", 
                            "count": 41, 
                            "value": 3526
                        }
                    ]
                }, 
                {
                    "ethnicity": "Not Hispanic or Latino", 
                    "purchasers": [
                        {
                            "name": "Fannie Mae", 
                            "count": 489, 
                            "value": 69212
                        }, 
                        {
                            "name": "Ginnie Mae", 
                            "count": 638, 
                            "value": 91460
                        }, 
                        {
                            "name": "Freddie Mac", 
                            "count": 264, 
                            "value": 39467
                        }, 
                        {
                            "name": "Farmer Mac", 
                            "count": 0, 
                            "value": 0
                        }, 
                        {
                            "name": "Private Securitization", 
                            "count": 59, 
                            "value": 9367
                        }, 
                        {
                            "name": "Commercial bank, savings bank or association", 
                            "count": 423, 
                            "value": 63143
                        }, 
                        {
                            "name": "Life insurance co., credit union, finance co.", 
                            "count": 67, 
                            "value": 9752
                        }, 
                        {
                            "name": "Affiliate institution", 
                            "count": 47, 
                            "value": 4676
                        }, 
                        {
                            "name": "Other", 
                            "count": 2890, 
                            "value": 276812
                        }
                    ]
                }, 
                {
                    "ethnicity": "Joint (Hispanic or Latino/Not Hispanic or Latino", 
                    "purchasers": [
                        {
                            "name": "Fannie Mae", 
                            "count": 2, 
                            "value": 291
                        }, 
                        {
                            "name": "Ginnie Mae", 
                            "count": 3, 
                            "value": 694
                        }, 
                        {
                            "name": "Freddie Mac", 
                            "count": 1, 
                            "value": 226
                        }, 
                        {
                            "name": "Farmer Mac", 
                            "count": 0, 
                            "value": 0
                        }, 
                        {
                            "name": "Private Securitization", 
                            "count": 0, 
                            "value": 0
                        }, 
                        {
                            "name": "Commercial bank, savings bank or association", 
                            "count": 1, 
                            "value": 109
                        }, 
                        {
                            "name": "Life insurance co., credit union, finance co.", 
                            "count": 1, 
                            "value": 523
                        }, 
                        {
                            "name": "Affiliate institution", 
                            "count": 0, 
                            "value": 0
                        }, 
                        {
                            "name": "Other", 
                            "count": 10, 
                            "value": 1468
                        }
                    ]
                }, 
                {
                    "ethnicity": "Ethnicity Not Available", 
                    "purchasers": [
                        {
                            "name": "Fannie Mae", 
                            "count": 147, 
                            "value": 19963
                        }, 
                        {
                            "name": "Ginnie Mae", 
                            "count": 119, 
                            "value": 18268
                        }, 
                        {
                            "name": "Freddie Mac", 
                            "count": 58, 
                            "value": 8938
                        }, 
                        {
                            "name": "Farmer Mac", 
                            "count": 0, 
                            "value": 0
                        }, 
                        {
                            "name": "Private Securitization", 
                            "count": 1, 
                            "value": 85
                        }, 
                        {
                            "name": "Commercial bank, savings bank or association", 
                            "count": 31, 
                            "value": 4563
                        }, 
                        {
                            "name": "Life insurance co., credit union, finance co.", 
                            "count": 6, 
                            "value": 1227
                        }, 
                        {
                            "name": "Affiliate institution", 
                            "count": 22, 
                            "value": 3383
                        }, 
                        {
                            "name": "Other", 
                            "count": 690, 
                            "value": 96697
                        }
                    ]
                }
            ]
        }, 
        {
            "characteristic": "Minority Status", 
            "minoritystatuses": [
                {
                    "minoritystatus": "White Non-Hispanic", 
                    "purchasers": [
                        {
                            "name": "Fannie Mae", 
                            "count": 559, 
                            "value": 78570
                        }, 
                        {
                            "name": "Ginnie Mae", 
                            "count": 518, 
                            "value": 77461
                        }, 
                        {
                            "name": "Freddie Mac", 
                            "count": 279, 
                            "value": 42437
                        }, 
                        {
                            "name": "Farmer Mac", 
                            "count": 0, 
                            "value": 0
                        }, 
                        {
                            "name": "Private Securitization", 
                            "count": 55, 
                            "value": 8788
                        }, 
                        {
                            "name": "Commercial bank, savings bank or association", 
                            "count": 373, 
                            "value": 56700
                        }, 
                        {
                            "name": "Life insurance co., credit union, finance co.", 
                            "count": 56, 
                            "value": 8646
                        }, 
                        {
                            "name": "Affiliate institution", 
                            "count": 58, 
                            "value": 7016
                        }, 
                        {
                            "name": "Other", 
                            "count": 2325, 
                            "value": 276497
                        }
                    ]
                }, 
                {
                    "minoritystatus": "Others, Including Hispanic", 
                    "purchasers": [
                        {
                            "name": "Fannie Mae", 
                            "count": 83, 
                            "value": 11331
                        }, 
                        {
                            "name": "Ginnie Mae", 
                            "count": 246, 
                            "value": 33630
                        }, 
                        {
                            "name": "Freddie Mac", 
                            "count": 48, 
                            "value": 6549
                        }, 
                        {
                            "name": "Farmer Mac", 
                            "count": 0, 
                            "value": 0
                        }, 
                        {
                            "name": "Private Securitization", 
                            "count": 5, 
                            "value": 664
                        }, 
                        {
                            "name": "Commercial bank, savings bank or association", 
                            "count": 86, 
                            "value": 11732
                        }, 
                        {
                            "name": "Life insurance co., credit union, finance co.", 
                            "count": 18, 
                            "value": 2856
                        }, 
                        {
                            "name": "Affiliate institution", 
                            "count": 11, 
                            "value": 1043
                        }, 
                        {
                            "name": "Other", 
                            "count": 1306, 
                            "value": 102006
                        }
                    ]
                }
            ]
        }, 
        {
            "characteristic": "Applicant Income", 
            "applicantincomes": [
                {
                    "applicantincome": "Less than 50% of MSA/MD median", 
                    "purchasers": [
                        {
                            "name": "Fannie Mae", 
                            "count": 22, 
                            "value": 1984
                        }, 
                        {
                            "name": "Ginnie Mae", 
                            "count": 17, 
                            "value": 1196
                        }, 
                        {
                            "name": "Freddie Mac", 
                            "count": 7, 
                            "value": 581
                        }, 
                        {
                            "name": "Farmer Mac", 
                            "count": 0, 
                            "value": 0
                        }, 
                        {
                            "name": "Private Securitization", 
                            "count": 2, 
                            "value": 194
                        }, 
                        {
                            "name": "Commercial bank, savings bank or association", 
                            "count": 15, 
                            "value": 1187
                        }, 
                        {
                            "name": "Life insurance co., credit union, finance co.", 
                            "count": 6, 
                            "value": 553
                        }, 
                        {
                            "name": "Affiliate institution", 
                            "count": 5, 
                            "value": 439
                        }, 
                        {
                            "name": "Other", 
                            "count": 444, 
                            "value": 15720
                        }
                    ]
                }, 
                {
                    "applicantincome": "50-79% of MSA/MD median", 
                    "purchasers": [
                        {
                            "name": "Fannie Mae", 
                            "count": 64, 
                            "value": 5695
                        }, 
                        {
                            "name": "Ginnie Mae", 
                            "count": 94, 
                            "value": 9414
                        }, 
                        {
                            "name": "Freddie Mac", 
                            "count": 31, 
                            "value": 2990
                        }, 
                        {
                            "name": "Farmer Mac", 
                            "count": 0, 
                            "value": 0
                        }, 
                        {
                            "name": "Private Securitization", 
                            "count": 11, 
                            "value": 1183
                        }, 
                        {
                            "name": "Commercial bank, savings bank or association", 
                            "count": 71, 
                            "value": 7439
                        }, 
                        {
                            "name": "Life insurance co., credit union, finance co.", 
                            "count": 8, 
                            "value": 866
                        }, 
                        {
                            "name": "Affiliate institution", 
                            "count": 5, 
                            "value": 348
                        }, 
                        {
                            "name": "Other", 
                            "count": 597, 
                            "value": 33352
                        }
                    ]
                }, 
                {
                    "applicantincome": "80-99% of MSA/MD median", 
                    "purchasers": [
                        {
                            "name": "Fannie Mae", 
                            "count": 61, 
                            "value": 6978
                        }, 
                        {
                            "name": "Ginnie Mae", 
                            "count": 97, 
                            "value": 12337
                        }, 
                        {
                            "name": "Freddie Mac", 
                            "count": 36, 
                            "value": 3884
                        }, 
                        {
                            "name": "Farmer Mac", 
                            "count": 0, 
                            "value": 0
                        }, 
                        {
                            "name": "Private Securitization", 
                            "count": 8, 
                            "value": 950
                        }, 
                        {
                            "name": "Commercial bank, savings bank or association", 
                            "count": 67, 
                            "value": 8342
                        }, 
                        {
                            "name": "Life insurance co., credit union, finance co.", 
                            "count": 9, 
                            "value": 1272
                        }, 
                        {
                            "name": "Affiliate institution", 
                            "count": 8, 
                            "value": 767
                        }, 
                        {
                            "name": "Other", 
                            "count": 356, 
                            "value": 26121
                        }
                    ]
                }, 
                {
                    "applicantincome": "100-119% of MSA/MD median", 
                    "purchasers": [
                        {
                            "name": "Fannie Mae", 
                            "count": 82, 
                            "value": 8716
                        }, 
                        {
                            "name": "Ginnie Mae", 
                            "count": 66, 
                            "value": 9191
                        }, 
                        {
                            "name": "Freddie Mac", 
                            "count": 34, 
                            "value": 4269
                        }, 
                        {
                            "name": "Farmer Mac", 
                            "count": 0, 
                            "value": 0
                        }, 
                        {
                            "name": "Private Securitization", 
                            "count": 6, 
                            "value": 692
                        }, 
                        {
                            "name": "Commercial bank, savings bank or association", 
                            "count": 53, 
                            "value": 6767
                        }, 
                        {
                            "name": "Life insurance co., credit union, finance co.", 
                            "count": 4, 
                            "value": 532
                        }, 
                        {
                            "name": "Affiliate institution", 
                            "count": 9, 
                            "value": 675
                        }, 
                        {
                            "name": "Other", 
                            "count": 301, 
                            "value": 25157
                        }
                    ]
                }, 
                {
                    "applicantincome": "120% or more of MSA/MD median", 
                    "purchasers": [
                        {
                            "name": "Fannie Mae", 
                            "count": 370, 
                            "value": 60852
                        }, 
                        {
                            "name": "Ginnie Mae", 
                            "count": 234, 
                            "value": 40902
                        }, 
                        {
                            "name": "Freddie Mac", 
                            "count": 183, 
                            "value": 31857
                        }, 
                        {
                            "name": "Farmer Mac", 
                            "count": 0, 
                            "value": 0
                        }, 
                        {
                            "name": "Private Securitization", 
                            "count": 33, 
                            "value": 6433
                        }, 
                        {
                            "name": "Commercial bank, savings bank or association", 
                            "count": 225, 
                            "value": 40774
                        }, 
                        {
                            "name": "Life insurance co., credit union, finance co.", 
                            "count": 38, 
                            "value": 7006
                        }, 
                        {
                            "name": "Affiliate institution", 
                            "count": 39, 
                            "value": 5307
                        }, 
                        {
                            "name": "Other", 
                            "count": 1367, 
                            "value": 191291
                        }
                    ]
                }, 
                {
                    "applicantincome": "income not available", 
                    "purchasers": [
                        {
                            "name": "Fannie Mae", 
                            "count": 43, 
                            "value": 5676
                        }, 
                        {
                            "name": "Ginnie Mae", 
                            "count": 256, 
                            "value": 38051
                        }, 
                        {
                            "name": "Freddie Mac", 
                            "count": 36, 
                            "value": 5405
                        }, 
                        {
                            "name": "Farmer Mac", 
                            "count": 0, 
                            "value": 0
                        }, 
                        {
                            "name": "Private Securitization", 
                            "count": 0, 
                            "value": 0
                        }, 
                        {
                            "name": "Commercial bank, savings bank or association", 
                            "count": 28, 
                            "value": 3923
                        }, 
                        {
                            "name": "Life insurance co., credit union, finance co.", 
                            "count": 9, 
                            "value": 1273
                        }, 
                        {
                            "name": "Affiliate institution", 
                            "count": 3, 
                            "value": 523
                        }, 
                        {
                            "name": "Other", 
                            "count": 555, 
                            "value": 85829
                        }
                    ]
                }
            ]
        }
    ], 
    "censuscharacteristics": [
        {
            "characteristic": "Racial/Ethnic Composition", 
            "tractpctminorities": [
                {
                    "tractpctminority": "Less than 10% minority", 
                    "purchasers": [
                        {
                            "name": "Fannie Mae", 
                            "count": 0, 
                            "value": 0
                        }, 
                        {
                            "name": "Ginnie Mae", 
                            "count": 0, 
                            "value": 0
                        }, 
                        {
                            "name": "Freddie Mac", 
                            "count": 0, 
                            "value": 0
                        }, 
                        {
                            "name": "Farmer Mac", 
                            "count": 0, 
                            "value": 0
                        }, 
                        {
                            "name": "Private Securitization", 
                            "count": 0, 
                            "value": 0
                        }, 
                        {
                            "name": "Commercial bank, savings bank or association", 
                            "count": 0, 
                            "value": 0
                        }, 
                        {
                            "name": "Life insurance co., credit union, finance co.", 
                            "count": 0, 
                            "value": 0
                        }, 
                        {
                            "name": "Affiliate institution", 
                            "count": 0, 
                            "value": 0
                        }, 
                        {
                            "name": "Other", 
                            "count": 0, 
                            "value": 0
                        }
                    ]
                }, 
                {
                    "tractpctminority": "10-19% minority", 
                    "purchasers": [
                        {
                            "name": "Fannie Mae", 
                            "count": 524, 
                            "value": 77915
                        }, 
                        {
                            "name": "Ginnie Mae", 
                            "count": 559, 
                            "value": 88049
                        }, 
                        {
                            "name": "Freddie Mac", 
                            "count": 276, 
                            "value": 43377
                        }, 
                        {
                            "name": "Farmer Mac", 
                            "count": 0, 
                            "value": 0
                        }, 
                        {
                            "name": "Private Securitization", 
                            "count": 49, 
                            "value": 7935
                        }, 
                        {
                            "name": "Commercial bank, savings bank or association", 
                            "count": 375, 
                            "value": 58732
                        }, 
                        {
                            "name": "Life insurance co., credit union, finance co.", 
                            "count": 62, 
                            "value": 10013
                        }, 
                        {
                            "name": "Affiliate institution", 
                            "count": 52, 
                            "value": 6980
                        }, 
                        {
                            "name": "Other", 
                            "count": 2119, 
                            "value": 272835
                        }
                    ]
                }, 
                {
                    "tractpctminority": "20-49% minority", 
                    "purchasers": [
                        {
                            "name": "Fannie Mae", 
                            "count": 89, 
                            "value": 9045
                        }, 
                        {
                            "name": "Ginnie Mae", 
                            "count": 141, 
                            "value": 16846
                        }, 
                        {
                            "name": "Freddie Mac", 
                            "count": 40, 
                            "value": 4400
                        }, 
                        {
                            "name": "Farmer Mac", 
                            "count": 0, 
                            "value": 0
                        }, 
                        {
                            "name": "Private Securitization", 
                            "count": 7, 
                            "value": 739
                        }, 
                        {
                            "name": "Commercial bank, savings bank or association", 
                            "count": 66, 
                            "value": 7620
                        }, 
                        {
                            "name": "Life insurance co., credit union, finance co.", 
                            "count": 5, 
                            "value": 433
                        }, 
                        {
                            "name": "Affiliate institution", 
                            "count": 12, 
                            "value": 798
                        }, 
                        {
                            "name": "Other", 
                            "count": 780, 
                            "value": 59996
                        }
                    ]
                }, 
                {
                    "tractpctminority": "50-79% minority", 
                    "purchasers": [
                        {
                            "name": "Fannie Mae", 
                            "count": 29, 
                            "value": 2941
                        }, 
                        {
                            "name": "Ginnie Mae", 
                            "count": 64, 
                            "value": 6196
                        }, 
                        {
                            "name": "Freddie Mac", 
                            "count": 11, 
                            "value": 1209
                        }, 
                        {
                            "name": "Farmer Mac", 
                            "count": 0, 
                            "value": 0
                        }, 
                        {
                            "name": "Private Securitization", 
                            "count": 4, 
                            "value": 778
                        }, 
                        {
                            "name": "Commercial bank, savings bank or association", 
                            "count": 18, 
                            "value": 2080
                        }, 
                        {
                            "name": "Life insurance co., credit union, finance co.", 
                            "count": 7, 
                            "value": 1056
                        }, 
                        {
                            "name": "Affiliate institution", 
                            "count": 5, 
                            "value": 281
                        }, 
                        {
                            "name": "Other", 
                            "count": 720, 
                            "value": 44199
                        }
                    ]
                }, 
                {
                    "tractpctminority": "80-100% minority", 
                    "purchasers": [
                        {
                            "name": "Fannie Mae", 
                            "count": 0, 
                            "value": 0
                        }, 
                        {
                            "name": "Ginnie Mae", 
                            "count": 0, 
                            "value": 0
                        }, 
                        {
                            "name": "Freddie Mac", 
                            "count": 0, 
                            "value": 0
                        }, 
                        {
                            "name": "Farmer Mac", 
                            "count": 0, 
                            "value": 0
                        }, 
                        {
                            "name": "Private Securitization", 
                            "count": 0, 
                            "value": 0
                        }, 
                        {
                            "name": "Commercial bank, savings bank or association", 
                            "count": 0, 
                            "value": 0
                        }, 
                        {
                            "name": "Life insurance co., credit union, finance co.", 
                            "count": 0, 
                            "value": 0
                        }, 
                        {
                            "name": "Affiliate institution", 
                            "count": 0, 
                            "value": 0
                        }, 
                        {
                            "name": "Other", 
                            "count": 0, 
                            "value": 0
                        }
                    ]
                }
            ]
        }, 
        {
            "characteristic": "Income", 
            "incomelevels": [
                {
                    "incomelevel": "Low income", 
                    "purchasers": [
                        {
                            "name": "Fannie Mae", 
                            "count": 4, 
                            "value": 168
                        }, 
                        {
                            "name": "Ginnie Mae", 
                            "count": 10, 
                            "value": 668
                        }, 
                        {
                            "name": "Freddie Mac", 
                            "count": 2, 
                            "value": 143
                        }, 
                        {
                            "name": "Farmer Mac", 
                            "count": 0, 
                            "value": 0
                        }, 
                        {
                            "name": "Private Securitization", 
                            "count": 0, 
                            "value": 0
                        }, 
                        {
                            "name": "Commercial bank, savings bank or association", 
                            "count": 1, 
                            "value": 59
                        }, 
                        {
                            "name": "Life insurance co., credit union, finance co.", 
                            "count": 1, 
                            "value": 52
                        }, 
                        {
                            "name": "Affiliate institution", 
                            "count": 2, 
                            "value": 92
                        }, 
                        {
                            "name": "Other", 
                            "count": 214, 
                            "value": 11894
                        }
                    ]
                }, 
                {
                    "incomelevel": "Moderate income", 
                    "purchasers": [
                        {
                            "name": "Fannie Mae", 
                            "count": 30, 
                            "value": 2270
                        }, 
                        {
                            "name": "Ginnie Mae", 
                            "count": 61, 
                            "value": 6291
                        }, 
                        {
                            "name": "Freddie Mac", 
                            "count": 10, 
                            "value": 868
                        }, 
                        {
                            "name": "Farmer Mac", 
                            "count": 0, 
                            "value": 0
                        }, 
                        {
                            "name": "Private Securitization", 
                            "count": 2, 
                            "value": 171
                        }, 
                        {
                            "name": "Commercial bank, savings bank or association", 
                            "count": 20, 
                            "value": 2577
                        }, 
                        {
                            "name": "Life insurance co., credit union, finance co.", 
                            "count": 4, 
                            "value": 384
                        }, 
                        {
                            "name": "Affiliate institution", 
                            "count": 4, 
                            "value": 260
                        }, 
                        {
                            "name": "Other", 
                            "count": 656, 
                            "value": 38768
                        }
                    ]
                }, 
                {
                    "incomelevel": "Middle income", 
                    "purchasers": [
                        {
                            "name": "Fannie Mae", 
                            "count": 89, 
                            "value": 9724
                        }, 
                        {
                            "name": "Ginnie Mae", 
                            "count": 113, 
                            "value": 13325
                        }, 
                        {
                            "name": "Freddie Mac", 
                            "count": 44, 
                            "value": 6611
                        }, 
                        {
                            "name": "Farmer Mac", 
                            "count": 0, 
                            "value": 0
                        }, 
                        {
                            "name": "Private Securitization", 
                            "count": 11, 
                            "value": 1508
                        }, 
                        {
                            "name": "Commercial bank, savings bank or association", 
                            "count": 59, 
                            "value": 6690
                        }, 
                        {
                            "name": "Life insurance co., credit union, finance co.", 
                            "count": 6, 
                            "value": 562
                        }, 
                        {
                            "name": "Affiliate institution", 
                            "count": 12, 
                            "value": 1093
                        }, 
                        {
                            "name": "Other", 
                            "count": 837, 
                            "value": 68129
                        }
                    ]
                }, 
                {
                    "incomelevel": "Upper income", 
                    "purchasers": [
                        {
                            "name": "Fannie Mae", 
                            "count": 519, 
                            "value": 77739
                        }, 
                        {
                            "name": "Ginnie Mae", 
                            "count": 580, 
                            "value": 90807
                        }, 
                        {
                            "name": "Freddie Mac", 
                            "count": 271, 
                            "value": 41364
                        }, 
                        {
                            "name": "Farmer Mac", 
                            "count": 0, 
                            "value": 0
                        }, 
                        {
                            "name": "Private Securitization", 
                            "count": 47, 
                            "value": 7773
                        }, 
                        {
                            "name": "Commercial bank, savings bank or association", 
                            "count": 379, 
                            "value": 59106
                        }, 
                        {
                            "name": "Life insurance co., credit union, finance co.", 
                            "count": 63, 
                            "value": 10504
                        }, 
                        {
                            "name": "Affiliate institution", 
                            "count": 51, 
                            "value": 6614
                        }, 
                        {
                            "name": "Other", 
                            "count": 1912, 
                            "value": 258239
                        }
                    ]
                }
            ]
        }
    ], 
    "total": {
        "purchasers": [
            {
                "name": "Fannie Mae", 
                "count": 642, 
                "value": 89901
            }, 
            {
                "name": "Ginnie Mae", 
                "count": 764, 
                "value": 111091
            }, 
            {
                "name": "Freddie Mac", 
                "count": 327, 
                "value": 48986
            }, 
            {
                "name": "Farmer Mac", 
                "count": 0, 
                "value": 0
            }, 
            {
                "name": "Private Securitization", 
                "count": 60, 
                "value": 9452
            }, 
            {
                "name": "Commercial bank, savings bank or association", 
                "count": 459, 
                "value": 68432
            }, 
            {
                "name": "Life insurance co., credit union, finance co.", 
                "count": 74, 
                "value": 11502
            }, 
            {
                "name": "Affiliate institution", 
                "count": 69, 
                "value": 8059
            }, 
            {
                "name": "Other", 
                "count": 3631, 
                "value": 378503
            }
        ]
    }
}