{
    "table": "3-1", 
    "type": "Aggregate", 
    "desc": "Loans sold, by characteristics of borrower and census tract in which property is located and by type of purchaser (includes originations and purchased loans),", 
    "year": "2012", 
    "msa": {
        "id": "26180", 
        "name": "Honolulu", 
        "state": "HI", 
        "state_name": "Hawaii"
    }, 
    "borrowercharacteristics": [
        {
            "characteristic": "Race", 
            "races": [
                {
                    "race": "American Indian/Alaska Native", 
                    "purchasers": [
                        {
                            "name": "Fannie Mae", 
                            "count": 235, 
                            "value": 77121.0
                        }, 
                        {
                            "name": "Ginnie Mae", 
                            "count": 103, 
                            "value": 42561.0
                        }, 
                        {
                            "name": "Freddie Mac", 
                            "count": 75, 
                            "value": 27237.0
                        }, 
                        {
                            "name": "Farmer Mac", 
                            "count": 0, 
                            "value": 0
                        }, 
                        {
                            "name": "Private Securitization", 
                            "count": 4, 
                            "value": 1394.0
                        }, 
                        {
                            "name": "Commercial bank, savings bank or association", 
                            "count": 85, 
                            "value": 32033.0
                        }, 
                        {
                            "name": "Life insurance co., credit union, finance co.", 
                            "count": 15, 
                            "value": 5643.0
                        }, 
                        {
                            "name": "Affiliate institution", 
                            "count": 36, 
                            "value": 14421.0
                        }, 
                        {
                            "name": "Other", 
                            "count": 515, 
                            "value": 167008.0
                        }
                    ]
                }, 
                {
                    "race": "Asian", 
                    "purchasers": [
                        {
                            "name": "Fannie Mae", 
                            "count": 16, 
                            "value": 4808.0
                        }, 
                        {
                            "name": "Ginnie Mae", 
                            "count": 14, 
                            "value": 5858.0
                        }, 
                        {
                            "name": "Freddie Mac", 
                            "count": 9, 
                            "value": 3509.0
                        }, 
                        {
                            "name": "Farmer Mac", 
                            "count": 0, 
                            "value": 0
                        }, 
                        {
                            "name": "Private Securitization", 
                            "count": 1, 
                            "value": 304.0
                        }, 
                        {
                            "name": "Commercial bank, savings bank or association", 
                            "count": 2, 
                            "value": 952.0
                        }, 
                        {
                            "name": "Life insurance co., credit union, finance co.", 
                            "count": 1, 
                            "value": 659.0
                        }, 
                        {
                            "name": "Affiliate institution", 
                            "count": 1, 
                            "value": 392.0
                        }, 
                        {
                            "name": "Other", 
                            "count": 53, 
                            "value": 18608.0
                        }
                    ]
                }, 
                {
                    "race": "Black or African American", 
                    "purchasers": [
                        {
                            "name": "Fannie Mae", 
                            "count": 5165, 
                            "value": 1725706.0
                        }, 
                        {
                            "name": "Ginnie Mae", 
                            "count": 1112, 
                            "value": 474463.0
                        }, 
                        {
                            "name": "Freddie Mac", 
                            "count": 2346, 
                            "value": 826227.0
                        }, 
                        {
                            "name": "Farmer Mac", 
                            "count": 0, 
                            "value": 0
                        }, 
                        {
                            "name": "Private Securitization", 
                            "count": 89, 
                            "value": 31277.0
                        }, 
                        {
                            "name": "Commercial bank, savings bank or association", 
                            "count": 1412, 
                            "value": 547204.0
                        }, 
                        {
                            "name": "Life insurance co., credit union, finance co.", 
                            "count": 160, 
                            "value": 61503.0
                        }, 
                        {
                            "name": "Affiliate institution", 
                            "count": 560, 
                            "value": 203189.0
                        }, 
                        {
                            "name": "Other", 
                            "count": 10129, 
                            "value": 3165843.0
                        }
                    ]
                }, 
                {
                    "race": "Native Hawaiian or Other Pacific Islander", 
                    "purchasers": [
                        {
                            "name": "Fannie Mae", 
                            "count": 48, 
                            "value": 15093.0
                        }, 
                        {
                            "name": "Ginnie Mae", 
                            "count": 226, 
                            "value": 97113.0
                        }, 
                        {
                            "name": "Freddie Mac", 
                            "count": 10, 
                            "value": 2657.0
                        }, 
                        {
                            "name": "Farmer Mac", 
                            "count": 0, 
                            "value": 0
                        }, 
                        {
                            "name": "Private Securitization", 
                            "count": 1, 
                            "value": 400.0
                        }, 
                        {
                            "name": "Commercial bank, savings bank or association", 
                            "count": 78, 
                            "value": 34951.0
                        }, 
                        {
                            "name": "Life insurance co., credit union, finance co.", 
                            "count": 9, 
                            "value": 4102.0
                        }, 
                        {
                            "name": "Affiliate institution", 
                            "count": 37, 
                            "value": 15426.0
                        }, 
                        {
                            "name": "Other", 
                            "count": 255, 
                            "value": 86789.0
                        }
                    ]
                }, 
                {
                    "race": "White", 
                    "purchasers": [
                        {
                            "name": "Fannie Mae", 
                            "count": 611, 
                            "value": 206231.0
                        }, 
                        {
                            "name": "Ginnie Mae", 
                            "count": 561, 
                            "value": 210696.0
                        }, 
                        {
                            "name": "Freddie Mac", 
                            "count": 263, 
                            "value": 92791.0
                        }, 
                        {
                            "name": "Farmer Mac", 
                            "count": 0, 
                            "value": 0
                        }, 
                        {
                            "name": "Private Securitization", 
                            "count": 7, 
                            "value": 3369.0
                        }, 
                        {
                            "name": "Commercial bank, savings bank or association", 
                            "count": 287, 
                            "value": 117287.0
                        }, 
                        {
                            "name": "Life insurance co., credit union, finance co.", 
                            "count": 88, 
                            "value": 21307.0
                        }, 
                        {
                            "name": "Affiliate institution", 
                            "count": 88, 
                            "value": 32627.0
                        }, 
                        {
                            "name": "Other", 
                            "count": 2090, 
                            "value": 596396.0
                        }
                    ]
                }, 
                {
                    "race": "2 or more minority races", 
                    "purchasers": [
                        {
                            "name": "Fannie Mae", 
                            "count": 2268, 
                            "value": 816908.0
                        }, 
                        {
                            "name": "Ginnie Mae", 
                            "count": 1969, 
                            "value": 923539.0
                        }, 
                        {
                            "name": "Freddie Mac", 
                            "count": 1028, 
                            "value": 395872.0
                        }, 
                        {
                            "name": "Farmer Mac", 
                            "count": 0, 
                            "value": 0
                        }, 
                        {
                            "name": "Private Securitization", 
                            "count": 53, 
                            "value": 21064.0
                        }, 
                        {
                            "name": "Commercial bank, savings bank or association", 
                            "count": 929, 
                            "value": 408885.0
                        }, 
                        {
                            "name": "Life insurance co., credit union, finance co.", 
                            "count": 135, 
                            "value": 58498.0
                        }, 
                        {
                            "name": "Affiliate institution", 
                            "count": 498, 
                            "value": 213757.0
                        }, 
                        {
                            "name": "Other", 
                            "count": 5994, 
                            "value": 2332030.0
                        }
                    ]
                }, 
                {
                    "race": "Joint (White/Minority Race", 
                    "purchasers": [
                        {
                            "name": "Fannie Mae", 
                            "count": 1015, 
                            "value": 378723.0
                        }, 
                        {
                            "name": "Ginnie Mae", 
                            "count": 512, 
                            "value": 245347.0
                        }, 
                        {
                            "name": "Freddie Mac", 
                            "count": 393, 
                            "value": 162145.0
                        }, 
                        {
                            "name": "Farmer Mac", 
                            "count": 0, 
                            "value": 0
                        }, 
                        {
                            "name": "Private Securitization", 
                            "count": 12, 
                            "value": 5079.0
                        }, 
                        {
                            "name": "Commercial bank, savings bank or association", 
                            "count": 329, 
                            "value": 149487.0
                        }, 
                        {
                            "name": "Life insurance co., credit union, finance co.", 
                            "count": 41, 
                            "value": 17106.0
                        }, 
                        {
                            "name": "Affiliate institution", 
                            "count": 171, 
                            "value": 76538.0
                        }, 
                        {
                            "name": "Other", 
                            "count": 1918, 
                            "value": 750282.0
                        }
                    ]
                }, 
                {
                    "race": "Not Available", 
                    "purchasers": [
                        {
                            "name": "Fannie Mae", 
                            "count": 1613, 
                            "value": 763300.0
                        }, 
                        {
                            "name": "Ginnie Mae", 
                            "count": 1233, 
                            "value": 561784.0
                        }, 
                        {
                            "name": "Freddie Mac", 
                            "count": 861, 
                            "value": 345020.0
                        }, 
                        {
                            "name": "Farmer Mac", 
                            "count": 0, 
                            "value": 0
                        }, 
                        {
                            "name": "Private Securitization", 
                            "count": 47, 
                            "value": 16717.0
                        }, 
                        {
                            "name": "Commercial bank, savings bank or association", 
                            "count": 276, 
                            "value": 119021.0
                        }, 
                        {
                            "name": "Life insurance co., credit union, finance co.", 
                            "count": 69, 
                            "value": 28977.0
                        }, 
                        {
                            "name": "Affiliate institution", 
                            "count": 299, 
                            "value": 118054.0
                        }, 
                        {
                            "name": "Other", 
                            "count": 3143, 
                            "value": 1339666.0
                        }
                    ]
                }
            ]
        }, 
        {
            "characteristic": "Ethnicity", 
            "ethnicities": [
                {
                    "ethnicity": "Hispanic or Latino", 
                    "purchasers": [
                        {
                            "name": "Fannie Mae", 
                            "count": 124, 
                            "value": 39076
                        }, 
                        {
                            "name": "Ginnie Mae", 
                            "count": 231, 
                            "value": 93877
                        }, 
                        {
                            "name": "Freddie Mac", 
                            "count": 40, 
                            "value": 13511
                        }, 
                        {
                            "name": "Farmer Mac", 
                            "count": 0, 
                            "value": 0
                        }, 
                        {
                            "name": "Private Securitization", 
                            "count": 2, 
                            "value": 399
                        }, 
                        {
                            "name": "Commercial bank, savings bank or association", 
                            "count": 72, 
                            "value": 31272
                        }, 
                        {
                            "name": "Life insurance co., credit union, finance co.", 
                            "count": 14, 
                            "value": 5735
                        }, 
                        {
                            "name": "Affiliate institution", 
                            "count": 41, 
                            "value": 15714
                        }, 
                        {
                            "name": "Other", 
                            "count": 526, 
                            "value": 156092
                        }
                    ]
                }, 
                {
                    "ethnicity": "Not Hispanic or Latino", 
                    "purchasers": [
                        {
                            "name": "Fannie Mae", 
                            "count": 9107, 
                            "value": 3140534
                        }, 
                        {
                            "name": "Ginnie Mae", 
                            "count": 4198, 
                            "value": 1870804
                        }, 
                        {
                            "name": "Freddie Mac", 
                            "count": 3987, 
                            "value": 1459573
                        }, 
                        {
                            "name": "Farmer Mac", 
                            "count": 0, 
                            "value": 0
                        }, 
                        {
                            "name": "Private Securitization", 
                            "count": 165, 
                            "value": 62069
                        }, 
                        {
                            "name": "Commercial bank, savings bank or association", 
                            "count": 3012, 
                            "value": 1244033
                        }, 
                        {
                            "name": "Life insurance co., credit union, finance co.", 
                            "count": 427, 
                            "value": 160251
                        }, 
                        {
                            "name": "Affiliate institution", 
                            "count": 1319, 
                            "value": 530088
                        }, 
                        {
                            "name": "Other", 
                            "count": 19995, 
                            "value": 6848835
                        }
                    ]
                }, 
                {
                    "ethnicity": "Joint (Hispanic or Latino/Not Hispanic or Latino", 
                    "purchasers": [
                        {
                            "name": "Fannie Mae", 
                            "count": 150, 
                            "value": 55505
                        }, 
                        {
                            "name": "Ginnie Mae", 
                            "count": 182, 
                            "value": 86474
                        }, 
                        {
                            "name": "Freddie Mac", 
                            "count": 75, 
                            "value": 28138
                        }, 
                        {
                            "name": "Farmer Mac", 
                            "count": 0, 
                            "value": 0
                        }, 
                        {
                            "name": "Private Securitization", 
                            "count": 1, 
                            "value": 400
                        }, 
                        {
                            "name": "Commercial bank, savings bank or association", 
                            "count": 88, 
                            "value": 39427
                        }, 
                        {
                            "name": "Life insurance co., credit union, finance co.", 
                            "count": 12, 
                            "value": 5434
                        }, 
                        {
                            "name": "Affiliate institution", 
                            "count": 43, 
                            "value": 18021
                        }, 
                        {
                            "name": "Other", 
                            "count": 445, 
                            "value": 173405
                        }
                    ]
                }, 
                {
                    "ethnicity": "Ethnicity Not Available", 
                    "purchasers": [
                        {
                            "name": "Fannie Mae", 
                            "count": 1590, 
                            "value": 752775
                        }, 
                        {
                            "name": "Ginnie Mae", 
                            "count": 1119, 
                            "value": 510206
                        }, 
                        {
                            "name": "Freddie Mac", 
                            "count": 883, 
                            "value": 354236
                        }, 
                        {
                            "name": "Farmer Mac", 
                            "count": 0, 
                            "value": 0
                        }, 
                        {
                            "name": "Private Securitization", 
                            "count": 46, 
                            "value": 16736
                        }, 
                        {
                            "name": "Commercial bank, savings bank or association", 
                            "count": 226, 
                            "value": 95088
                        }, 
                        {
                            "name": "Life insurance co., credit union, finance co.", 
                            "count": 65, 
                            "value": 26375
                        }, 
                        {
                            "name": "Affiliate institution", 
                            "count": 287, 
                            "value": 110581
                        }, 
                        {
                            "name": "Other", 
                            "count": 3131, 
                            "value": 1278290
                        }
                    ]
                }
            ]
        }, 
        {
            "characteristic": "Minority Status", 
            "minoritystatuses": [
                {
                    "minoritystatus": "White Non-Hispanic", 
                    "purchasers": [
                        {
                            "name": "Fannie Mae", 
                            "count": 3583, 
                            "value": 1474808
                        }, 
                        {
                            "name": "Ginnie Mae", 
                            "count": 2893, 
                            "value": 1352802
                        }, 
                        {
                            "name": "Freddie Mac", 
                            "count": 1790, 
                            "value": 704718
                        }, 
                        {
                            "name": "Farmer Mac", 
                            "count": 0, 
                            "value": 0
                        }, 
                        {
                            "name": "Private Securitization", 
                            "count": 95, 
                            "value": 36267
                        }, 
                        {
                            "name": "Commercial bank, savings bank or association", 
                            "count": 1044, 
                            "value": 460158
                        }, 
                        {
                            "name": "Life insurance co., credit union, finance co.", 
                            "count": 172, 
                            "value": 73402
                        }, 
                        {
                            "name": "Affiliate institution", 
                            "count": 756, 
                            "value": 313255
                        }, 
                        {
                            "name": "Other", 
                            "count": 8244, 
                            "value": 3364067
                        }
                    ]
                }, 
                {
                    "minoritystatus": "Others, Including Hispanic", 
                    "purchasers": [
                        {
                            "name": "Fannie Mae", 
                            "count": 7388, 
                            "value": 2513082
                        }, 
                        {
                            "name": "Ginnie Mae", 
                            "count": 2837, 
                            "value": 1208559
                        }, 
                        {
                            "name": "Freddie Mac", 
                            "count": 3195, 
                            "value": 1150740
                        }, 
                        {
                            "name": "Farmer Mac", 
                            "count": 0, 
                            "value": 0
                        }, 
                        {
                            "name": "Private Securitization", 
                            "count": 119, 
                            "value": 43337
                        }, 
                        {
                            "name": "Commercial bank, savings bank or association", 
                            "count": 2354, 
                            "value": 949662
                        }, 
                        {
                            "name": "Life insurance co., credit union, finance co.", 
                            "count": 346, 
                            "value": 124393
                        }, 
                        {
                            "name": "Affiliate institution", 
                            "count": 934, 
                            "value": 361149
                        }, 
                        {
                            "name": "Other", 
                            "count": 15853, 
                            "value": 5092555
                        }
                    ]
                }
            ]
        }, 
        {
            "characteristic": "Applicant Income", 
            "applicantincomes": [
                {
                    "applicantincome": "Less than 50% of MSA/MD median", 
                    "purchasers": [
                        {
                            "name": "Fannie Mae", 
                            "count": 460, 
                            "value": 87545
                        }, 
                        {
                            "name": "Ginnie Mae", 
                            "count": 57, 
                            "value": 12549
                        }, 
                        {
                            "name": "Freddie Mac", 
                            "count": 211, 
                            "value": 40971
                        }, 
                        {
                            "name": "Farmer Mac", 
                            "count": 0, 
                            "value": 0
                        }, 
                        {
                            "name": "Private Securitization", 
                            "count": 5, 
                            "value": 915
                        }, 
                        {
                            "name": "Commercial bank, savings bank or association", 
                            "count": 68, 
                            "value": 14605
                        }, 
                        {
                            "name": "Life insurance co., credit union, finance co.", 
                            "count": 25, 
                            "value": 5162
                        }, 
                        {
                            "name": "Affiliate institution", 
                            "count": 27, 
                            "value": 4891
                        }, 
                        {
                            "name": "Other", 
                            "count": 1319, 
                            "value": 245285
                        }
                    ]
                }, 
                {
                    "applicantincome": "50-79% of MSA/MD median", 
                    "purchasers": [
                        {
                            "name": "Fannie Mae", 
                            "count": 1719, 
                            "value": 410789
                        }, 
                        {
                            "name": "Ginnie Mae", 
                            "count": 433, 
                            "value": 125617
                        }, 
                        {
                            "name": "Freddie Mac", 
                            "count": 691, 
                            "value": 172899
                        }, 
                        {
                            "name": "Farmer Mac", 
                            "count": 0, 
                            "value": 0
                        }, 
                        {
                            "name": "Private Securitization", 
                            "count": 39, 
                            "value": 10322
                        }, 
                        {
                            "name": "Commercial bank, savings bank or association", 
                            "count": 409, 
                            "value": 109316
                        }, 
                        {
                            "name": "Life insurance co., credit union, finance co.", 
                            "count": 75, 
                            "value": 16708
                        }, 
                        {
                            "name": "Affiliate institution", 
                            "count": 185, 
                            "value": 45093
                        }, 
                        {
                            "name": "Other", 
                            "count": 3753, 
                            "value": 861514
                        }
                    ]
                }, 
                {
                    "applicantincome": "80-99% of MSA/MD median", 
                    "purchasers": [
                        {
                            "name": "Fannie Mae", 
                            "count": 1431, 
                            "value": 427652
                        }, 
                        {
                            "name": "Ginnie Mae", 
                            "count": 510, 
                            "value": 185796
                        }, 
                        {
                            "name": "Freddie Mac", 
                            "count": 589, 
                            "value": 184520
                        }, 
                        {
                            "name": "Farmer Mac", 
                            "count": 0, 
                            "value": 0
                        }, 
                        {
                            "name": "Private Securitization", 
                            "count": 31, 
                            "value": 9664
                        }, 
                        {
                            "name": "Commercial bank, savings bank or association", 
                            "count": 437, 
                            "value": 155316
                        }, 
                        {
                            "name": "Life insurance co., credit union, finance co.", 
                            "count": 56, 
                            "value": 18913
                        }, 
                        {
                            "name": "Affiliate institution", 
                            "count": 166, 
                            "value": 53789
                        }, 
                        {
                            "name": "Other", 
                            "count": 2811, 
                            "value": 780031
                        }
                    ]
                }, 
                {
                    "applicantincome": "100-119% of MSA/MD median", 
                    "purchasers": [
                        {
                            "name": "Fannie Mae", 
                            "count": 1443, 
                            "value": 493431
                        }, 
                        {
                            "name": "Ginnie Mae", 
                            "count": 529, 
                            "value": 222942
                        }, 
                        {
                            "name": "Freddie Mac", 
                            "count": 632, 
                            "value": 226934
                        }, 
                        {
                            "name": "Farmer Mac", 
                            "count": 0, 
                            "value": 0
                        }, 
                        {
                            "name": "Private Securitization", 
                            "count": 31, 
                            "value": 11338
                        }, 
                        {
                            "name": "Commercial bank, savings bank or association", 
                            "count": 481, 
                            "value": 195824
                        }, 
                        {
                            "name": "Life insurance co., credit union, finance co.", 
                            "count": 56, 
                            "value": 19405
                        }, 
                        {
                            "name": "Affiliate institution", 
                            "count": 189, 
                            "value": 67828
                        }, 
                        {
                            "name": "Other", 
                            "count": 2871, 
                            "value": 881153
                        }
                    ]
                }, 
                {
                    "applicantincome": "120% or more of MSA/MD median", 
                    "purchasers": [
                        {
                            "name": "Fannie Mae", 
                            "count": 5208, 
                            "value": 2115059
                        }, 
                        {
                            "name": "Ginnie Mae", 
                            "count": 1177, 
                            "value": 623418
                        }, 
                        {
                            "name": "Freddie Mac", 
                            "count": 2327, 
                            "value": 1007415
                        }, 
                        {
                            "name": "Farmer Mac", 
                            "count": 0, 
                            "value": 0
                        }, 
                        {
                            "name": "Private Securitization", 
                            "count": 101, 
                            "value": 43703
                        }, 
                        {
                            "name": "Commercial bank, savings bank or association", 
                            "count": 1422, 
                            "value": 669126
                        }, 
                        {
                            "name": "Life insurance co., credit union, finance co.", 
                            "count": 175, 
                            "value": 79164
                        }, 
                        {
                            "name": "Affiliate institution", 
                            "count": 697, 
                            "value": 314384
                        }, 
                        {
                            "name": "Other", 
                            "count": 10977, 
                            "value": 4569757
                        }
                    ]
                }, 
                {
                    "applicantincome": "income not available", 
                    "purchasers": [
                        {
                            "name": "Fannie Mae", 
                            "count": 710, 
                            "value": 453414
                        }, 
                        {
                            "name": "Ginnie Mae", 
                            "count": 3024, 
                            "value": 1391039
                        }, 
                        {
                            "name": "Freddie Mac", 
                            "count": 535, 
                            "value": 222719
                        }, 
                        {
                            "name": "Farmer Mac", 
                            "count": 0, 
                            "value": 0
                        }, 
                        {
                            "name": "Private Securitization", 
                            "count": 7, 
                            "value": 3662
                        }, 
                        {
                            "name": "Commercial bank, savings bank or association", 
                            "count": 581, 
                            "value": 265633
                        }, 
                        {
                            "name": "Life insurance co., credit union, finance co.", 
                            "count": 131, 
                            "value": 58443
                        }, 
                        {
                            "name": "Affiliate institution", 
                            "count": 426, 
                            "value": 188419
                        }, 
                        {
                            "name": "Other", 
                            "count": 2366, 
                            "value": 1118882
                        }
                    ]
                }
            ]
        }
    ], 
    "censuscharacteristics": [
        {
            "characteristic": "Racial/Ethnic Composition", 
            "tractpctminorities": [
                {
                    "tractpctminority": "Less than 10% minority", 
                    "purchasers": [
                        {
                            "name": "Fannie Mae", 
                            "count": 0, 
                            "value": 0
                        }, 
                        {
                            "name": "Ginnie Mae", 
                            "count": 0, 
                            "value": 0
                        }, 
                        {
                            "name": "Freddie Mac", 
                            "count": 0, 
                            "value": 0
                        }, 
                        {
                            "name": "Farmer Mac", 
                            "count": 0, 
                            "value": 0
                        }, 
                        {
                            "name": "Private Securitization", 
                            "count": 0, 
                            "value": 0
                        }, 
                        {
                            "name": "Commercial bank, savings bank or association", 
                            "count": 0, 
                            "value": 0
                        }, 
                        {
                            "name": "Life insurance co., credit union, finance co.", 
                            "count": 0, 
                            "value": 0
                        }, 
                        {
                            "name": "Affiliate institution", 
                            "count": 0, 
                            "value": 0
                        }, 
                        {
                            "name": "Other", 
                            "count": 0, 
                            "value": 0
                        }
                    ]
                }, 
                {
                    "tractpctminority": "10-19% minority", 
                    "purchasers": [
                        {
                            "name": "Fannie Mae", 
                            "count": 364, 
                            "value": 152155
                        }, 
                        {
                            "name": "Ginnie Mae", 
                            "count": 164, 
                            "value": 94881
                        }, 
                        {
                            "name": "Freddie Mac", 
                            "count": 185, 
                            "value": 82341
                        }, 
                        {
                            "name": "Farmer Mac", 
                            "count": 0, 
                            "value": 0
                        }, 
                        {
                            "name": "Private Securitization", 
                            "count": 6, 
                            "value": 2381
                        }, 
                        {
                            "name": "Commercial bank, savings bank or association", 
                            "count": 75, 
                            "value": 36524
                        }, 
                        {
                            "name": "Life insurance co., credit union, finance co.", 
                            "count": 25, 
                            "value": 14586
                        }, 
                        {
                            "name": "Affiliate institution", 
                            "count": 45, 
                            "value": 21946
                        }, 
                        {
                            "name": "Other", 
                            "count": 1020, 
                            "value": 623034
                        }
                    ]
                }, 
                {
                    "tractpctminority": "20-49% minority", 
                    "purchasers": [
                        {
                            "name": "Fannie Mae", 
                            "count": 3348, 
                            "value": 1420225
                        }, 
                        {
                            "name": "Ginnie Mae", 
                            "count": 1829, 
                            "value": 900808
                        }, 
                        {
                            "name": "Freddie Mac", 
                            "count": 1592, 
                            "value": 643989
                        }, 
                        {
                            "name": "Farmer Mac", 
                            "count": 0, 
                            "value": 0
                        }, 
                        {
                            "name": "Private Securitization", 
                            "count": 82, 
                            "value": 32937
                        }, 
                        {
                            "name": "Commercial bank, savings bank or association", 
                            "count": 1010, 
                            "value": 461922
                        }, 
                        {
                            "name": "Life insurance co., credit union, finance co.", 
                            "count": 140, 
                            "value": 59737
                        }, 
                        {
                            "name": "Affiliate institution", 
                            "count": 576, 
                            "value": 250425
                        }, 
                        {
                            "name": "Other", 
                            "count": 7497, 
                            "value": 3023673
                        }
                    ]
                }, 
                {
                    "tractpctminority": "50-79% minority", 
                    "purchasers": [
                        {
                            "name": "Fannie Mae", 
                            "count": 7258, 
                            "value": 2415300
                        }, 
                        {
                            "name": "Ginnie Mae", 
                            "count": 3737, 
                            "value": 1565672
                        }, 
                        {
                            "name": "Freddie Mac", 
                            "count": 3206, 
                            "value": 1128173
                        }, 
                        {
                            "name": "Farmer Mac", 
                            "count": 0, 
                            "value": 0
                        }, 
                        {
                            "name": "Private Securitization", 
                            "count": 125, 
                            "value": 44008
                        }, 
                        {
                            "name": "Commercial bank, savings bank or association", 
                            "count": 2313, 
                            "value": 911374
                        }, 
                        {
                            "name": "Life insurance co., credit union, finance co.", 
                            "count": 353, 
                            "value": 123472
                        }, 
                        {
                            "name": "Affiliate institution", 
                            "count": 1069, 
                            "value": 402033
                        }, 
                        {
                            "name": "Other", 
                            "count": 15579, 
                            "value": 4809515
                        }
                    ]
                }, 
                {
                    "tractpctminority": "80-100% minority", 
                    "purchasers": [
                        {
                            "name": "Fannie Mae", 
                            "count": 0, 
                            "value": 0
                        }, 
                        {
                            "name": "Ginnie Mae", 
                            "count": 0, 
                            "value": 0
                        }, 
                        {
                            "name": "Freddie Mac", 
                            "count": 0, 
                            "value": 0
                        }, 
                        {
                            "name": "Farmer Mac", 
                            "count": 0, 
                            "value": 0
                        }, 
                        {
                            "name": "Private Securitization", 
                            "count": 0, 
                            "value": 0
                        }, 
                        {
                            "name": "Commercial bank, savings bank or association", 
                            "count": 0, 
                            "value": 0
                        }, 
                        {
                            "name": "Life insurance co., credit union, finance co.", 
                            "count": 0, 
                            "value": 0
                        }, 
                        {
                            "name": "Affiliate institution", 
                            "count": 0, 
                            "value": 0
                        }, 
                        {
                            "name": "Other", 
                            "count": 0, 
                            "value": 0
                        }
                    ]
                }
            ]
        }, 
        {
            "characteristic": "Income", 
            "incomelevels": [
                {
                    "incomelevel": "Low income", 
                    "purchasers": [
                        {
                            "name": "Fannie Mae", 
                            "count": 114, 
                            "value": 28135
                        }, 
                        {
                            "name": "Ginnie Mae", 
                            "count": 28, 
                            "value": 10726
                        }, 
                        {
                            "name": "Freddie Mac", 
                            "count": 60, 
                            "value": 15951
                        }, 
                        {
                            "name": "Farmer Mac", 
                            "count": 0, 
                            "value": 0
                        }, 
                        {
                            "name": "Private Securitization", 
                            "count": 1, 
                            "value": 289
                        }, 
                        {
                            "name": "Commercial bank, savings bank or association", 
                            "count": 22, 
                            "value": 6621
                        }, 
                        {
                            "name": "Life insurance co., credit union, finance co.", 
                            "count": 3, 
                            "value": 619
                        }, 
                        {
                            "name": "Affiliate institution", 
                            "count": 14, 
                            "value": 4979
                        }, 
                        {
                            "name": "Other", 
                            "count": 244, 
                            "value": 72296
                        }
                    ]
                }, 
                {
                    "incomelevel": "Moderate income", 
                    "purchasers": [
                        {
                            "name": "Fannie Mae", 
                            "count": 1029, 
                            "value": 449588
                        }, 
                        {
                            "name": "Ginnie Mae", 
                            "count": 360, 
                            "value": 121123
                        }, 
                        {
                            "name": "Freddie Mac", 
                            "count": 518, 
                            "value": 140511
                        }, 
                        {
                            "name": "Farmer Mac", 
                            "count": 0, 
                            "value": 0
                        }, 
                        {
                            "name": "Private Securitization", 
                            "count": 12, 
                            "value": 3557
                        }, 
                        {
                            "name": "Commercial bank, savings bank or association", 
                            "count": 230, 
                            "value": 68602
                        }, 
                        {
                            "name": "Life insurance co., credit union, finance co.", 
                            "count": 41, 
                            "value": 12769
                        }, 
                        {
                            "name": "Affiliate institution", 
                            "count": 142, 
                            "value": 42081
                        }, 
                        {
                            "name": "Other", 
                            "count": 2712, 
                            "value": 789866
                        }
                    ]
                }, 
                {
                    "incomelevel": "Middle income", 
                    "purchasers": [
                        {
                            "name": "Fannie Mae", 
                            "count": 4757, 
                            "value": 1522365
                        }, 
                        {
                            "name": "Ginnie Mae", 
                            "count": 3374, 
                            "value": 1438930
                        }, 
                        {
                            "name": "Freddie Mac", 
                            "count": 2041, 
                            "value": 703690
                        }, 
                        {
                            "name": "Farmer Mac", 
                            "count": 0, 
                            "value": 0
                        }, 
                        {
                            "name": "Private Securitization", 
                            "count": 96, 
                            "value": 32910
                        }, 
                        {
                            "name": "Commercial bank, savings bank or association", 
                            "count": 1666, 
                            "value": 661237
                        }, 
                        {
                            "name": "Life insurance co., credit union, finance co.", 
                            "count": 279, 
                            "value": 95810
                        }, 
                        {
                            "name": "Affiliate institution", 
                            "count": 838, 
                            "value": 315392
                        }, 
                        {
                            "name": "Other", 
                            "count": 11238, 
                            "value": 3557022
                        }
                    ]
                }, 
                {
                    "incomelevel": "Upper income", 
                    "purchasers": [
                        {
                            "name": "Fannie Mae", 
                            "count": 5069, 
                            "value": 1987383
                        }, 
                        {
                            "name": "Ginnie Mae", 
                            "count": 1967, 
                            "value": 990463
                        }, 
                        {
                            "name": "Freddie Mac", 
                            "count": 2364, 
                            "value": 994351
                        }, 
                        {
                            "name": "Farmer Mac", 
                            "count": 0, 
                            "value": 0
                        }, 
                        {
                            "name": "Private Securitization", 
                            "count": 104, 
                            "value": 42570
                        }, 
                        {
                            "name": "Commercial bank, savings bank or association", 
                            "count": 1479, 
                            "value": 672903
                        }, 
                        {
                            "name": "Life insurance co., credit union, finance co.", 
                            "count": 195, 
                            "value": 88597
                        }, 
                        {
                            "name": "Affiliate institution", 
                            "count": 696, 
                            "value": 311952
                        }, 
                        {
                            "name": "Other", 
                            "count": 9899, 
                            "value": 4036646
                        }
                    ]
                }
            ]
        }
    ], 
    "total": {
        "purchasers": [
            {
                "name": "Fannie Mae", 
                "count": 10971, 
                "value": 3987890
            }, 
            {
                "name": "Ginnie Mae", 
                "count": 5730, 
                "value": 2561361
            }, 
            {
                "name": "Freddie Mac", 
                "count": 4985, 
                "value": 1855458
            }, 
            {
                "name": "Farmer Mac", 
                "count": 0, 
                "value": 0
            }, 
            {
                "name": "Private Securitization", 
                "count": 214, 
                "value": 79604
            }, 
            {
                "name": "Commercial bank, savings bank or association", 
                "count": 3398, 
                "value": 1409820
            }, 
            {
                "name": "Life insurance co., credit union, finance co.", 
                "count": 518, 
                "value": 197795
            }, 
            {
                "name": "Affiliate institution", 
                "count": 1690, 
                "value": 674404
            }, 
            {
                "name": "Other", 
                "count": 24097, 
                "value": 8456622
            }
        ]
    }
}