{
    "table": "3-1", 
    "type": "aggregate", 
    "desc": "Loans sold. By characteristics of borrower and census tract in which property is located and by type of purchaser (includes originations and purchased loans).", 
    "year": "2012", 
    "msa": {
        "id": "47940", 
        "name": "Waterloo-Cedar-Falls", 
        "state": "IA", 
        "state_name": "Iowa"
    }, 
    "borrowercharacteristics": [
        {
            "characteristic": "Race", 
            "races": [
                {
                    "race": "American Indian/Alaska Native", 
                    "purchasers": [
                        {
                            "name": "Fannie Mae", 
                            "count": 0, 
                            "value": 0
                        }, 
                        {
                            "name": "Ginnie Mae", 
                            "count": 0, 
                            "value": 0
                        }, 
                        {
                            "name": "Freddie Mac", 
                            "count": 0, 
                            "value": 0
                        }, 
                        {
                            "name": "Farmer Mac", 
                            "count": 0, 
                            "value": 0
                        }, 
                        {
                            "name": "Private Securitization", 
                            "count": 0, 
                            "value": 0
                        }, 
                        {
                            "name": "Commercial bank, savings bank or association", 
                            "count": 0, 
                            "value": 0
                        }, 
                        {
                            "name": "Life insurance co., credit union, finance co.", 
                            "count": 0, 
                            "value": 0
                        }, 
                        {
                            "name": "Affiliate institution", 
                            "count": 0, 
                            "value": 0
                        }, 
                        {
                            "name": "Other", 
                            "count": 0, 
                            "value": 0
                        }
                    ]
                }, 
                {
                    "race": "Asian", 
                    "purchasers": [
                        {
                            "name": "Fannie Mae", 
                            "count": 0, 
                            "value": 0
                        }, 
                        {
                            "name": "Ginnie Mae", 
                            "count": 0, 
                            "value": 0
                        }, 
                        {
                            "name": "Freddie Mac", 
                            "count": 0, 
                            "value": 0
                        }, 
                        {
                            "name": "Farmer Mac", 
                            "count": 0, 
                            "value": 0
                        }, 
                        {
                            "name": "Private Securitization", 
                            "count": 0, 
                            "value": 0
                        }, 
                        {
                            "name": "Commercial bank, savings bank or association", 
                            "count": 0, 
                            "value": 0
                        }, 
                        {
                            "name": "Life insurance co., credit union, finance co.", 
                            "count": 0, 
                            "value": 0
                        }, 
                        {
                            "name": "Affiliate institution", 
                            "count": 0, 
                            "value": 0
                        }, 
                        {
                            "name": "Other", 
                            "count": 4, 
                            "value": 303.0
                        }
                    ]
                }, 
                {
                    "race": "Black or African American", 
                    "purchasers": [
                        {
                            "name": "Fannie Mae", 
                            "count": 3, 
                            "value": 849.0
                        }, 
                        {
                            "name": "Ginnie Mae", 
                            "count": 0, 
                            "value": 0
                        }, 
                        {
                            "name": "Freddie Mac", 
                            "count": 1, 
                            "value": 193.0
                        }, 
                        {
                            "name": "Farmer Mac", 
                            "count": 0, 
                            "value": 0
                        }, 
                        {
                            "name": "Private Securitization", 
                            "count": 0, 
                            "value": 0
                        }, 
                        {
                            "name": "Commercial bank, savings bank or association", 
                            "count": 3, 
                            "value": 561.0
                        }, 
                        {
                            "name": "Life insurance co., credit union, finance co.", 
                            "count": 1, 
                            "value": 215.0
                        }, 
                        {
                            "name": "Affiliate institution", 
                            "count": 0, 
                            "value": 0
                        }, 
                        {
                            "name": "Other", 
                            "count": 22, 
                            "value": 5653.0
                        }
                    ]
                }, 
                {
                    "race": "Native Hawaiian or Pacific Islander", 
                    "purchasers": [
                        {
                            "name": "Fannie Mae", 
                            "count": 3, 
                            "value": 402.0
                        }, 
                        {
                            "name": "Ginnie Mae", 
                            "count": 1, 
                            "value": 68.0
                        }, 
                        {
                            "name": "Freddie Mac", 
                            "count": 1, 
                            "value": 85.0
                        }, 
                        {
                            "name": "Farmer Mac", 
                            "count": 0, 
                            "value": 0
                        }, 
                        {
                            "name": "Private Securitization", 
                            "count": 0, 
                            "value": 0
                        }, 
                        {
                            "name": "Commercial bank, savings bank or association", 
                            "count": 0, 
                            "value": 0
                        }, 
                        {
                            "name": "Life insurance co., credit union, finance co.", 
                            "count": 0, 
                            "value": 0
                        }, 
                        {
                            "name": "Affiliate institution", 
                            "count": 0, 
                            "value": 0
                        }, 
                        {
                            "name": "Other", 
                            "count": 20, 
                            "value": 2084.0
                        }
                    ]
                }, 
                {
                    "race": "White", 
                    "purchasers": [
                        {
                            "name": "Fannie Mae", 
                            "count": 0, 
                            "value": 0
                        }, 
                        {
                            "name": "Ginnie Mae", 
                            "count": 0, 
                            "value": 0
                        }, 
                        {
                            "name": "Freddie Mac", 
                            "count": 0, 
                            "value": 0
                        }, 
                        {
                            "name": "Farmer Mac", 
                            "count": 0, 
                            "value": 0
                        }, 
                        {
                            "name": "Private Securitization", 
                            "count": 0, 
                            "value": 0
                        }, 
                        {
                            "name": "Commercial bank, savings bank or association", 
                            "count": 0, 
                            "value": 0
                        }, 
                        {
                            "name": "Life insurance co., credit union, finance co.", 
                            "count": 0, 
                            "value": 0
                        }, 
                        {
                            "name": "Affiliate institution", 
                            "count": 0, 
                            "value": 0
                        }, 
                        {
                            "name": "Other", 
                            "count": 0, 
                            "value": 0
                        }
                    ]
                }, 
                {
                    "race": "2 or more minority races", 
                    "purchasers": [
                        {
                            "name": "Fannie Mae", 
                            "count": 930, 
                            "value": 148344.0
                        }, 
                        {
                            "name": "Ginnie Mae", 
                            "count": 164, 
                            "value": 24287.0
                        }, 
                        {
                            "name": "Freddie Mac", 
                            "count": 254, 
                            "value": 37381.0
                        }, 
                        {
                            "name": "Farmer Mac", 
                            "count": 0, 
                            "value": 0
                        }, 
                        {
                            "name": "Private Securitization", 
                            "count": 1, 
                            "value": 204.0
                        }, 
                        {
                            "name": "Commercial bank, savings bank or association", 
                            "count": 132, 
                            "value": 22065.0
                        }, 
                        {
                            "name": "Life insurance co., credit union, finance co.", 
                            "count": 289, 
                            "value": 49661.0
                        }, 
                        {
                            "name": "Affiliate institution", 
                            "count": 62, 
                            "value": 8148.0
                        }, 
                        {
                            "name": "Other", 
                            "count": 3197, 
                            "value": 421662.0
                        }
                    ]
                }, 
                {
                    "race": "Joint", 
                    "purchasers": [
                        {
                            "name": "Fannie Mae", 
                            "count": 37, 
                            "value": 5393.0
                        }, 
                        {
                            "name": "Ginnie Mae", 
                            "count": 15, 
                            "value": 1798.0
                        }, 
                        {
                            "name": "Freddie Mac", 
                            "count": 6, 
                            "value": 775.0
                        }, 
                        {
                            "name": "Farmer Mac", 
                            "count": 0, 
                            "value": 0
                        }, 
                        {
                            "name": "Private Securitization", 
                            "count": 0, 
                            "value": 0
                        }, 
                        {
                            "name": "Commercial bank, savings bank or association", 
                            "count": 5, 
                            "value": 798.0
                        }, 
                        {
                            "name": "Life insurance co., credit union, finance co.", 
                            "count": 10, 
                            "value": 1567.0
                        }, 
                        {
                            "name": "Affiliate institution", 
                            "count": 1, 
                            "value": 201.0
                        }, 
                        {
                            "name": "Other", 
                            "count": 273, 
                            "value": 28429.0
                        }
                    ]
                }, 
                {
                    "race": "Not Provided", 
                    "purchasers": [
                        {
                            "name": "Fannie Mae", 
                            "count": 216, 
                            "value": 31088.0
                        }, 
                        {
                            "name": "Ginnie Mae", 
                            "count": 74, 
                            "value": 8556.0
                        }, 
                        {
                            "name": "Freddie Mac", 
                            "count": 288, 
                            "value": 47133.0
                        }, 
                        {
                            "name": "Farmer Mac", 
                            "count": 0, 
                            "value": 0
                        }, 
                        {
                            "name": "Private Securitization", 
                            "count": 0, 
                            "value": 0
                        }, 
                        {
                            "name": "Commercial bank, savings bank or association", 
                            "count": 2, 
                            "value": 364.0
                        }, 
                        {
                            "name": "Life insurance co., credit union, finance co.", 
                            "count": 1, 
                            "value": 213.0
                        }, 
                        {
                            "name": "Affiliate institution", 
                            "count": 10, 
                            "value": 1073.0
                        }, 
                        {
                            "name": "Other", 
                            "count": 129, 
                            "value": 15569.0
                        }
                    ]
                }, 
                {
                    "race": "Not Applicable", 
                    "purchasers": [
                        {
                            "name": "Fannie Mae", 
                            "count": 517, 
                            "value": 64155.0
                        }, 
                        {
                            "name": "Ginnie Mae", 
                            "count": 282, 
                            "value": 33586.0
                        }, 
                        {
                            "name": "Freddie Mac", 
                            "count": 168, 
                            "value": 20771.0
                        }, 
                        {
                            "name": "Farmer Mac", 
                            "count": 0, 
                            "value": 0
                        }, 
                        {
                            "name": "Private Securitization", 
                            "count": 2, 
                            "value": 307.0
                        }, 
                        {
                            "name": "Commercial bank, savings bank or association", 
                            "count": 122, 
                            "value": 15311.0
                        }, 
                        {
                            "name": "Life insurance co., credit union, finance co.", 
                            "count": 210, 
                            "value": 28638.0
                        }, 
                        {
                            "name": "Affiliate institution", 
                            "count": 44, 
                            "value": 4378.0
                        }, 
                        {
                            "name": "Other", 
                            "count": 3042, 
                            "value": 359810.0
                        }
                    ]
                }, 
                {
                    "race": "No co-applicant", 
                    "purchasers": [
                        {
                            "name": "Fannie Mae", 
                            "count": 0, 
                            "value": 0
                        }, 
                        {
                            "name": "Ginnie Mae", 
                            "count": 0, 
                            "value": 0
                        }, 
                        {
                            "name": "Freddie Mac", 
                            "count": 0, 
                            "value": 0
                        }, 
                        {
                            "name": "Farmer Mac", 
                            "count": 0, 
                            "value": 0
                        }, 
                        {
                            "name": "Private Securitization", 
                            "count": 0, 
                            "value": 0
                        }, 
                        {
                            "name": "Commercial bank, savings bank or association", 
                            "count": 0, 
                            "value": 0
                        }, 
                        {
                            "name": "Life insurance co., credit union, finance co.", 
                            "count": 0, 
                            "value": 0
                        }, 
                        {
                            "name": "Affiliate institution", 
                            "count": 0, 
                            "value": 0
                        }, 
                        {
                            "name": "Other", 
                            "count": 0, 
                            "value": 0
                        }
                    ]
                }
            ]
        }, 
        {
            "characteristic": "Ethnicity", 
            "ethnicities": [
                {
                    "ethnicitie": "Hispanic or Latino", 
                    "purchasers": [
                        {
                            "name": "Fannie Mae", 
                            "count": 0, 
                            "value": 0
                        }, 
                        {
                            "name": "Ginnie Mae", 
                            "count": 1, 
                            "value": 152
                        }, 
                        {
                            "name": "Freddie Mac", 
                            "count": 0, 
                            "value": 0
                        }, 
                        {
                            "name": "Farmer Mac", 
                            "count": 0, 
                            "value": 0
                        }, 
                        {
                            "name": "Private Securitization", 
                            "count": 0, 
                            "value": 0
                        }, 
                        {
                            "name": "Commercial bank, savings bank or association", 
                            "count": 0, 
                            "value": 0
                        }, 
                        {
                            "name": "Life insurance co., credit union, finance co.", 
                            "count": 0, 
                            "value": 0
                        }, 
                        {
                            "name": "Affiliate institution", 
                            "count": 0, 
                            "value": 0
                        }, 
                        {
                            "name": "Other", 
                            "count": 17, 
                            "value": 963
                        }
                    ]
                }, 
                {
                    "ethnicitie": "Not Hispanic or Latino", 
                    "purchasers": [
                        {
                            "name": "Fannie Mae", 
                            "count": 1398, 
                            "value": 206549
                        }, 
                        {
                            "name": "Ginnie Mae", 
                            "count": 417, 
                            "value": 53981
                        }, 
                        {
                            "name": "Freddie Mac", 
                            "count": 413, 
                            "value": 57084
                        }, 
                        {
                            "name": "Farmer Mac", 
                            "count": 0, 
                            "value": 0
                        }, 
                        {
                            "name": "Private Securitization", 
                            "count": 3, 
                            "value": 511
                        }, 
                        {
                            "name": "Commercial bank, savings bank or association", 
                            "count": 246, 
                            "value": 36413
                        }, 
                        {
                            "name": "Life insurance co., credit union, finance co.", 
                            "count": 482, 
                            "value": 76382
                        }, 
                        {
                            "name": "Affiliate institution", 
                            "count": 95, 
                            "value": 11542
                        }, 
                        {
                            "name": "Other", 
                            "count": 5710, 
                            "value": 691398
                        }
                    ]
                }, 
                {
                    "ethnicitie": "Not provided", 
                    "purchasers": [
                        {
                            "name": "Fannie Mae", 
                            "count": 20, 
                            "value": 2918
                        }, 
                        {
                            "name": "Ginnie Mae", 
                            "count": 14, 
                            "value": 1891
                        }, 
                        {
                            "name": "Freddie Mac", 
                            "count": 5, 
                            "value": 723
                        }, 
                        {
                            "name": "Farmer Mac", 
                            "count": 0, 
                            "value": 0
                        }, 
                        {
                            "name": "Private Securitization", 
                            "count": 0, 
                            "value": 0
                        }, 
                        {
                            "name": "Commercial bank, savings bank or association", 
                            "count": 5, 
                            "value": 603
                        }, 
                        {
                            "name": "Life insurance co., credit union, finance co.", 
                            "count": 4, 
                            "value": 773
                        }, 
                        {
                            "name": "Affiliate institution", 
                            "count": 2, 
                            "value": 328
                        }, 
                        {
                            "name": "Other", 
                            "count": 56, 
                            "value": 4859
                        }
                    ]
                }, 
                {
                    "ethnicitie": "Not applicable", 
                    "purchasers": [
                        {
                            "name": "Fannie Mae", 
                            "count": 288, 
                            "value": 40764
                        }, 
                        {
                            "name": "Ginnie Mae", 
                            "count": 104, 
                            "value": 12271
                        }, 
                        {
                            "name": "Freddie Mac", 
                            "count": 300, 
                            "value": 48531
                        }, 
                        {
                            "name": "Farmer Mac", 
                            "count": 0, 
                            "value": 0
                        }, 
                        {
                            "name": "Private Securitization", 
                            "count": 0, 
                            "value": 0
                        }, 
                        {
                            "name": "Commercial bank, savings bank or association", 
                            "count": 13, 
                            "value": 2083
                        }, 
                        {
                            "name": "Life insurance co., credit union, finance co.", 
                            "count": 25, 
                            "value": 3139
                        }, 
                        {
                            "name": "Affiliate institution", 
                            "count": 20, 
                            "value": 1930
                        }, 
                        {
                            "name": "Other", 
                            "count": 904, 
                            "value": 136290
                        }
                    ]
                }, 
                {
                    "ethnicitie": "No co-applicant", 
                    "purchasers": [
                        {
                            "name": "Fannie Mae", 
                            "count": 0, 
                            "value": 0
                        }, 
                        {
                            "name": "Ginnie Mae", 
                            "count": 0, 
                            "value": 0
                        }, 
                        {
                            "name": "Freddie Mac", 
                            "count": 0, 
                            "value": 0
                        }, 
                        {
                            "name": "Farmer Mac", 
                            "count": 0, 
                            "value": 0
                        }, 
                        {
                            "name": "Private Securitization", 
                            "count": 0, 
                            "value": 0
                        }, 
                        {
                            "name": "Commercial bank, savings bank or association", 
                            "count": 0, 
                            "value": 0
                        }, 
                        {
                            "name": "Life insurance co., credit union, finance co.", 
                            "count": 0, 
                            "value": 0
                        }, 
                        {
                            "name": "Affiliate institution", 
                            "count": 0, 
                            "value": 0
                        }, 
                        {
                            "name": "Other", 
                            "count": 0, 
                            "value": 0
                        }
                    ]
                }
            ]
        }, 
        {
            "characteristic": "Minority Status", 
            "minoritystatuses": [
                {
                    "minoritystatuse": "White Non-Hispanic", 
                    "purchasers": [
                        {
                            "name": "Fannie Mae", 
                            "count": 1656, 
                            "value": 241504
                        }, 
                        {
                            "name": "Ginnie Mae", 
                            "count": 505, 
                            "value": 64331
                        }, 
                        {
                            "name": "Freddie Mac", 
                            "count": 698, 
                            "value": 103691
                        }, 
                        {
                            "name": "Farmer Mac", 
                            "count": 0, 
                            "value": 0
                        }, 
                        {
                            "name": "Private Securitization", 
                            "count": 2, 
                            "value": 316
                        }, 
                        {
                            "name": "Commercial bank, savings bank or association", 
                            "count": 251, 
                            "value": 37169
                        }, 
                        {
                            "name": "Life insurance co., credit union, finance co.", 
                            "count": 501, 
                            "value": 78558
                        }, 
                        {
                            "name": "Affiliate institution", 
                            "count": 114, 
                            "value": 13434
                        }, 
                        {
                            "name": "Other", 
                            "count": 6372, 
                            "value": 799730
                        }
                    ]
                }, 
                {
                    "minoritystatuse": "Others, Including Hispanic", 
                    "purchasers": [
                        {
                            "name": "Fannie Mae", 
                            "count": 50, 
                            "value": 8727
                        }, 
                        {
                            "name": "Ginnie Mae", 
                            "count": 31, 
                            "value": 3964
                        }, 
                        {
                            "name": "Freddie Mac", 
                            "count": 20, 
                            "value": 2647
                        }, 
                        {
                            "name": "Farmer Mac", 
                            "count": 0, 
                            "value": 0
                        }, 
                        {
                            "name": "Private Securitization", 
                            "count": 1, 
                            "value": 195
                        }, 
                        {
                            "name": "Commercial bank, savings bank or association", 
                            "count": 13, 
                            "value": 1930
                        }, 
                        {
                            "name": "Life insurance co., credit union, finance co.", 
                            "count": 10, 
                            "value": 1736
                        }, 
                        {
                            "name": "Affiliate institution", 
                            "count": 3, 
                            "value": 366
                        }, 
                        {
                            "name": "Other", 
                            "count": 315, 
                            "value": 33780
                        }
                    ]
                }
            ]
        }, 
        {
            "characteristic": "Applicant Income", 
            "applicantincomes": [
                {
                    "applicantincome": "Less than 50% of MSA/MD median", 
                    "purchasers": [
                        {
                            "name": "Fannie Mae", 
                            "count": 82, 
                            "value": 6013
                        }, 
                        {
                            "name": "Ginnie Mae", 
                            "count": 64, 
                            "value": 5443
                        }, 
                        {
                            "name": "Freddie Mac", 
                            "count": 30, 
                            "value": 1976
                        }, 
                        {
                            "name": "Farmer Mac", 
                            "count": 0, 
                            "value": 0
                        }, 
                        {
                            "name": "Private Securitization", 
                            "count": 0, 
                            "value": 0
                        }, 
                        {
                            "name": "Commercial bank, savings bank or association", 
                            "count": 25, 
                            "value": 2011
                        }, 
                        {
                            "name": "Life insurance co., credit union, finance co.", 
                            "count": 42, 
                            "value": 3294
                        }, 
                        {
                            "name": "Affiliate institution", 
                            "count": 12, 
                            "value": 954
                        }, 
                        {
                            "name": "Other", 
                            "count": 682, 
                            "value": 43746
                        }
                    ]
                }, 
                {
                    "applicantincome": "50-79% of MSA/MD median", 
                    "purchasers": [
                        {
                            "name": "Fannie Mae", 
                            "count": 252, 
                            "value": 24586
                        }, 
                        {
                            "name": "Ginnie Mae", 
                            "count": 124, 
                            "value": 13163
                        }, 
                        {
                            "name": "Freddie Mac", 
                            "count": 70, 
                            "value": 6320
                        }, 
                        {
                            "name": "Farmer Mac", 
                            "count": 0, 
                            "value": 0
                        }, 
                        {
                            "name": "Private Securitization", 
                            "count": 0, 
                            "value": 0
                        }, 
                        {
                            "name": "Commercial bank, savings bank or association", 
                            "count": 55, 
                            "value": 5845
                        }, 
                        {
                            "name": "Life insurance co., credit union, finance co.", 
                            "count": 87, 
                            "value": 9186
                        }, 
                        {
                            "name": "Affiliate institution", 
                            "count": 21, 
                            "value": 1892
                        }, 
                        {
                            "name": "Other", 
                            "count": 1294, 
                            "value": 113255
                        }
                    ]
                }, 
                {
                    "applicantincome": "80-99% of MSA/MD median", 
                    "purchasers": [
                        {
                            "name": "Fannie Mae", 
                            "count": 190, 
                            "value": 23124
                        }, 
                        {
                            "name": "Ginnie Mae", 
                            "count": 52, 
                            "value": 6852
                        }, 
                        {
                            "name": "Freddie Mac", 
                            "count": 50, 
                            "value": 5498
                        }, 
                        {
                            "name": "Farmer Mac", 
                            "count": 0, 
                            "value": 0
                        }, 
                        {
                            "name": "Private Securitization", 
                            "count": 0, 
                            "value": 0
                        }, 
                        {
                            "name": "Commercial bank, savings bank or association", 
                            "count": 31, 
                            "value": 3867
                        }, 
                        {
                            "name": "Life insurance co., credit union, finance co.", 
                            "count": 50, 
                            "value": 6755
                        }, 
                        {
                            "name": "Affiliate institution", 
                            "count": 10, 
                            "value": 1058
                        }, 
                        {
                            "name": "Other", 
                            "count": 845, 
                            "value": 81123
                        }
                    ]
                }, 
                {
                    "applicantincome": "100-119% of MSA/MD median", 
                    "purchasers": [
                        {
                            "name": "Fannie Mae", 
                            "count": 172, 
                            "value": 22621
                        }, 
                        {
                            "name": "Ginnie Mae", 
                            "count": 33, 
                            "value": 5161
                        }, 
                        {
                            "name": "Freddie Mac", 
                            "count": 52, 
                            "value": 5948
                        }, 
                        {
                            "name": "Farmer Mac", 
                            "count": 0, 
                            "value": 0
                        }, 
                        {
                            "name": "Private Securitization", 
                            "count": 0, 
                            "value": 0
                        }, 
                        {
                            "name": "Commercial bank, savings bank or association", 
                            "count": 37, 
                            "value": 5301
                        }, 
                        {
                            "name": "Life insurance co., credit union, finance co.", 
                            "count": 69, 
                            "value": 10306
                        }, 
                        {
                            "name": "Affiliate institution", 
                            "count": 23, 
                            "value": 2567
                        }, 
                        {
                            "name": "Other", 
                            "count": 763, 
                            "value": 84424
                        }
                    ]
                }, 
                {
                    "applicantincome": "120% or more of MSA/MD median", 
                    "purchasers": [
                        {
                            "name": "Fannie Mae", 
                            "count": 745, 
                            "value": 135027
                        }, 
                        {
                            "name": "Ginnie Mae", 
                            "count": 80, 
                            "value": 14354
                        }, 
                        {
                            "name": "Freddie Mac", 
                            "count": 233, 
                            "value": 39176
                        }, 
                        {
                            "name": "Farmer Mac", 
                            "count": 0, 
                            "value": 0
                        }, 
                        {
                            "name": "Private Securitization", 
                            "count": 3, 
                            "value": 511
                        }, 
                        {
                            "name": "Commercial bank, savings bank or association", 
                            "count": 100, 
                            "value": 19637
                        }, 
                        {
                            "name": "Life insurance co., credit union, finance co.", 
                            "count": 258, 
                            "value": 50227
                        }, 
                        {
                            "name": "Affiliate institution", 
                            "count": 49, 
                            "value": 7054
                        }, 
                        {
                            "name": "Other", 
                            "count": 2434, 
                            "value": 380066
                        }
                    ]
                }, 
                {
                    "applicantincome": "income not available", 
                    "purchasers": [
                        {
                            "name": "Fannie Mae", 
                            "count": 265, 
                            "value": 38860
                        }, 
                        {
                            "name": "Ginnie Mae", 
                            "count": 183, 
                            "value": 23322
                        }, 
                        {
                            "name": "Freddie Mac", 
                            "count": 283, 
                            "value": 47420
                        }, 
                        {
                            "name": "Farmer Mac", 
                            "count": 0, 
                            "value": 0
                        }, 
                        {
                            "name": "Private Securitization", 
                            "count": 0, 
                            "value": 0
                        }, 
                        {
                            "name": "Commercial bank, savings bank or association", 
                            "count": 14, 
                            "value": 2127
                        }, 
                        {
                            "name": "Life insurance co., credit union, finance co.", 
                            "count": 5, 
                            "value": 526
                        }, 
                        {
                            "name": "Affiliate institution", 
                            "count": 2, 
                            "value": 275
                        }, 
                        {
                            "name": "Other", 
                            "count": 666, 
                            "value": 130473
                        }
                    ]
                }
            ]
        }
    ], 
    "censuscharacteristics": [
        {
            "characteristic": "Racial/Ethnic Composition", 
            "tractpctminority": [
                {
                    "tractpctminorit": "Less than 10% minority", 
                    "purchasers": [
                        {
                            "name": "Fannie Mae", 
                            "count": 1363, 
                            "value": 210927
                        }, 
                        {
                            "name": "Ginnie Mae", 
                            "count": 356, 
                            "value": 49052
                        }, 
                        {
                            "name": "Freddie Mac", 
                            "count": 574, 
                            "value": 88358
                        }, 
                        {
                            "name": "Farmer Mac", 
                            "count": 0, 
                            "value": 0
                        }, 
                        {
                            "name": "Private Securitization", 
                            "count": 2, 
                            "value": 399
                        }, 
                        {
                            "name": "Commercial bank, savings bank or association", 
                            "count": 196, 
                            "value": 31556
                        }, 
                        {
                            "name": "Life insurance co., credit union, finance co.", 
                            "count": 448, 
                            "value": 72086
                        }, 
                        {
                            "name": "Affiliate institution", 
                            "count": 84, 
                            "value": 10483
                        }, 
                        {
                            "name": "Other", 
                            "count": 4708, 
                            "value": 633039
                        }
                    ]
                }, 
                {
                    "tractpctminorit": "10-19% minority", 
                    "purchasers": [
                        {
                            "name": "Fannie Mae", 
                            "count": 334, 
                            "value": 38614
                        }, 
                        {
                            "name": "Ginnie Mae", 
                            "count": 165, 
                            "value": 18073
                        }, 
                        {
                            "name": "Freddie Mac", 
                            "count": 139, 
                            "value": 17708
                        }, 
                        {
                            "name": "Farmer Mac", 
                            "count": 0, 
                            "value": 0
                        }, 
                        {
                            "name": "Private Securitization", 
                            "count": 1, 
                            "value": 112
                        }, 
                        {
                            "name": "Commercial bank, savings bank or association", 
                            "count": 62, 
                            "value": 6977
                        }, 
                        {
                            "name": "Life insurance co., credit union, finance co.", 
                            "count": 61, 
                            "value": 8071
                        }, 
                        {
                            "name": "Affiliate institution", 
                            "count": 31, 
                            "value": 3239
                        }, 
                        {
                            "name": "Other", 
                            "count": 1772, 
                            "value": 185958
                        }
                    ]
                }, 
                {
                    "tractpctminorit": "20-49% minority", 
                    "purchasers": [
                        {
                            "name": "Fannie Mae", 
                            "count": 7, 
                            "value": 590
                        }, 
                        {
                            "name": "Ginnie Mae", 
                            "count": 11, 
                            "value": 800
                        }, 
                        {
                            "name": "Freddie Mac", 
                            "count": 4, 
                            "value": 234
                        }, 
                        {
                            "name": "Farmer Mac", 
                            "count": 0, 
                            "value": 0
                        }, 
                        {
                            "name": "Private Securitization", 
                            "count": 0, 
                            "value": 0
                        }, 
                        {
                            "name": "Commercial bank, savings bank or association", 
                            "count": 4, 
                            "value": 255
                        }, 
                        {
                            "name": "Life insurance co., credit union, finance co.", 
                            "count": 2, 
                            "value": 137
                        }, 
                        {
                            "name": "Affiliate institution", 
                            "count": 1, 
                            "value": 40
                        }, 
                        {
                            "name": "Other", 
                            "count": 164, 
                            "value": 11482
                        }
                    ]
                }, 
                {
                    "tractpctminorit": "50-79% minority", 
                    "purchasers": [
                        {
                            "name": "Fannie Mae", 
                            "count": 2, 
                            "value": 100
                        }, 
                        {
                            "name": "Ginnie Mae", 
                            "count": 4, 
                            "value": 370
                        }, 
                        {
                            "name": "Freddie Mac", 
                            "count": 1, 
                            "value": 38
                        }, 
                        {
                            "name": "Farmer Mac", 
                            "count": 0, 
                            "value": 0
                        }, 
                        {
                            "name": "Private Securitization", 
                            "count": 0, 
                            "value": 0
                        }, 
                        {
                            "name": "Commercial bank, savings bank or association", 
                            "count": 0, 
                            "value": 0
                        }, 
                        {
                            "name": "Life insurance co., credit union, finance co.", 
                            "count": 0, 
                            "value": 0
                        }, 
                        {
                            "name": "Affiliate institution", 
                            "count": 1, 
                            "value": 38
                        }, 
                        {
                            "name": "Other", 
                            "count": 39, 
                            "value": 2364
                        }
                    ]
                }, 
                {
                    "tractpctminorit": "80-100% minority", 
                    "purchasers": [
                        {
                            "name": "Fannie Mae", 
                            "count": 0, 
                            "value": 0
                        }, 
                        {
                            "name": "Ginnie Mae", 
                            "count": 0, 
                            "value": 0
                        }, 
                        {
                            "name": "Freddie Mac", 
                            "count": 0, 
                            "value": 0
                        }, 
                        {
                            "name": "Farmer Mac", 
                            "count": 0, 
                            "value": 0
                        }, 
                        {
                            "name": "Private Securitization", 
                            "count": 0, 
                            "value": 0
                        }, 
                        {
                            "name": "Commercial bank, savings bank or association", 
                            "count": 0, 
                            "value": 0
                        }, 
                        {
                            "name": "Life insurance co., credit union, finance co.", 
                            "count": 0, 
                            "value": 0
                        }, 
                        {
                            "name": "Affiliate institution", 
                            "count": 0, 
                            "value": 0
                        }, 
                        {
                            "name": "Other", 
                            "count": 0, 
                            "value": 0
                        }
                    ]
                }
            ]
        }, 
        {
            "characteristic": "Income", 
            "incomelevel": [
                {
                    "incomeleve": "Low income", 
                    "purchasers": [
                        {
                            "name": "Fannie Mae", 
                            "count": 5, 
                            "value": 284
                        }, 
                        {
                            "name": "Ginnie Mae", 
                            "count": 5, 
                            "value": 350
                        }, 
                        {
                            "name": "Freddie Mac", 
                            "count": 3, 
                            "value": 176
                        }, 
                        {
                            "name": "Farmer Mac", 
                            "count": 0, 
                            "value": 0
                        }, 
                        {
                            "name": "Private Securitization", 
                            "count": 0, 
                            "value": 0
                        }, 
                        {
                            "name": "Commercial bank, savings bank or association", 
                            "count": 4, 
                            "value": 268
                        }, 
                        {
                            "name": "Life insurance co., credit union, finance co.", 
                            "count": 3, 
                            "value": 210
                        }, 
                        {
                            "name": "Affiliate institution", 
                            "count": 1, 
                            "value": 81
                        }, 
                        {
                            "name": "Other", 
                            "count": 147, 
                            "value": 14360
                        }
                    ]
                }, 
                {
                    "incomeleve": "Moderate income", 
                    "purchasers": [
                        {
                            "name": "Fannie Mae", 
                            "count": 66, 
                            "value": 5069
                        }, 
                        {
                            "name": "Ginnie Mae", 
                            "count": 64, 
                            "value": 5180
                        }, 
                        {
                            "name": "Freddie Mac", 
                            "count": 24, 
                            "value": 1777
                        }, 
                        {
                            "name": "Farmer Mac", 
                            "count": 0, 
                            "value": 0
                        }, 
                        {
                            "name": "Private Securitization", 
                            "count": 1, 
                            "value": 112
                        }, 
                        {
                            "name": "Commercial bank, savings bank or association", 
                            "count": 21, 
                            "value": 1976
                        }, 
                        {
                            "name": "Life insurance co., credit union, finance co.", 
                            "count": 9, 
                            "value": 836
                        }, 
                        {
                            "name": "Affiliate institution", 
                            "count": 14, 
                            "value": 1065
                        }, 
                        {
                            "name": "Other", 
                            "count": 639, 
                            "value": 50591
                        }
                    ]
                }, 
                {
                    "incomeleve": "Middle income", 
                    "purchasers": [
                        {
                            "name": "Fannie Mae", 
                            "count": 1039, 
                            "value": 137690
                        }, 
                        {
                            "name": "Ginnie Mae", 
                            "count": 358, 
                            "value": 45110
                        }, 
                        {
                            "name": "Freddie Mac", 
                            "count": 414, 
                            "value": 53403
                        }, 
                        {
                            "name": "Farmer Mac", 
                            "count": 0, 
                            "value": 0
                        }, 
                        {
                            "name": "Private Securitization", 
                            "count": 1, 
                            "value": 204
                        }, 
                        {
                            "name": "Commercial bank, savings bank or association", 
                            "count": 168, 
                            "value": 23019
                        }, 
                        {
                            "name": "Life insurance co., credit union, finance co.", 
                            "count": 324, 
                            "value": 46527
                        }, 
                        {
                            "name": "Affiliate institution", 
                            "count": 69, 
                            "value": 8331
                        }, 
                        {
                            "name": "Other", 
                            "count": 4083, 
                            "value": 469382
                        }
                    ]
                }, 
                {
                    "incomeleve": "Upper income", 
                    "purchasers": [
                        {
                            "name": "Fannie Mae", 
                            "count": 596, 
                            "value": 107188
                        }, 
                        {
                            "name": "Ginnie Mae", 
                            "count": 109, 
                            "value": 17655
                        }, 
                        {
                            "name": "Freddie Mac", 
                            "count": 277, 
                            "value": 50982
                        }, 
                        {
                            "name": "Farmer Mac", 
                            "count": 0, 
                            "value": 0
                        }, 
                        {
                            "name": "Private Securitization", 
                            "count": 1, 
                            "value": 195
                        }, 
                        {
                            "name": "Commercial bank, savings bank or association", 
                            "count": 69, 
                            "value": 13525
                        }, 
                        {
                            "name": "Life insurance co., credit union, finance co.", 
                            "count": 175, 
                            "value": 32721
                        }, 
                        {
                            "name": "Affiliate institution", 
                            "count": 33, 
                            "value": 4323
                        }, 
                        {
                            "name": "Other", 
                            "count": 1814, 
                            "value": 298510
                        }
                    ]
                }
            ]
        }
    ], 
    "total": {
        "purchasers": [
            {
                "name": "Fannie Mae", 
                "count": 1706, 
                "value": 250231
            }, 
            {
                "name": "Ginnie Mae", 
                "count": 536, 
                "value": 68295
            }, 
            {
                "name": "Freddie Mac", 
                "count": 718, 
                "value": 106338
            }, 
            {
                "name": "Farmer Mac", 
                "count": 0, 
                "value": 0
            }, 
            {
                "name": "Private Securitization", 
                "count": 3, 
                "value": 511
            }, 
            {
                "name": "Commercial bank, savings bank or association", 
                "count": 264, 
                "value": 39099
            }, 
            {
                "name": "Life insurance co., credit union, finance co.", 
                "count": 511, 
                "value": 80294
            }, 
            {
                "name": "Affiliate institution", 
                "count": 117, 
                "value": 13800
            }, 
            {
                "name": "Other", 
                "count": 6687, 
                "value": 833510
            }
        ]
    }
}