{
    "table": "3-1", 
    "type": "Aggregate", 
    "desc": "Loans sold, by characteristics of borrower and census tract in which property is located and by type of purchaser (includes originations and purchased loans),", 
    "year": "2012", 
    "msa": {
        "id": "26300", 
        "name": "Hot-Springs", 
        "state": "AR", 
        "state_name": "Arkansas"
    }, 
    "borrowercharacteristics": [
        {
            "characteristic": "Race", 
            "races": [
                {
                    "race": "American Indian/Alaska Native", 
                    "purchasers": [
                        {
                            "name": "Fannie Mae", 
                            "count": 2, 
                            "value": 146.0
                        }, 
                        {
                            "name": "Ginnie Mae", 
                            "count": 1, 
                            "value": 84.0
                        }, 
                        {
                            "name": "Freddie Mac", 
                            "count": 1, 
                            "value": 417.0
                        }, 
                        {
                            "name": "Farmer Mac", 
                            "count": 0, 
                            "value": 0
                        }, 
                        {
                            "name": "Private Securitization", 
                            "count": 0, 
                            "value": 0
                        }, 
                        {
                            "name": "Commercial bank, savings bank or association", 
                            "count": 0, 
                            "value": 0
                        }, 
                        {
                            "name": "Life insurance co., credit union, finance co.", 
                            "count": 0, 
                            "value": 0
                        }, 
                        {
                            "name": "Affiliate institution", 
                            "count": 0, 
                            "value": 0
                        }, 
                        {
                            "name": "Other", 
                            "count": 6, 
                            "value": 539.0
                        }
                    ]
                }, 
                {
                    "race": "Asian", 
                    "purchasers": [
                        {
                            "name": "Fannie Mae", 
                            "count": 1, 
                            "value": 58.0
                        }, 
                        {
                            "name": "Ginnie Mae", 
                            "count": 0, 
                            "value": 0
                        }, 
                        {
                            "name": "Freddie Mac", 
                            "count": 0, 
                            "value": 0
                        }, 
                        {
                            "name": "Farmer Mac", 
                            "count": 0, 
                            "value": 0
                        }, 
                        {
                            "name": "Private Securitization", 
                            "count": 0, 
                            "value": 0
                        }, 
                        {
                            "name": "Commercial bank, savings bank or association", 
                            "count": 0, 
                            "value": 0
                        }, 
                        {
                            "name": "Life insurance co., credit union, finance co.", 
                            "count": 0, 
                            "value": 0
                        }, 
                        {
                            "name": "Affiliate institution", 
                            "count": 0, 
                            "value": 0
                        }, 
                        {
                            "name": "Other", 
                            "count": 13, 
                            "value": 1008.0
                        }
                    ]
                }, 
                {
                    "race": "Black or African American", 
                    "purchasers": [
                        {
                            "name": "Fannie Mae", 
                            "count": 3, 
                            "value": 433.0
                        }, 
                        {
                            "name": "Ginnie Mae", 
                            "count": 2, 
                            "value": 271.0
                        }, 
                        {
                            "name": "Freddie Mac", 
                            "count": 2, 
                            "value": 499.0
                        }, 
                        {
                            "name": "Farmer Mac", 
                            "count": 0, 
                            "value": 0
                        }, 
                        {
                            "name": "Private Securitization", 
                            "count": 0, 
                            "value": 0
                        }, 
                        {
                            "name": "Commercial bank, savings bank or association", 
                            "count": 1, 
                            "value": 147.0
                        }, 
                        {
                            "name": "Life insurance co., credit union, finance co.", 
                            "count": 1, 
                            "value": 123.0
                        }, 
                        {
                            "name": "Affiliate institution", 
                            "count": 0, 
                            "value": 0
                        }, 
                        {
                            "name": "Other", 
                            "count": 12, 
                            "value": 3008.0
                        }
                    ]
                }, 
                {
                    "race": "Native Hawaiian or Other Pacific Islander", 
                    "purchasers": [
                        {
                            "name": "Fannie Mae", 
                            "count": 12, 
                            "value": 1259.0
                        }, 
                        {
                            "name": "Ginnie Mae", 
                            "count": 17, 
                            "value": 2485.0
                        }, 
                        {
                            "name": "Freddie Mac", 
                            "count": 3, 
                            "value": 479.0
                        }, 
                        {
                            "name": "Farmer Mac", 
                            "count": 0, 
                            "value": 0
                        }, 
                        {
                            "name": "Private Securitization", 
                            "count": 0, 
                            "value": 0
                        }, 
                        {
                            "name": "Commercial bank, savings bank or association", 
                            "count": 7, 
                            "value": 974.0
                        }, 
                        {
                            "name": "Life insurance co., credit union, finance co.", 
                            "count": 3, 
                            "value": 404.0
                        }, 
                        {
                            "name": "Affiliate institution", 
                            "count": 2, 
                            "value": 1615.0
                        }, 
                        {
                            "name": "Other", 
                            "count": 121, 
                            "value": 9146.0
                        }
                    ]
                }, 
                {
                    "race": "White", 
                    "purchasers": [
                        {
                            "name": "Fannie Mae", 
                            "count": 0, 
                            "value": 0
                        }, 
                        {
                            "name": "Ginnie Mae", 
                            "count": 2, 
                            "value": 332.0
                        }, 
                        {
                            "name": "Freddie Mac", 
                            "count": 0, 
                            "value": 0
                        }, 
                        {
                            "name": "Farmer Mac", 
                            "count": 0, 
                            "value": 0
                        }, 
                        {
                            "name": "Private Securitization", 
                            "count": 0, 
                            "value": 0
                        }, 
                        {
                            "name": "Commercial bank, savings bank or association", 
                            "count": 0, 
                            "value": 0
                        }, 
                        {
                            "name": "Life insurance co., credit union, finance co.", 
                            "count": 0, 
                            "value": 0
                        }, 
                        {
                            "name": "Affiliate institution", 
                            "count": 0, 
                            "value": 0
                        }, 
                        {
                            "name": "Other", 
                            "count": 2, 
                            "value": 142.0
                        }
                    ]
                }, 
                {
                    "race": "2 or more minority races", 
                    "purchasers": [
                        {
                            "name": "Fannie Mae", 
                            "count": 925, 
                            "value": 145430.0
                        }, 
                        {
                            "name": "Ginnie Mae", 
                            "count": 511, 
                            "value": 71045.0
                        }, 
                        {
                            "name": "Freddie Mac", 
                            "count": 296, 
                            "value": 44260.0
                        }, 
                        {
                            "name": "Farmer Mac", 
                            "count": 0, 
                            "value": 0
                        }, 
                        {
                            "name": "Private Securitization", 
                            "count": 20, 
                            "value": 3355.0
                        }, 
                        {
                            "name": "Commercial bank, savings bank or association", 
                            "count": 409, 
                            "value": 66508.0
                        }, 
                        {
                            "name": "Life insurance co., credit union, finance co.", 
                            "count": 257, 
                            "value": 41254.0
                        }, 
                        {
                            "name": "Affiliate institution", 
                            "count": 63, 
                            "value": 10012.0
                        }, 
                        {
                            "name": "Other", 
                            "count": 2865, 
                            "value": 364972.0
                        }
                    ]
                }, 
                {
                    "race": "Joint (White/Minority Race", 
                    "purchasers": [
                        {
                            "name": "Fannie Mae", 
                            "count": 8, 
                            "value": 925.0
                        }, 
                        {
                            "name": "Ginnie Mae", 
                            "count": 7, 
                            "value": 1007.0
                        }, 
                        {
                            "name": "Freddie Mac", 
                            "count": 3, 
                            "value": 200.0
                        }, 
                        {
                            "name": "Farmer Mac", 
                            "count": 0, 
                            "value": 0
                        }, 
                        {
                            "name": "Private Securitization", 
                            "count": 0, 
                            "value": 0
                        }, 
                        {
                            "name": "Commercial bank, savings bank or association", 
                            "count": 3, 
                            "value": 428.0
                        }, 
                        {
                            "name": "Life insurance co., credit union, finance co.", 
                            "count": 1, 
                            "value": 133.0
                        }, 
                        {
                            "name": "Affiliate institution", 
                            "count": 1, 
                            "value": 169.0
                        }, 
                        {
                            "name": "Other", 
                            "count": 28, 
                            "value": 3071.0
                        }
                    ]
                }, 
                {
                    "race": "Not Available", 
                    "purchasers": [
                        {
                            "name": "Fannie Mae", 
                            "count": 141, 
                            "value": 23930.0
                        }, 
                        {
                            "name": "Ginnie Mae", 
                            "count": 64, 
                            "value": 13185.0
                        }, 
                        {
                            "name": "Freddie Mac", 
                            "count": 105, 
                            "value": 18822.0
                        }, 
                        {
                            "name": "Farmer Mac", 
                            "count": 0, 
                            "value": 0
                        }, 
                        {
                            "name": "Private Securitization", 
                            "count": 4, 
                            "value": 1098.0
                        }, 
                        {
                            "name": "Commercial bank, savings bank or association", 
                            "count": 10, 
                            "value": 1459.0
                        }, 
                        {
                            "name": "Life insurance co., credit union, finance co.", 
                            "count": 2, 
                            "value": 523.0
                        }, 
                        {
                            "name": "Affiliate institution", 
                            "count": 11, 
                            "value": 1853.0
                        }, 
                        {
                            "name": "Other", 
                            "count": 599, 
                            "value": 75476.0
                        }
                    ]
                }
            ]
        }, 
        {
            "characteristic": "Ethnicity", 
            "ethnicities": [
                {
                    "ethnicity": "Hispanic or Latino", 
                    "purchasers": [
                        {
                            "name": "Fannie Mae", 
                            "count": 7, 
                            "value": 940
                        }, 
                        {
                            "name": "Ginnie Mae", 
                            "count": 5, 
                            "value": 498
                        }, 
                        {
                            "name": "Freddie Mac", 
                            "count": 0, 
                            "value": 0
                        }, 
                        {
                            "name": "Farmer Mac", 
                            "count": 0, 
                            "value": 0
                        }, 
                        {
                            "name": "Private Securitization", 
                            "count": 0, 
                            "value": 0
                        }, 
                        {
                            "name": "Commercial bank, savings bank or association", 
                            "count": 5, 
                            "value": 472
                        }, 
                        {
                            "name": "Life insurance co., credit union, finance co.", 
                            "count": 0, 
                            "value": 0
                        }, 
                        {
                            "name": "Affiliate institution", 
                            "count": 3, 
                            "value": 251
                        }, 
                        {
                            "name": "Other", 
                            "count": 66, 
                            "value": 6174
                        }
                    ]
                }, 
                {
                    "ethnicity": "Not Hispanic or Latino", 
                    "purchasers": [
                        {
                            "name": "Fannie Mae", 
                            "count": 940, 
                            "value": 146696
                        }, 
                        {
                            "name": "Ginnie Mae", 
                            "count": 538, 
                            "value": 74516
                        }, 
                        {
                            "name": "Freddie Mac", 
                            "count": 302, 
                            "value": 45571
                        }, 
                        {
                            "name": "Farmer Mac", 
                            "count": 0, 
                            "value": 0
                        }, 
                        {
                            "name": "Private Securitization", 
                            "count": 18, 
                            "value": 3217
                        }, 
                        {
                            "name": "Commercial bank, savings bank or association", 
                            "count": 411, 
                            "value": 66872
                        }, 
                        {
                            "name": "Life insurance co., credit union, finance co.", 
                            "count": 261, 
                            "value": 41672
                        }, 
                        {
                            "name": "Affiliate institution", 
                            "count": 64, 
                            "value": 12050
                        }, 
                        {
                            "name": "Other", 
                            "count": 2852, 
                            "value": 367369
                        }
                    ]
                }, 
                {
                    "ethnicity": "Joint (Hispanic or Latino/Not Hispanic or Latino", 
                    "purchasers": [
                        {
                            "name": "Fannie Mae", 
                            "count": 6, 
                            "value": 995
                        }, 
                        {
                            "name": "Ginnie Mae", 
                            "count": 4, 
                            "value": 848
                        }, 
                        {
                            "name": "Freddie Mac", 
                            "count": 6, 
                            "value": 699
                        }, 
                        {
                            "name": "Farmer Mac", 
                            "count": 0, 
                            "value": 0
                        }, 
                        {
                            "name": "Private Securitization", 
                            "count": 1, 
                            "value": 65
                        }, 
                        {
                            "name": "Commercial bank, savings bank or association", 
                            "count": 2, 
                            "value": 322
                        }, 
                        {
                            "name": "Life insurance co., credit union, finance co.", 
                            "count": 1, 
                            "value": 242
                        }, 
                        {
                            "name": "Affiliate institution", 
                            "count": 0, 
                            "value": 0
                        }, 
                        {
                            "name": "Other", 
                            "count": 25, 
                            "value": 2825
                        }
                    ]
                }, 
                {
                    "ethnicity": "Ethnicity Not Available", 
                    "purchasers": [
                        {
                            "name": "Fannie Mae", 
                            "count": 139, 
                            "value": 23550
                        }, 
                        {
                            "name": "Ginnie Mae", 
                            "count": 57, 
                            "value": 12547
                        }, 
                        {
                            "name": "Freddie Mac", 
                            "count": 102, 
                            "value": 18407
                        }, 
                        {
                            "name": "Farmer Mac", 
                            "count": 0, 
                            "value": 0
                        }, 
                        {
                            "name": "Private Securitization", 
                            "count": 5, 
                            "value": 1171
                        }, 
                        {
                            "name": "Commercial bank, savings bank or association", 
                            "count": 12, 
                            "value": 1850
                        }, 
                        {
                            "name": "Life insurance co., credit union, finance co.", 
                            "count": 2, 
                            "value": 523
                        }, 
                        {
                            "name": "Affiliate institution", 
                            "count": 10, 
                            "value": 1348
                        }, 
                        {
                            "name": "Other", 
                            "count": 703, 
                            "value": 80994
                        }
                    ]
                }
            ]
        }, 
        {
            "characteristic": "Minority Status", 
            "minoritystatuses": [
                {
                    "minoritystatus": "White Non-Hispanic", 
                    "purchasers": [
                        {
                            "name": "Fannie Mae", 
                            "count": 1052, 
                            "value": 167285
                        }, 
                        {
                            "name": "Ginnie Mae", 
                            "count": 567, 
                            "value": 83049
                        }, 
                        {
                            "name": "Freddie Mac", 
                            "count": 395, 
                            "value": 62383
                        }, 
                        {
                            "name": "Farmer Mac", 
                            "count": 0, 
                            "value": 0
                        }, 
                        {
                            "name": "Private Securitization", 
                            "count": 23, 
                            "value": 4388
                        }, 
                        {
                            "name": "Commercial bank, savings bank or association", 
                            "count": 412, 
                            "value": 67173
                        }, 
                        {
                            "name": "Life insurance co., credit union, finance co.", 
                            "count": 258, 
                            "value": 41535
                        }, 
                        {
                            "name": "Affiliate institution", 
                            "count": 71, 
                            "value": 11614
                        }, 
                        {
                            "name": "Other", 
                            "count": 3388, 
                            "value": 432951
                        }
                    ]
                }, 
                {
                    "minoritystatus": "Others, Including Hispanic", 
                    "purchasers": [
                        {
                            "name": "Fannie Mae", 
                            "count": 40, 
                            "value": 4896
                        }, 
                        {
                            "name": "Ginnie Mae", 
                            "count": 37, 
                            "value": 5360
                        }, 
                        {
                            "name": "Freddie Mac", 
                            "count": 15, 
                            "value": 2294
                        }, 
                        {
                            "name": "Farmer Mac", 
                            "count": 0, 
                            "value": 0
                        }, 
                        {
                            "name": "Private Securitization", 
                            "count": 1, 
                            "value": 65
                        }, 
                        {
                            "name": "Commercial bank, savings bank or association", 
                            "count": 18, 
                            "value": 2343
                        }, 
                        {
                            "name": "Life insurance co., credit union, finance co.", 
                            "count": 6, 
                            "value": 902
                        }, 
                        {
                            "name": "Affiliate institution", 
                            "count": 6, 
                            "value": 2035
                        }, 
                        {
                            "name": "Other", 
                            "count": 258, 
                            "value": 24411
                        }
                    ]
                }
            ]
        }, 
        {
            "characteristic": "Applicant Income", 
            "applicantincomes": [
                {
                    "applicantincome": "Less than 50% of MSA/MD median", 
                    "purchasers": [
                        {
                            "name": "Fannie Mae", 
                            "count": 56, 
                            "value": 4847
                        }, 
                        {
                            "name": "Ginnie Mae", 
                            "count": 44, 
                            "value": 3447
                        }, 
                        {
                            "name": "Freddie Mac", 
                            "count": 19, 
                            "value": 1299
                        }, 
                        {
                            "name": "Farmer Mac", 
                            "count": 0, 
                            "value": 0
                        }, 
                        {
                            "name": "Private Securitization", 
                            "count": 0, 
                            "value": 0
                        }, 
                        {
                            "name": "Commercial bank, savings bank or association", 
                            "count": 29, 
                            "value": 2292
                        }, 
                        {
                            "name": "Life insurance co., credit union, finance co.", 
                            "count": 15, 
                            "value": 1276
                        }, 
                        {
                            "name": "Affiliate institution", 
                            "count": 3, 
                            "value": 177
                        }, 
                        {
                            "name": "Other", 
                            "count": 465, 
                            "value": 28834
                        }
                    ]
                }, 
                {
                    "applicantincome": "50-79% of MSA/MD median", 
                    "purchasers": [
                        {
                            "name": "Fannie Mae", 
                            "count": 138, 
                            "value": 12674
                        }, 
                        {
                            "name": "Ginnie Mae", 
                            "count": 120, 
                            "value": 12796
                        }, 
                        {
                            "name": "Freddie Mac", 
                            "count": 46, 
                            "value": 4484
                        }, 
                        {
                            "name": "Farmer Mac", 
                            "count": 0, 
                            "value": 0
                        }, 
                        {
                            "name": "Private Securitization", 
                            "count": 0, 
                            "value": 0
                        }, 
                        {
                            "name": "Commercial bank, savings bank or association", 
                            "count": 63, 
                            "value": 7021
                        }, 
                        {
                            "name": "Life insurance co., credit union, finance co.", 
                            "count": 41, 
                            "value": 3826
                        }, 
                        {
                            "name": "Affiliate institution", 
                            "count": 15, 
                            "value": 1023
                        }, 
                        {
                            "name": "Other", 
                            "count": 675, 
                            "value": 52891
                        }
                    ]
                }, 
                {
                    "applicantincome": "80-99% of MSA/MD median", 
                    "purchasers": [
                        {
                            "name": "Fannie Mae", 
                            "count": 92, 
                            "value": 10429
                        }, 
                        {
                            "name": "Ginnie Mae", 
                            "count": 68, 
                            "value": 8369
                        }, 
                        {
                            "name": "Freddie Mac", 
                            "count": 28, 
                            "value": 3074
                        }, 
                        {
                            "name": "Farmer Mac", 
                            "count": 0, 
                            "value": 0
                        }, 
                        {
                            "name": "Private Securitization", 
                            "count": 3, 
                            "value": 339
                        }, 
                        {
                            "name": "Commercial bank, savings bank or association", 
                            "count": 56, 
                            "value": 6562
                        }, 
                        {
                            "name": "Life insurance co., credit union, finance co.", 
                            "count": 24, 
                            "value": 2864
                        }, 
                        {
                            "name": "Affiliate institution", 
                            "count": 4, 
                            "value": 391
                        }, 
                        {
                            "name": "Other", 
                            "count": 387, 
                            "value": 37104
                        }
                    ]
                }, 
                {
                    "applicantincome": "100-119% of MSA/MD median", 
                    "purchasers": [
                        {
                            "name": "Fannie Mae", 
                            "count": 80, 
                            "value": 9535
                        }, 
                        {
                            "name": "Ginnie Mae", 
                            "count": 61, 
                            "value": 8630
                        }, 
                        {
                            "name": "Freddie Mac", 
                            "count": 32, 
                            "value": 4352
                        }, 
                        {
                            "name": "Farmer Mac", 
                            "count": 0, 
                            "value": 0
                        }, 
                        {
                            "name": "Private Securitization", 
                            "count": 3, 
                            "value": 327
                        }, 
                        {
                            "name": "Commercial bank, savings bank or association", 
                            "count": 32, 
                            "value": 4213
                        }, 
                        {
                            "name": "Life insurance co., credit union, finance co.", 
                            "count": 33, 
                            "value": 4776
                        }, 
                        {
                            "name": "Affiliate institution", 
                            "count": 0, 
                            "value": 0
                        }, 
                        {
                            "name": "Other", 
                            "count": 281, 
                            "value": 32246
                        }
                    ]
                }, 
                {
                    "applicantincome": "120% or more of MSA/MD median", 
                    "purchasers": [
                        {
                            "name": "Fannie Mae", 
                            "count": 641, 
                            "value": 118088
                        }, 
                        {
                            "name": "Ginnie Mae", 
                            "count": 158, 
                            "value": 27740
                        }, 
                        {
                            "name": "Freddie Mac", 
                            "count": 196, 
                            "value": 34880
                        }, 
                        {
                            "name": "Farmer Mac", 
                            "count": 0, 
                            "value": 0
                        }, 
                        {
                            "name": "Private Securitization", 
                            "count": 18, 
                            "value": 3787
                        }, 
                        {
                            "name": "Commercial bank, savings bank or association", 
                            "count": 238, 
                            "value": 47497
                        }, 
                        {
                            "name": "Life insurance co., credit union, finance co.", 
                            "count": 137, 
                            "value": 26817
                        }, 
                        {
                            "name": "Affiliate institution", 
                            "count": 55, 
                            "value": 12058
                        }, 
                        {
                            "name": "Other", 
                            "count": 1461, 
                            "value": 248415
                        }
                    ]
                }, 
                {
                    "applicantincome": "income not available", 
                    "purchasers": [
                        {
                            "name": "Fannie Mae", 
                            "count": 85, 
                            "value": 16608
                        }, 
                        {
                            "name": "Ginnie Mae", 
                            "count": 153, 
                            "value": 27427
                        }, 
                        {
                            "name": "Freddie Mac", 
                            "count": 89, 
                            "value": 16588
                        }, 
                        {
                            "name": "Farmer Mac", 
                            "count": 0, 
                            "value": 0
                        }, 
                        {
                            "name": "Private Securitization", 
                            "count": 0, 
                            "value": 0
                        }, 
                        {
                            "name": "Commercial bank, savings bank or association", 
                            "count": 12, 
                            "value": 1931
                        }, 
                        {
                            "name": "Life insurance co., credit union, finance co.", 
                            "count": 14, 
                            "value": 2878
                        }, 
                        {
                            "name": "Affiliate institution", 
                            "count": 0, 
                            "value": 0
                        }, 
                        {
                            "name": "Other", 
                            "count": 377, 
                            "value": 57872
                        }
                    ]
                }
            ]
        }
    ], 
    "censuscharacteristics": [
        {
            "characteristic": "Racial/Ethnic Composition", 
            "tractpctminorities": [
                {
                    "tractpctminority": "Less than 10% minority", 
                    "purchasers": [
                        {
                            "name": "Fannie Mae", 
                            "count": 515, 
                            "value": 78204
                        }, 
                        {
                            "name": "Ginnie Mae", 
                            "count": 324, 
                            "value": 45957
                        }, 
                        {
                            "name": "Freddie Mac", 
                            "count": 227, 
                            "value": 31730
                        }, 
                        {
                            "name": "Farmer Mac", 
                            "count": 0, 
                            "value": 0
                        }, 
                        {
                            "name": "Private Securitization", 
                            "count": 10, 
                            "value": 1690
                        }, 
                        {
                            "name": "Commercial bank, savings bank or association", 
                            "count": 225, 
                            "value": 33419
                        }, 
                        {
                            "name": "Life insurance co., credit union, finance co.", 
                            "count": 137, 
                            "value": 20947
                        }, 
                        {
                            "name": "Affiliate institution", 
                            "count": 30, 
                            "value": 5912
                        }, 
                        {
                            "name": "Other", 
                            "count": 1568, 
                            "value": 202322
                        }
                    ]
                }, 
                {
                    "tractpctminority": "10-19% minority", 
                    "purchasers": [
                        {
                            "name": "Fannie Mae", 
                            "count": 575, 
                            "value": 93883
                        }, 
                        {
                            "name": "Ginnie Mae", 
                            "count": 278, 
                            "value": 42322
                        }, 
                        {
                            "name": "Freddie Mac", 
                            "count": 183, 
                            "value": 32947
                        }, 
                        {
                            "name": "Farmer Mac", 
                            "count": 0, 
                            "value": 0
                        }, 
                        {
                            "name": "Private Securitization", 
                            "count": 14, 
                            "value": 2763
                        }, 
                        {
                            "name": "Commercial bank, savings bank or association", 
                            "count": 205, 
                            "value": 36097
                        }, 
                        {
                            "name": "Life insurance co., credit union, finance co.", 
                            "count": 127, 
                            "value": 21490
                        }, 
                        {
                            "name": "Affiliate institution", 
                            "count": 46, 
                            "value": 7578
                        }, 
                        {
                            "name": "Other", 
                            "count": 1987, 
                            "value": 249545
                        }
                    ]
                }, 
                {
                    "tractpctminority": "20-49% minority", 
                    "purchasers": [
                        {
                            "name": "Fannie Mae", 
                            "count": 2, 
                            "value": 94
                        }, 
                        {
                            "name": "Ginnie Mae", 
                            "count": 2, 
                            "value": 130
                        }, 
                        {
                            "name": "Freddie Mac", 
                            "count": 0, 
                            "value": 0
                        }, 
                        {
                            "name": "Farmer Mac", 
                            "count": 0, 
                            "value": 0
                        }, 
                        {
                            "name": "Private Securitization", 
                            "count": 0, 
                            "value": 0
                        }, 
                        {
                            "name": "Commercial bank, savings bank or association", 
                            "count": 0, 
                            "value": 0
                        }, 
                        {
                            "name": "Life insurance co., credit union, finance co.", 
                            "count": 0, 
                            "value": 0
                        }, 
                        {
                            "name": "Affiliate institution", 
                            "count": 1, 
                            "value": 159
                        }, 
                        {
                            "name": "Other", 
                            "count": 91, 
                            "value": 5495
                        }
                    ]
                }, 
                {
                    "tractpctminority": "50-79% minority", 
                    "purchasers": [
                        {
                            "name": "Fannie Mae", 
                            "count": 0, 
                            "value": 0
                        }, 
                        {
                            "name": "Ginnie Mae", 
                            "count": 0, 
                            "value": 0
                        }, 
                        {
                            "name": "Freddie Mac", 
                            "count": 0, 
                            "value": 0
                        }, 
                        {
                            "name": "Farmer Mac", 
                            "count": 0, 
                            "value": 0
                        }, 
                        {
                            "name": "Private Securitization", 
                            "count": 0, 
                            "value": 0
                        }, 
                        {
                            "name": "Commercial bank, savings bank or association", 
                            "count": 0, 
                            "value": 0
                        }, 
                        {
                            "name": "Life insurance co., credit union, finance co.", 
                            "count": 0, 
                            "value": 0
                        }, 
                        {
                            "name": "Affiliate institution", 
                            "count": 0, 
                            "value": 0
                        }, 
                        {
                            "name": "Other", 
                            "count": 0, 
                            "value": 0
                        }
                    ]
                }, 
                {
                    "tractpctminority": "80-100% minority", 
                    "purchasers": [
                        {
                            "name": "Fannie Mae", 
                            "count": 0, 
                            "value": 0
                        }, 
                        {
                            "name": "Ginnie Mae", 
                            "count": 0, 
                            "value": 0
                        }, 
                        {
                            "name": "Freddie Mac", 
                            "count": 0, 
                            "value": 0
                        }, 
                        {
                            "name": "Farmer Mac", 
                            "count": 0, 
                            "value": 0
                        }, 
                        {
                            "name": "Private Securitization", 
                            "count": 0, 
                            "value": 0
                        }, 
                        {
                            "name": "Commercial bank, savings bank or association", 
                            "count": 0, 
                            "value": 0
                        }, 
                        {
                            "name": "Life insurance co., credit union, finance co.", 
                            "count": 0, 
                            "value": 0
                        }, 
                        {
                            "name": "Affiliate institution", 
                            "count": 0, 
                            "value": 0
                        }, 
                        {
                            "name": "Other", 
                            "count": 0, 
                            "value": 0
                        }
                    ]
                }
            ]
        }, 
        {
            "characteristic": "Income", 
            "incomelevels": [
                {
                    "incomelevel": "Low income", 
                    "purchasers": [
                        {
                            "name": "Fannie Mae", 
                            "count": 8, 
                            "value": 737
                        }, 
                        {
                            "name": "Ginnie Mae", 
                            "count": 4, 
                            "value": 272
                        }, 
                        {
                            "name": "Freddie Mac", 
                            "count": 5, 
                            "value": 581
                        }, 
                        {
                            "name": "Farmer Mac", 
                            "count": 0, 
                            "value": 0
                        }, 
                        {
                            "name": "Private Securitization", 
                            "count": 0, 
                            "value": 0
                        }, 
                        {
                            "name": "Commercial bank, savings bank or association", 
                            "count": 3, 
                            "value": 220
                        }, 
                        {
                            "name": "Life insurance co., credit union, finance co.", 
                            "count": 1, 
                            "value": 61
                        }, 
                        {
                            "name": "Affiliate institution", 
                            "count": 0, 
                            "value": 0
                        }, 
                        {
                            "name": "Other", 
                            "count": 33, 
                            "value": 2634
                        }
                    ]
                }, 
                {
                    "incomelevel": "Moderate income", 
                    "purchasers": [
                        {
                            "name": "Fannie Mae", 
                            "count": 62, 
                            "value": 6812
                        }, 
                        {
                            "name": "Ginnie Mae", 
                            "count": 39, 
                            "value": 4358
                        }, 
                        {
                            "name": "Freddie Mac", 
                            "count": 20, 
                            "value": 3221
                        }, 
                        {
                            "name": "Farmer Mac", 
                            "count": 0, 
                            "value": 0
                        }, 
                        {
                            "name": "Private Securitization", 
                            "count": 3, 
                            "value": 531
                        }, 
                        {
                            "name": "Commercial bank, savings bank or association", 
                            "count": 19, 
                            "value": 2678
                        }, 
                        {
                            "name": "Life insurance co., credit union, finance co.", 
                            "count": 12, 
                            "value": 1971
                        }, 
                        {
                            "name": "Affiliate institution", 
                            "count": 6, 
                            "value": 532
                        }, 
                        {
                            "name": "Other", 
                            "count": 410, 
                            "value": 31931
                        }
                    ]
                }, 
                {
                    "incomelevel": "Middle income", 
                    "purchasers": [
                        {
                            "name": "Fannie Mae", 
                            "count": 553, 
                            "value": 86184
                        }, 
                        {
                            "name": "Ginnie Mae", 
                            "count": 323, 
                            "value": 48087
                        }, 
                        {
                            "name": "Freddie Mac", 
                            "count": 199, 
                            "value": 29835
                        }, 
                        {
                            "name": "Farmer Mac", 
                            "count": 0, 
                            "value": 0
                        }, 
                        {
                            "name": "Private Securitization", 
                            "count": 5, 
                            "value": 740
                        }, 
                        {
                            "name": "Commercial bank, savings bank or association", 
                            "count": 207, 
                            "value": 30102
                        }, 
                        {
                            "name": "Life insurance co., credit union, finance co.", 
                            "count": 131, 
                            "value": 19614
                        }, 
                        {
                            "name": "Affiliate institution", 
                            "count": 35, 
                            "value": 3874
                        }, 
                        {
                            "name": "Other", 
                            "count": 2036, 
                            "value": 232230
                        }
                    ]
                }, 
                {
                    "incomelevel": "Upper income", 
                    "purchasers": [
                        {
                            "name": "Fannie Mae", 
                            "count": 469, 
                            "value": 78448
                        }, 
                        {
                            "name": "Ginnie Mae", 
                            "count": 238, 
                            "value": 35692
                        }, 
                        {
                            "name": "Freddie Mac", 
                            "count": 186, 
                            "value": 31040
                        }, 
                        {
                            "name": "Farmer Mac", 
                            "count": 0, 
                            "value": 0
                        }, 
                        {
                            "name": "Private Securitization", 
                            "count": 16, 
                            "value": 3182
                        }, 
                        {
                            "name": "Commercial bank, savings bank or association", 
                            "count": 201, 
                            "value": 36516
                        }, 
                        {
                            "name": "Life insurance co., credit union, finance co.", 
                            "count": 120, 
                            "value": 20791
                        }, 
                        {
                            "name": "Affiliate institution", 
                            "count": 36, 
                            "value": 9243
                        }, 
                        {
                            "name": "Other", 
                            "count": 1167, 
                            "value": 190567
                        }
                    ]
                }
            ]
        }
    ], 
    "total": {
        "purchasers": [
            {
                "name": "Fannie Mae", 
                "count": 1092, 
                "value": 172181
            }, 
            {
                "name": "Ginnie Mae", 
                "count": 604, 
                "value": 88409
            }, 
            {
                "name": "Freddie Mac", 
                "count": 410, 
                "value": 64677
            }, 
            {
                "name": "Farmer Mac", 
                "count": 0, 
                "value": 0
            }, 
            {
                "name": "Private Securitization", 
                "count": 24, 
                "value": 4453
            }, 
            {
                "name": "Commercial bank, savings bank or association", 
                "count": 430, 
                "value": 69516
            }, 
            {
                "name": "Life insurance co., credit union, finance co.", 
                "count": 264, 
                "value": 42437
            }, 
            {
                "name": "Affiliate institution", 
                "count": 77, 
                "value": 13649
            }, 
            {
                "name": "Other", 
                "count": 3646, 
                "value": 457362
            }
        ]
    }
}