{
    "table": "3-1", 
    "type": "aggregate", 
    "desc": "Loans sold. By characteristics of borrower and census tract in which property is located and by type of purchaser (includes originations and purchased loans).", 
    "year": "2012", 
    "msa": {
        "id": "11100", 
        "name": "Amarillo", 
        "state": "TX", 
        "state_name": "Texas"
    }, 
    "borrowercharacteristics": [
        {
            "characteristic": "Race", 
            "races": [
                {
                    "race": "American Indian/Alaska Native", 
                    "purchasers": [
                        {
                            "name": "Fannie Mae", 
                            "count": 0, 
                            "value": 0
                        }, 
                        {
                            "name": "Ginnie Mae", 
                            "count": 0, 
                            "value": 0
                        }, 
                        {
                            "name": "Freddie Mac", 
                            "count": 0, 
                            "value": 0
                        }, 
                        {
                            "name": "Farmer Mac", 
                            "count": 0, 
                            "value": 0
                        }, 
                        {
                            "name": "Private Securitization", 
                            "count": 0, 
                            "value": 0
                        }, 
                        {
                            "name": "Commercial bank, savings bank or association", 
                            "count": 0, 
                            "value": 0
                        }, 
                        {
                            "name": "Life insurance co., credit union, finance co.", 
                            "count": 0, 
                            "value": 0
                        }, 
                        {
                            "name": "Affiliate institution", 
                            "count": 0, 
                            "value": 0
                        }, 
                        {
                            "name": "Other", 
                            "count": 0, 
                            "value": 0
                        }
                    ]
                }, 
                {
                    "race": "Asian", 
                    "purchasers": [
                        {
                            "name": "Fannie Mae", 
                            "count": 0, 
                            "value": 0
                        }, 
                        {
                            "name": "Ginnie Mae", 
                            "count": 2, 
                            "value": 242.0
                        }, 
                        {
                            "name": "Freddie Mac", 
                            "count": 0, 
                            "value": 0
                        }, 
                        {
                            "name": "Farmer Mac", 
                            "count": 0, 
                            "value": 0
                        }, 
                        {
                            "name": "Private Securitization", 
                            "count": 0, 
                            "value": 0
                        }, 
                        {
                            "name": "Commercial bank, savings bank or association", 
                            "count": 1, 
                            "value": 206.0
                        }, 
                        {
                            "name": "Life insurance co., credit union, finance co.", 
                            "count": 0, 
                            "value": 0
                        }, 
                        {
                            "name": "Affiliate institution", 
                            "count": 0, 
                            "value": 0
                        }, 
                        {
                            "name": "Other", 
                            "count": 11, 
                            "value": 1129.0
                        }
                    ]
                }, 
                {
                    "race": "Black or African American", 
                    "purchasers": [
                        {
                            "name": "Fannie Mae", 
                            "count": 14, 
                            "value": 1752.0
                        }, 
                        {
                            "name": "Ginnie Mae", 
                            "count": 5, 
                            "value": 471.0
                        }, 
                        {
                            "name": "Freddie Mac", 
                            "count": 2, 
                            "value": 311.0
                        }, 
                        {
                            "name": "Farmer Mac", 
                            "count": 0, 
                            "value": 0
                        }, 
                        {
                            "name": "Private Securitization", 
                            "count": 0, 
                            "value": 0
                        }, 
                        {
                            "name": "Commercial bank, savings bank or association", 
                            "count": 4, 
                            "value": 734.0
                        }, 
                        {
                            "name": "Life insurance co., credit union, finance co.", 
                            "count": 1, 
                            "value": 91.0
                        }, 
                        {
                            "name": "Affiliate institution", 
                            "count": 0, 
                            "value": 0
                        }, 
                        {
                            "name": "Other", 
                            "count": 54, 
                            "value": 8412.0
                        }
                    ]
                }, 
                {
                    "race": "Native Hawaiian or Pacific Islander", 
                    "purchasers": [
                        {
                            "name": "Fannie Mae", 
                            "count": 6, 
                            "value": 1244.0
                        }, 
                        {
                            "name": "Ginnie Mae", 
                            "count": 9, 
                            "value": 1459.0
                        }, 
                        {
                            "name": "Freddie Mac", 
                            "count": 1, 
                            "value": 41.0
                        }, 
                        {
                            "name": "Farmer Mac", 
                            "count": 0, 
                            "value": 0
                        }, 
                        {
                            "name": "Private Securitization", 
                            "count": 0, 
                            "value": 0
                        }, 
                        {
                            "name": "Commercial bank, savings bank or association", 
                            "count": 3, 
                            "value": 562.0
                        }, 
                        {
                            "name": "Life insurance co., credit union, finance co.", 
                            "count": 4, 
                            "value": 650.0
                        }, 
                        {
                            "name": "Affiliate institution", 
                            "count": 1, 
                            "value": 87.0
                        }, 
                        {
                            "name": "Other", 
                            "count": 25, 
                            "value": 3150.0
                        }
                    ]
                }, 
                {
                    "race": "White", 
                    "purchasers": [
                        {
                            "name": "Fannie Mae", 
                            "count": 0, 
                            "value": 0
                        }, 
                        {
                            "name": "Ginnie Mae", 
                            "count": 1, 
                            "value": 92.0
                        }, 
                        {
                            "name": "Freddie Mac", 
                            "count": 0, 
                            "value": 0
                        }, 
                        {
                            "name": "Farmer Mac", 
                            "count": 0, 
                            "value": 0
                        }, 
                        {
                            "name": "Private Securitization", 
                            "count": 0, 
                            "value": 0
                        }, 
                        {
                            "name": "Commercial bank, savings bank or association", 
                            "count": 0, 
                            "value": 0
                        }, 
                        {
                            "name": "Life insurance co., credit union, finance co.", 
                            "count": 0, 
                            "value": 0
                        }, 
                        {
                            "name": "Affiliate institution", 
                            "count": 0, 
                            "value": 0
                        }, 
                        {
                            "name": "Other", 
                            "count": 16, 
                            "value": 1788.0
                        }
                    ]
                }, 
                {
                    "race": "2 or more minority races", 
                    "purchasers": [
                        {
                            "name": "Fannie Mae", 
                            "count": 1117, 
                            "value": 170744.0
                        }, 
                        {
                            "name": "Ginnie Mae", 
                            "count": 341, 
                            "value": 51874.0
                        }, 
                        {
                            "name": "Freddie Mac", 
                            "count": 106, 
                            "value": 16173.0
                        }, 
                        {
                            "name": "Farmer Mac", 
                            "count": 0, 
                            "value": 0
                        }, 
                        {
                            "name": "Private Securitization", 
                            "count": 9, 
                            "value": 1401.0
                        }, 
                        {
                            "name": "Commercial bank, savings bank or association", 
                            "count": 648, 
                            "value": 118376.0
                        }, 
                        {
                            "name": "Life insurance co., credit union, finance co.", 
                            "count": 174, 
                            "value": 25465.0
                        }, 
                        {
                            "name": "Affiliate institution", 
                            "count": 21, 
                            "value": 2778.0
                        }, 
                        {
                            "name": "Other", 
                            "count": 2394, 
                            "value": 331888.0
                        }
                    ]
                }, 
                {
                    "race": "Joint", 
                    "purchasers": [
                        {
                            "name": "Fannie Mae", 
                            "count": 180, 
                            "value": 25730.0
                        }, 
                        {
                            "name": "Ginnie Mae", 
                            "count": 34, 
                            "value": 5605.0
                        }, 
                        {
                            "name": "Freddie Mac", 
                            "count": 23, 
                            "value": 3855.0
                        }, 
                        {
                            "name": "Farmer Mac", 
                            "count": 0, 
                            "value": 0
                        }, 
                        {
                            "name": "Private Securitization", 
                            "count": 2, 
                            "value": 192.0
                        }, 
                        {
                            "name": "Commercial bank, savings bank or association", 
                            "count": 35, 
                            "value": 5556.0
                        }, 
                        {
                            "name": "Life insurance co., credit union, finance co.", 
                            "count": 7, 
                            "value": 1004.0
                        }, 
                        {
                            "name": "Affiliate institution", 
                            "count": 4, 
                            "value": 795.0
                        }, 
                        {
                            "name": "Other", 
                            "count": 379, 
                            "value": 51223.0
                        }
                    ]
                }, 
                {
                    "race": "Not Provided", 
                    "purchasers": [
                        {
                            "name": "Fannie Mae", 
                            "count": 228, 
                            "value": 39569.0
                        }, 
                        {
                            "name": "Ginnie Mae", 
                            "count": 485, 
                            "value": 70340.0
                        }, 
                        {
                            "name": "Freddie Mac", 
                            "count": 304, 
                            "value": 54664.0
                        }, 
                        {
                            "name": "Farmer Mac", 
                            "count": 0, 
                            "value": 0
                        }, 
                        {
                            "name": "Private Securitization", 
                            "count": 0, 
                            "value": 0
                        }, 
                        {
                            "name": "Commercial bank, savings bank or association", 
                            "count": 19, 
                            "value": 2839.0
                        }, 
                        {
                            "name": "Life insurance co., credit union, finance co.", 
                            "count": 0, 
                            "value": 0
                        }, 
                        {
                            "name": "Affiliate institution", 
                            "count": 30, 
                            "value": 5090.0
                        }, 
                        {
                            "name": "Other", 
                            "count": 413, 
                            "value": 50751.0
                        }
                    ]
                }, 
                {
                    "race": "Not Applicable", 
                    "purchasers": [
                        {
                            "name": "Fannie Mae", 
                            "count": 812, 
                            "value": 104531.0
                        }, 
                        {
                            "name": "Ginnie Mae", 
                            "count": 427, 
                            "value": 53283.0
                        }, 
                        {
                            "name": "Freddie Mac", 
                            "count": 95, 
                            "value": 13060.0
                        }, 
                        {
                            "name": "Farmer Mac", 
                            "count": 0, 
                            "value": 0
                        }, 
                        {
                            "name": "Private Securitization", 
                            "count": 2, 
                            "value": 288.0
                        }, 
                        {
                            "name": "Commercial bank, savings bank or association", 
                            "count": 519, 
                            "value": 71911.0
                        }, 
                        {
                            "name": "Life insurance co., credit union, finance co.", 
                            "count": 178, 
                            "value": 20983.0
                        }, 
                        {
                            "name": "Affiliate institution", 
                            "count": 47, 
                            "value": 5997.0
                        }, 
                        {
                            "name": "Other", 
                            "count": 3137, 
                            "value": 358428.0
                        }
                    ]
                }, 
                {
                    "race": "No co-applicant", 
                    "purchasers": [
                        {
                            "name": "Fannie Mae", 
                            "count": 0, 
                            "value": 0
                        }, 
                        {
                            "name": "Ginnie Mae", 
                            "count": 0, 
                            "value": 0
                        }, 
                        {
                            "name": "Freddie Mac", 
                            "count": 0, 
                            "value": 0
                        }, 
                        {
                            "name": "Farmer Mac", 
                            "count": 0, 
                            "value": 0
                        }, 
                        {
                            "name": "Private Securitization", 
                            "count": 0, 
                            "value": 0
                        }, 
                        {
                            "name": "Commercial bank, savings bank or association", 
                            "count": 0, 
                            "value": 0
                        }, 
                        {
                            "name": "Life insurance co., credit union, finance co.", 
                            "count": 0, 
                            "value": 0
                        }, 
                        {
                            "name": "Affiliate institution", 
                            "count": 0, 
                            "value": 0
                        }, 
                        {
                            "name": "Other", 
                            "count": 0, 
                            "value": 0
                        }
                    ]
                }
            ]
        }, 
        {
            "characteristic": "Ethnicity", 
            "ethnicities": [
                {
                    "ethnicitie": "Hispanic or Latino", 
                    "purchasers": [
                        {
                            "name": "Fannie Mae", 
                            "count": 54, 
                            "value": 7122
                        }, 
                        {
                            "name": "Ginnie Mae", 
                            "count": 32, 
                            "value": 4085
                        }, 
                        {
                            "name": "Freddie Mac", 
                            "count": 5, 
                            "value": 775
                        }, 
                        {
                            "name": "Farmer Mac", 
                            "count": 0, 
                            "value": 0
                        }, 
                        {
                            "name": "Private Securitization", 
                            "count": 0, 
                            "value": 0
                        }, 
                        {
                            "name": "Commercial bank, savings bank or association", 
                            "count": 29, 
                            "value": 4097
                        }, 
                        {
                            "name": "Life insurance co., credit union, finance co.", 
                            "count": 12, 
                            "value": 1650
                        }, 
                        {
                            "name": "Affiliate institution", 
                            "count": 2, 
                            "value": 160
                        }, 
                        {
                            "name": "Other", 
                            "count": 238, 
                            "value": 21779
                        }
                    ]
                }, 
                {
                    "ethnicitie": "Not Hispanic or Latino", 
                    "purchasers": [
                        {
                            "name": "Fannie Mae", 
                            "count": 1611, 
                            "value": 231845
                        }, 
                        {
                            "name": "Ginnie Mae", 
                            "count": 601, 
                            "value": 83401
                        }, 
                        {
                            "name": "Freddie Mac", 
                            "count": 164, 
                            "value": 23740
                        }, 
                        {
                            "name": "Farmer Mac", 
                            "count": 0, 
                            "value": 0
                        }, 
                        {
                            "name": "Private Securitization", 
                            "count": 11, 
                            "value": 1662
                        }, 
                        {
                            "name": "Commercial bank, savings bank or association", 
                            "count": 1035, 
                            "value": 171068
                        }, 
                        {
                            "name": "Life insurance co., credit union, finance co.", 
                            "count": 294, 
                            "value": 40023
                        }, 
                        {
                            "name": "Affiliate institution", 
                            "count": 40, 
                            "value": 4359
                        }, 
                        {
                            "name": "Other", 
                            "count": 4035, 
                            "value": 521854
                        }
                    ]
                }, 
                {
                    "ethnicitie": "Not provided", 
                    "purchasers": [
                        {
                            "name": "Fannie Mae", 
                            "count": 128, 
                            "value": 15208
                        }, 
                        {
                            "name": "Ginnie Mae", 
                            "count": 74, 
                            "value": 10061
                        }, 
                        {
                            "name": "Freddie Mac", 
                            "count": 17, 
                            "value": 2260
                        }, 
                        {
                            "name": "Farmer Mac", 
                            "count": 0, 
                            "value": 0
                        }, 
                        {
                            "name": "Private Securitization", 
                            "count": 1, 
                            "value": 109
                        }, 
                        {
                            "name": "Commercial bank, savings bank or association", 
                            "count": 79, 
                            "value": 12059
                        }, 
                        {
                            "name": "Life insurance co., credit union, finance co.", 
                            "count": 52, 
                            "value": 5731
                        }, 
                        {
                            "name": "Affiliate institution", 
                            "count": 1, 
                            "value": 325
                        }, 
                        {
                            "name": "Other", 
                            "count": 657, 
                            "value": 52968
                        }
                    ]
                }, 
                {
                    "ethnicitie": "Not applicable", 
                    "purchasers": [
                        {
                            "name": "Fannie Mae", 
                            "count": 564, 
                            "value": 89395
                        }, 
                        {
                            "name": "Ginnie Mae", 
                            "count": 597, 
                            "value": 85819
                        }, 
                        {
                            "name": "Freddie Mac", 
                            "count": 345, 
                            "value": 61329
                        }, 
                        {
                            "name": "Farmer Mac", 
                            "count": 0, 
                            "value": 0
                        }, 
                        {
                            "name": "Private Securitization", 
                            "count": 1, 
                            "value": 110
                        }, 
                        {
                            "name": "Commercial bank, savings bank or association", 
                            "count": 86, 
                            "value": 12960
                        }, 
                        {
                            "name": "Life insurance co., credit union, finance co.", 
                            "count": 6, 
                            "value": 789
                        }, 
                        {
                            "name": "Affiliate institution", 
                            "count": 60, 
                            "value": 9903
                        }, 
                        {
                            "name": "Other", 
                            "count": 1499, 
                            "value": 210168
                        }
                    ]
                }, 
                {
                    "ethnicitie": "No co-applicant", 
                    "purchasers": [
                        {
                            "name": "Fannie Mae", 
                            "count": 0, 
                            "value": 0
                        }, 
                        {
                            "name": "Ginnie Mae", 
                            "count": 0, 
                            "value": 0
                        }, 
                        {
                            "name": "Freddie Mac", 
                            "count": 0, 
                            "value": 0
                        }, 
                        {
                            "name": "Farmer Mac", 
                            "count": 0, 
                            "value": 0
                        }, 
                        {
                            "name": "Private Securitization", 
                            "count": 0, 
                            "value": 0
                        }, 
                        {
                            "name": "Commercial bank, savings bank or association", 
                            "count": 0, 
                            "value": 0
                        }, 
                        {
                            "name": "Life insurance co., credit union, finance co.", 
                            "count": 0, 
                            "value": 0
                        }, 
                        {
                            "name": "Affiliate institution", 
                            "count": 0, 
                            "value": 0
                        }, 
                        {
                            "name": "Other", 
                            "count": 0, 
                            "value": 0
                        }
                    ]
                }
            ]
        }, 
        {
            "characteristic": "Minority Status", 
            "minoritystatuses": [
                {
                    "minoritystatuse": "White Non-Hispanic", 
                    "purchasers": [
                        {
                            "name": "Fannie Mae", 
                            "count": 2115, 
                            "value": 313161
                        }, 
                        {
                            "name": "Ginnie Mae", 
                            "count": 1156, 
                            "value": 164025
                        }, 
                        {
                            "name": "Freddie Mac", 
                            "count": 503, 
                            "value": 84096
                        }, 
                        {
                            "name": "Farmer Mac", 
                            "count": 0, 
                            "value": 0
                        }, 
                        {
                            "name": "Private Securitization", 
                            "count": 12, 
                            "value": 1772
                        }, 
                        {
                            "name": "Commercial bank, savings bank or association", 
                            "count": 1082, 
                            "value": 178238
                        }, 
                        {
                            "name": "Life insurance co., credit union, finance co.", 
                            "count": 284, 
                            "value": 38682
                        }, 
                        {
                            "name": "Affiliate institution", 
                            "count": 98, 
                            "value": 14045
                        }, 
                        {
                            "name": "Other", 
                            "count": 5247, 
                            "value": 700016
                        }
                    ]
                }, 
                {
                    "minoritystatuse": "Others, Including Hispanic", 
                    "purchasers": [
                        {
                            "name": "Fannie Mae", 
                            "count": 242, 
                            "value": 30409
                        }, 
                        {
                            "name": "Ginnie Mae", 
                            "count": 148, 
                            "value": 19341
                        }, 
                        {
                            "name": "Freddie Mac", 
                            "count": 28, 
                            "value": 4008
                        }, 
                        {
                            "name": "Farmer Mac", 
                            "count": 0, 
                            "value": 0
                        }, 
                        {
                            "name": "Private Securitization", 
                            "count": 1, 
                            "value": 109
                        }, 
                        {
                            "name": "Commercial bank, savings bank or association", 
                            "count": 147, 
                            "value": 21946
                        }, 
                        {
                            "name": "Life insurance co., credit union, finance co.", 
                            "count": 80, 
                            "value": 9511
                        }, 
                        {
                            "name": "Affiliate institution", 
                            "count": 5, 
                            "value": 702
                        }, 
                        {
                            "name": "Other", 
                            "count": 1182, 
                            "value": 106753
                        }
                    ]
                }
            ]
        }, 
        {
            "characteristic": "Applicant Income", 
            "applicantincomes": [
                {
                    "applicantincome": "Less than 50% of MSA/MD median", 
                    "purchasers": [
                        {
                            "name": "Fannie Mae", 
                            "count": 86, 
                            "value": 6300
                        }, 
                        {
                            "name": "Ginnie Mae", 
                            "count": 47, 
                            "value": 3678
                        }, 
                        {
                            "name": "Freddie Mac", 
                            "count": 9, 
                            "value": 492
                        }, 
                        {
                            "name": "Farmer Mac", 
                            "count": 0, 
                            "value": 0
                        }, 
                        {
                            "name": "Private Securitization", 
                            "count": 1, 
                            "value": 109
                        }, 
                        {
                            "name": "Commercial bank, savings bank or association", 
                            "count": 51, 
                            "value": 4283
                        }, 
                        {
                            "name": "Life insurance co., credit union, finance co.", 
                            "count": 32, 
                            "value": 2309
                        }, 
                        {
                            "name": "Affiliate institution", 
                            "count": 4, 
                            "value": 338
                        }, 
                        {
                            "name": "Other", 
                            "count": 629, 
                            "value": 33766
                        }
                    ]
                }, 
                {
                    "applicantincome": "50-79% of MSA/MD median", 
                    "purchasers": [
                        {
                            "name": "Fannie Mae", 
                            "count": 300, 
                            "value": 27671
                        }, 
                        {
                            "name": "Ginnie Mae", 
                            "count": 133, 
                            "value": 13640
                        }, 
                        {
                            "name": "Freddie Mac", 
                            "count": 24, 
                            "value": 2256
                        }, 
                        {
                            "name": "Farmer Mac", 
                            "count": 0, 
                            "value": 0
                        }, 
                        {
                            "name": "Private Securitization", 
                            "count": 1, 
                            "value": 110
                        }, 
                        {
                            "name": "Commercial bank, savings bank or association", 
                            "count": 177, 
                            "value": 19567
                        }, 
                        {
                            "name": "Life insurance co., credit union, finance co.", 
                            "count": 86, 
                            "value": 8361
                        }, 
                        {
                            "name": "Affiliate institution", 
                            "count": 13, 
                            "value": 1105
                        }, 
                        {
                            "name": "Other", 
                            "count": 968, 
                            "value": 77652
                        }
                    ]
                }, 
                {
                    "applicantincome": "80-99% of MSA/MD median", 
                    "purchasers": [
                        {
                            "name": "Fannie Mae", 
                            "count": 200, 
                            "value": 21352
                        }, 
                        {
                            "name": "Ginnie Mae", 
                            "count": 87, 
                            "value": 11255
                        }, 
                        {
                            "name": "Freddie Mac", 
                            "count": 17, 
                            "value": 1810
                        }, 
                        {
                            "name": "Farmer Mac", 
                            "count": 0, 
                            "value": 0
                        }, 
                        {
                            "name": "Private Securitization", 
                            "count": 1, 
                            "value": 69
                        }, 
                        {
                            "name": "Commercial bank, savings bank or association", 
                            "count": 136, 
                            "value": 17169
                        }, 
                        {
                            "name": "Life insurance co., credit union, finance co.", 
                            "count": 37, 
                            "value": 4261
                        }, 
                        {
                            "name": "Affiliate institution", 
                            "count": 10, 
                            "value": 1161
                        }, 
                        {
                            "name": "Other", 
                            "count": 634, 
                            "value": 61843
                        }
                    ]
                }, 
                {
                    "applicantincome": "100-119% of MSA/MD median", 
                    "purchasers": [
                        {
                            "name": "Fannie Mae", 
                            "count": 234, 
                            "value": 27335
                        }, 
                        {
                            "name": "Ginnie Mae", 
                            "count": 67, 
                            "value": 9643
                        }, 
                        {
                            "name": "Freddie Mac", 
                            "count": 21, 
                            "value": 2383
                        }, 
                        {
                            "name": "Farmer Mac", 
                            "count": 0, 
                            "value": 0
                        }, 
                        {
                            "name": "Private Securitization", 
                            "count": 1, 
                            "value": 135
                        }, 
                        {
                            "name": "Commercial bank, savings bank or association", 
                            "count": 152, 
                            "value": 22296
                        }, 
                        {
                            "name": "Life insurance co., credit union, finance co.", 
                            "count": 51, 
                            "value": 6549
                        }, 
                        {
                            "name": "Affiliate institution", 
                            "count": 12, 
                            "value": 1728
                        }, 
                        {
                            "name": "Other", 
                            "count": 638, 
                            "value": 66333
                        }
                    ]
                }, 
                {
                    "applicantincome": "120% or more of MSA/MD median", 
                    "purchasers": [
                        {
                            "name": "Fannie Mae", 
                            "count": 1317, 
                            "value": 222354
                        }, 
                        {
                            "name": "Ginnie Mae", 
                            "count": 210, 
                            "value": 37511
                        }, 
                        {
                            "name": "Freddie Mac", 
                            "count": 157, 
                            "value": 26221
                        }, 
                        {
                            "name": "Farmer Mac", 
                            "count": 0, 
                            "value": 0
                        }, 
                        {
                            "name": "Private Securitization", 
                            "count": 9, 
                            "value": 1458
                        }, 
                        {
                            "name": "Commercial bank, savings bank or association", 
                            "count": 614, 
                            "value": 121071
                        }, 
                        {
                            "name": "Life insurance co., credit union, finance co.", 
                            "count": 142, 
                            "value": 24097
                        }, 
                        {
                            "name": "Affiliate institution", 
                            "count": 58, 
                            "value": 9188
                        }, 
                        {
                            "name": "Other", 
                            "count": 2415, 
                            "value": 383062
                        }
                    ]
                }, 
                {
                    "applicantincome": "income not available", 
                    "purchasers": [
                        {
                            "name": "Fannie Mae", 
                            "count": 220, 
                            "value": 38558
                        }, 
                        {
                            "name": "Ginnie Mae", 
                            "count": 760, 
                            "value": 107639
                        }, 
                        {
                            "name": "Freddie Mac", 
                            "count": 303, 
                            "value": 54942
                        }, 
                        {
                            "name": "Farmer Mac", 
                            "count": 0, 
                            "value": 0
                        }, 
                        {
                            "name": "Private Securitization", 
                            "count": 0, 
                            "value": 0
                        }, 
                        {
                            "name": "Commercial bank, savings bank or association", 
                            "count": 99, 
                            "value": 15798
                        }, 
                        {
                            "name": "Life insurance co., credit union, finance co.", 
                            "count": 16, 
                            "value": 2616
                        }, 
                        {
                            "name": "Affiliate institution", 
                            "count": 6, 
                            "value": 1227
                        }, 
                        {
                            "name": "Other", 
                            "count": 1144, 
                            "value": 184068
                        }
                    ]
                }
            ]
        }
    ], 
    "censuscharacteristics": [
        {
            "characteristic": "Racial/Ethnic Composition", 
            "tractpctminority": [
                {
                    "tractpctminorit": "Less than 10% minority", 
                    "purchasers": [
                        {
                            "name": "Fannie Mae", 
                            "count": 90, 
                            "value": 17110
                        }, 
                        {
                            "name": "Ginnie Mae", 
                            "count": 41, 
                            "value": 7411
                        }, 
                        {
                            "name": "Freddie Mac", 
                            "count": 22, 
                            "value": 3812
                        }, 
                        {
                            "name": "Farmer Mac", 
                            "count": 0, 
                            "value": 0
                        }, 
                        {
                            "name": "Private Securitization", 
                            "count": 0, 
                            "value": 0
                        }, 
                        {
                            "name": "Commercial bank, savings bank or association", 
                            "count": 60, 
                            "value": 11902
                        }, 
                        {
                            "name": "Life insurance co., credit union, finance co.", 
                            "count": 9, 
                            "value": 1488
                        }, 
                        {
                            "name": "Affiliate institution", 
                            "count": 3, 
                            "value": 791
                        }, 
                        {
                            "name": "Other", 
                            "count": 206, 
                            "value": 30635
                        }
                    ]
                }, 
                {
                    "tractpctminorit": "10-19% minority", 
                    "purchasers": [
                        {
                            "name": "Fannie Mae", 
                            "count": 2164, 
                            "value": 316305
                        }, 
                        {
                            "name": "Ginnie Mae", 
                            "count": 1173, 
                            "value": 168485
                        }, 
                        {
                            "name": "Freddie Mac", 
                            "count": 500, 
                            "value": 83363
                        }, 
                        {
                            "name": "Farmer Mac", 
                            "count": 0, 
                            "value": 0
                        }, 
                        {
                            "name": "Private Securitization", 
                            "count": 13, 
                            "value": 1881
                        }, 
                        {
                            "name": "Commercial bank, savings bank or association", 
                            "count": 1133, 
                            "value": 185010
                        }, 
                        {
                            "name": "Life insurance co., credit union, finance co.", 
                            "count": 320, 
                            "value": 44011
                        }, 
                        {
                            "name": "Affiliate institution", 
                            "count": 95, 
                            "value": 13561
                        }, 
                        {
                            "name": "Other", 
                            "count": 5303, 
                            "value": 729857
                        }
                    ]
                }, 
                {
                    "tractpctminorit": "20-49% minority", 
                    "purchasers": [
                        {
                            "name": "Fannie Mae", 
                            "count": 74, 
                            "value": 8480
                        }, 
                        {
                            "name": "Ginnie Mae", 
                            "count": 75, 
                            "value": 6434
                        }, 
                        {
                            "name": "Freddie Mac", 
                            "count": 9, 
                            "value": 929
                        }, 
                        {
                            "name": "Farmer Mac", 
                            "count": 0, 
                            "value": 0
                        }, 
                        {
                            "name": "Private Securitization", 
                            "count": 0, 
                            "value": 0
                        }, 
                        {
                            "name": "Commercial bank, savings bank or association", 
                            "count": 33, 
                            "value": 3117
                        }, 
                        {
                            "name": "Life insurance co., credit union, finance co.", 
                            "count": 27, 
                            "value": 2270
                        }, 
                        {
                            "name": "Affiliate institution", 
                            "count": 3, 
                            "value": 266
                        }, 
                        {
                            "name": "Other", 
                            "count": 592, 
                            "value": 33091
                        }
                    ]
                }, 
                {
                    "tractpctminorit": "50-79% minority", 
                    "purchasers": [
                        {
                            "name": "Fannie Mae", 
                            "count": 29, 
                            "value": 1675
                        }, 
                        {
                            "name": "Ginnie Mae", 
                            "count": 15, 
                            "value": 1036
                        }, 
                        {
                            "name": "Freddie Mac", 
                            "count": 0, 
                            "value": 0
                        }, 
                        {
                            "name": "Farmer Mac", 
                            "count": 0, 
                            "value": 0
                        }, 
                        {
                            "name": "Private Securitization", 
                            "count": 0, 
                            "value": 0
                        }, 
                        {
                            "name": "Commercial bank, savings bank or association", 
                            "count": 3, 
                            "value": 155
                        }, 
                        {
                            "name": "Life insurance co., credit union, finance co.", 
                            "count": 8, 
                            "value": 424
                        }, 
                        {
                            "name": "Affiliate institution", 
                            "count": 2, 
                            "value": 129
                        }, 
                        {
                            "name": "Other", 
                            "count": 327, 
                            "value": 13141
                        }
                    ]
                }, 
                {
                    "tractpctminorit": "80-100% minority", 
                    "purchasers": [
                        {
                            "name": "Fannie Mae", 
                            "count": 0, 
                            "value": 0
                        }, 
                        {
                            "name": "Ginnie Mae", 
                            "count": 0, 
                            "value": 0
                        }, 
                        {
                            "name": "Freddie Mac", 
                            "count": 0, 
                            "value": 0
                        }, 
                        {
                            "name": "Farmer Mac", 
                            "count": 0, 
                            "value": 0
                        }, 
                        {
                            "name": "Private Securitization", 
                            "count": 0, 
                            "value": 0
                        }, 
                        {
                            "name": "Commercial bank, savings bank or association", 
                            "count": 0, 
                            "value": 0
                        }, 
                        {
                            "name": "Life insurance co., credit union, finance co.", 
                            "count": 0, 
                            "value": 0
                        }, 
                        {
                            "name": "Affiliate institution", 
                            "count": 0, 
                            "value": 0
                        }, 
                        {
                            "name": "Other", 
                            "count": 0, 
                            "value": 0
                        }
                    ]
                }
            ]
        }, 
        {
            "characteristic": "Income", 
            "incomelevel": [
                {
                    "incomeleve": "Low income", 
                    "purchasers": [
                        {
                            "name": "Fannie Mae", 
                            "count": 17, 
                            "value": 859
                        }, 
                        {
                            "name": "Ginnie Mae", 
                            "count": 15, 
                            "value": 998
                        }, 
                        {
                            "name": "Freddie Mac", 
                            "count": 1, 
                            "value": 42
                        }, 
                        {
                            "name": "Farmer Mac", 
                            "count": 0, 
                            "value": 0
                        }, 
                        {
                            "name": "Private Securitization", 
                            "count": 0, 
                            "value": 0
                        }, 
                        {
                            "name": "Commercial bank, savings bank or association", 
                            "count": 2, 
                            "value": 124
                        }, 
                        {
                            "name": "Life insurance co., credit union, finance co.", 
                            "count": 6, 
                            "value": 311
                        }, 
                        {
                            "name": "Affiliate institution", 
                            "count": 2, 
                            "value": 114
                        }, 
                        {
                            "name": "Other", 
                            "count": 315, 
                            "value": 16847
                        }
                    ]
                }, 
                {
                    "incomeleve": "Moderate income", 
                    "purchasers": [
                        {
                            "name": "Fannie Mae", 
                            "count": 123, 
                            "value": 12642
                        }, 
                        {
                            "name": "Ginnie Mae", 
                            "count": 84, 
                            "value": 7226
                        }, 
                        {
                            "name": "Freddie Mac", 
                            "count": 15, 
                            "value": 1558
                        }, 
                        {
                            "name": "Farmer Mac", 
                            "count": 0, 
                            "value": 0
                        }, 
                        {
                            "name": "Private Securitization", 
                            "count": 0, 
                            "value": 0
                        }, 
                        {
                            "name": "Commercial bank, savings bank or association", 
                            "count": 47, 
                            "value": 4187
                        }, 
                        {
                            "name": "Life insurance co., credit union, finance co.", 
                            "count": 31, 
                            "value": 2367
                        }, 
                        {
                            "name": "Affiliate institution", 
                            "count": 8, 
                            "value": 603
                        }, 
                        {
                            "name": "Other", 
                            "count": 774, 
                            "value": 45112
                        }
                    ]
                }, 
                {
                    "incomeleve": "Middle income", 
                    "purchasers": [
                        {
                            "name": "Fannie Mae", 
                            "count": 763, 
                            "value": 92296
                        }, 
                        {
                            "name": "Ginnie Mae", 
                            "count": 566, 
                            "value": 69183
                        }, 
                        {
                            "name": "Freddie Mac", 
                            "count": 152, 
                            "value": 21086
                        }, 
                        {
                            "name": "Farmer Mac", 
                            "count": 0, 
                            "value": 0
                        }, 
                        {
                            "name": "Private Securitization", 
                            "count": 3, 
                            "value": 478
                        }, 
                        {
                            "name": "Commercial bank, savings bank or association", 
                            "count": 427, 
                            "value": 57511
                        }, 
                        {
                            "name": "Life insurance co., credit union, finance co.", 
                            "count": 167, 
                            "value": 18837
                        }, 
                        {
                            "name": "Affiliate institution", 
                            "count": 34, 
                            "value": 4157
                        }, 
                        {
                            "name": "Other", 
                            "count": 2563, 
                            "value": 268170
                        }
                    ]
                }, 
                {
                    "incomeleve": "Upper income", 
                    "purchasers": [
                        {
                            "name": "Fannie Mae", 
                            "count": 1454, 
                            "value": 237773
                        }, 
                        {
                            "name": "Ginnie Mae", 
                            "count": 639, 
                            "value": 105959
                        }, 
                        {
                            "name": "Freddie Mac", 
                            "count": 363, 
                            "value": 65418
                        }, 
                        {
                            "name": "Farmer Mac", 
                            "count": 0, 
                            "value": 0
                        }, 
                        {
                            "name": "Private Securitization", 
                            "count": 10, 
                            "value": 1403
                        }, 
                        {
                            "name": "Commercial bank, savings bank or association", 
                            "count": 753, 
                            "value": 138362
                        }, 
                        {
                            "name": "Life insurance co., credit union, finance co.", 
                            "count": 160, 
                            "value": 26678
                        }, 
                        {
                            "name": "Affiliate institution", 
                            "count": 59, 
                            "value": 9873
                        }, 
                        {
                            "name": "Other", 
                            "count": 2776, 
                            "value": 476595
                        }
                    ]
                }
            ]
        }
    ], 
    "total": {
        "purchasers": [
            {
                "name": "Fannie Mae", 
                "count": 2357, 
                "value": 343570
            }, 
            {
                "name": "Ginnie Mae", 
                "count": 1304, 
                "value": 183366
            }, 
            {
                "name": "Freddie Mac", 
                "count": 531, 
                "value": 88104
            }, 
            {
                "name": "Farmer Mac", 
                "count": 0, 
                "value": 0
            }, 
            {
                "name": "Private Securitization", 
                "count": 13, 
                "value": 1881
            }, 
            {
                "name": "Commercial bank, savings bank or association", 
                "count": 1229, 
                "value": 200184
            }, 
            {
                "name": "Life insurance co., credit union, finance co.", 
                "count": 364, 
                "value": 48193
            }, 
            {
                "name": "Affiliate institution", 
                "count": 103, 
                "value": 14747
            }, 
            {
                "name": "Other", 
                "count": 6429, 
                "value": 806769
            }
        ]
    }
}