{
    "msa-mds": [
        {
            "id": "17820", 
            "name": "COLORADO-SPRINGS"
        }, 
        {
            "id": "19740", 
            "name": "DENVER-AURORA-LAKEWOOD"
        }, 
        {
            "id": "44540", 
            "name": "STERLING"
        }, 
        {
            "id": "15860", 
            "name": "CAÌ±ON-CITY"
        }, 
        {
            "id": "20420", 
            "name": "DURANGO"
        }, 
        {
            "id": "24300", 
            "name": "GRAND-JUNCTION"
        }, 
        {
            "id": "14500", 
            "name": "BOULDER"
        }, 
        {
            "id": "22820", 
            "name": "FORT-MORGAN"
        }, 
        {
            "id": "14720", 
            "name": "BRECKENRIDGE"
        }, 
        {
            "id": "44460", 
            "name": "STEAMBOAT-SPRINGS"
        }, 
        {
            "id": "18780", 
            "name": "CRAIG"
        }, 
        {
            "id": "24060", 
            "name": "GLENWOOD-SPRINGS"
        }, 
        {
            "id": "24540", 
            "name": "GREELEY"
        }, 
        {
            "id": "33940", 
            "name": "MONTROSE"
        }, 
        {
            "id": "39380", 
            "name": "PUEBLO"
        }, 
        {
            "id": "20780", 
            "name": "EDWARDS"
        }, 
        {
            "id": "22660", 
            "name": "FORT-COLLINS"
        }
    ]
}