{
    "table": "3-1", 
    "type": "aggregate", 
    "desc": "Loans sold. By characteristics of borrower and census tract in which property is located and by type of purchaser (includes originations and purchased loans).", 
    "year": "2012", 
    "msa": {
        "id": "26900", 
        "name": "Indianapolis-Carmel", 
        "state": "IN", 
        "state_name": "Indiana"
    }, 
    "borrowercharacteristics": [
        {
            "characteristic": "Race", 
            "races": [
                {
                    "race": "American Indian/Alaska Native", 
                    "purchasers": [
                        {
                            "name": "Fannie Mae", 
                            "count": 0, 
                            "value": 0
                        }, 
                        {
                            "name": "Ginnie Mae", 
                            "count": 0, 
                            "value": 0
                        }, 
                        {
                            "name": "Freddie Mac", 
                            "count": 0, 
                            "value": 0
                        }, 
                        {
                            "name": "Farmer Mac", 
                            "count": 0, 
                            "value": 0
                        }, 
                        {
                            "name": "Private Securitization", 
                            "count": 0, 
                            "value": 0
                        }, 
                        {
                            "name": "Commercial bank, savings bank or association", 
                            "count": 0, 
                            "value": 0
                        }, 
                        {
                            "name": "Life insurance co., credit union, finance co.", 
                            "count": 0, 
                            "value": 0
                        }, 
                        {
                            "name": "Affiliate institution", 
                            "count": 0, 
                            "value": 0
                        }, 
                        {
                            "name": "Other", 
                            "count": 0, 
                            "value": 0
                        }
                    ]
                }, 
                {
                    "race": "Asian", 
                    "purchasers": [
                        {
                            "name": "Fannie Mae", 
                            "count": 10, 
                            "value": 2073.0
                        }, 
                        {
                            "name": "Ginnie Mae", 
                            "count": 1, 
                            "value": 152.0
                        }, 
                        {
                            "name": "Freddie Mac", 
                            "count": 7, 
                            "value": 1826.0
                        }, 
                        {
                            "name": "Farmer Mac", 
                            "count": 0, 
                            "value": 0
                        }, 
                        {
                            "name": "Private Securitization", 
                            "count": 0, 
                            "value": 0
                        }, 
                        {
                            "name": "Commercial bank, savings bank or association", 
                            "count": 1, 
                            "value": 417.0
                        }, 
                        {
                            "name": "Life insurance co., credit union, finance co.", 
                            "count": 0, 
                            "value": 0
                        }, 
                        {
                            "name": "Affiliate institution", 
                            "count": 1, 
                            "value": 89.0
                        }, 
                        {
                            "name": "Other", 
                            "count": 41, 
                            "value": 6034.0
                        }
                    ]
                }, 
                {
                    "race": "Black or African American", 
                    "purchasers": [
                        {
                            "name": "Fannie Mae", 
                            "count": 274, 
                            "value": 58914.0
                        }, 
                        {
                            "name": "Ginnie Mae", 
                            "count": 51, 
                            "value": 8629.0
                        }, 
                        {
                            "name": "Freddie Mac", 
                            "count": 188, 
                            "value": 39062.0
                        }, 
                        {
                            "name": "Farmer Mac", 
                            "count": 0, 
                            "value": 0
                        }, 
                        {
                            "name": "Private Securitization", 
                            "count": 4, 
                            "value": 623.0
                        }, 
                        {
                            "name": "Commercial bank, savings bank or association", 
                            "count": 55, 
                            "value": 8745.0
                        }, 
                        {
                            "name": "Life insurance co., credit union, finance co.", 
                            "count": 20, 
                            "value": 3490.0
                        }, 
                        {
                            "name": "Affiliate institution", 
                            "count": 9, 
                            "value": 1306.0
                        }, 
                        {
                            "name": "Other", 
                            "count": 420, 
                            "value": 83618.0
                        }
                    ]
                }, 
                {
                    "race": "Native Hawaiian or Pacific Islander", 
                    "purchasers": [
                        {
                            "name": "Fannie Mae", 
                            "count": 165, 
                            "value": 29460.0
                        }, 
                        {
                            "name": "Ginnie Mae", 
                            "count": 303, 
                            "value": 47866.0
                        }, 
                        {
                            "name": "Freddie Mac", 
                            "count": 85, 
                            "value": 15591.0
                        }, 
                        {
                            "name": "Farmer Mac", 
                            "count": 0, 
                            "value": 0
                        }, 
                        {
                            "name": "Private Securitization", 
                            "count": 7, 
                            "value": 1580.0
                        }, 
                        {
                            "name": "Commercial bank, savings bank or association", 
                            "count": 85, 
                            "value": 16200.0
                        }, 
                        {
                            "name": "Life insurance co., credit union, finance co.", 
                            "count": 282, 
                            "value": 38761.0
                        }, 
                        {
                            "name": "Affiliate institution", 
                            "count": 26, 
                            "value": 3569.0
                        }, 
                        {
                            "name": "Other", 
                            "count": 878, 
                            "value": 122152.0
                        }
                    ]
                }, 
                {
                    "race": "White", 
                    "purchasers": [
                        {
                            "name": "Fannie Mae", 
                            "count": 3, 
                            "value": 685.0
                        }, 
                        {
                            "name": "Ginnie Mae", 
                            "count": 2, 
                            "value": 255.0
                        }, 
                        {
                            "name": "Freddie Mac", 
                            "count": 4, 
                            "value": 837.0
                        }, 
                        {
                            "name": "Farmer Mac", 
                            "count": 0, 
                            "value": 0
                        }, 
                        {
                            "name": "Private Securitization", 
                            "count": 0, 
                            "value": 0
                        }, 
                        {
                            "name": "Commercial bank, savings bank or association", 
                            "count": 1, 
                            "value": 54.0
                        }, 
                        {
                            "name": "Life insurance co., credit union, finance co.", 
                            "count": 0, 
                            "value": 0
                        }, 
                        {
                            "name": "Affiliate institution", 
                            "count": 0, 
                            "value": 0
                        }, 
                        {
                            "name": "Other", 
                            "count": 28, 
                            "value": 4738.0
                        }
                    ]
                }, 
                {
                    "race": "2 or more minority races", 
                    "purchasers": [
                        {
                            "name": "Fannie Mae", 
                            "count": 12210, 
                            "value": 2313387.0
                        }, 
                        {
                            "name": "Ginnie Mae", 
                            "count": 5100, 
                            "value": 794752.0
                        }, 
                        {
                            "name": "Freddie Mac", 
                            "count": 6194, 
                            "value": 1142612.0
                        }, 
                        {
                            "name": "Farmer Mac", 
                            "count": 0, 
                            "value": 0
                        }, 
                        {
                            "name": "Private Securitization", 
                            "count": 237, 
                            "value": 44385.0
                        }, 
                        {
                            "name": "Commercial bank, savings bank or association", 
                            "count": 4008, 
                            "value": 782737.0
                        }, 
                        {
                            "name": "Life insurance co., credit union, finance co.", 
                            "count": 1623, 
                            "value": 337880.0
                        }, 
                        {
                            "name": "Affiliate institution", 
                            "count": 737, 
                            "value": 109177.0
                        }, 
                        {
                            "name": "Other", 
                            "count": 22065, 
                            "value": 3804585.0
                        }
                    ]
                }, 
                {
                    "race": "Joint", 
                    "purchasers": [
                        {
                            "name": "Fannie Mae", 
                            "count": 997, 
                            "value": 181993.0
                        }, 
                        {
                            "name": "Ginnie Mae", 
                            "count": 554, 
                            "value": 86885.0
                        }, 
                        {
                            "name": "Freddie Mac", 
                            "count": 545, 
                            "value": 103010.0
                        }, 
                        {
                            "name": "Farmer Mac", 
                            "count": 0, 
                            "value": 0
                        }, 
                        {
                            "name": "Private Securitization", 
                            "count": 68, 
                            "value": 11840.0
                        }, 
                        {
                            "name": "Commercial bank, savings bank or association", 
                            "count": 396, 
                            "value": 77465.0
                        }, 
                        {
                            "name": "Life insurance co., credit union, finance co.", 
                            "count": 293, 
                            "value": 55611.0
                        }, 
                        {
                            "name": "Affiliate institution", 
                            "count": 58, 
                            "value": 6738.0
                        }, 
                        {
                            "name": "Other", 
                            "count": 3147, 
                            "value": 532880.0
                        }
                    ]
                }, 
                {
                    "race": "Not Provided", 
                    "purchasers": [
                        {
                            "name": "Fannie Mae", 
                            "count": 2500, 
                            "value": 482425.0
                        }, 
                        {
                            "name": "Ginnie Mae", 
                            "count": 2350, 
                            "value": 306979.0
                        }, 
                        {
                            "name": "Freddie Mac", 
                            "count": 1691, 
                            "value": 313902.0
                        }, 
                        {
                            "name": "Farmer Mac", 
                            "count": 0, 
                            "value": 0
                        }, 
                        {
                            "name": "Private Securitization", 
                            "count": 0, 
                            "value": 0
                        }, 
                        {
                            "name": "Commercial bank, savings bank or association", 
                            "count": 233, 
                            "value": 37895.0
                        }, 
                        {
                            "name": "Life insurance co., credit union, finance co.", 
                            "count": 30, 
                            "value": 4411.0
                        }, 
                        {
                            "name": "Affiliate institution", 
                            "count": 100, 
                            "value": 18797.0
                        }, 
                        {
                            "name": "Other", 
                            "count": 2637, 
                            "value": 335643.0
                        }
                    ]
                }, 
                {
                    "race": "Not Applicable", 
                    "purchasers": [
                        {
                            "name": "Fannie Mae", 
                            "count": 10064, 
                            "value": 1656583.0
                        }, 
                        {
                            "name": "Ginnie Mae", 
                            "count": 9647, 
                            "value": 1654187.0
                        }, 
                        {
                            "name": "Freddie Mac", 
                            "count": 4763, 
                            "value": 700363.0
                        }, 
                        {
                            "name": "Farmer Mac", 
                            "count": 0, 
                            "value": 0
                        }, 
                        {
                            "name": "Private Securitization", 
                            "count": 212, 
                            "value": 32111.0
                        }, 
                        {
                            "name": "Commercial bank, savings bank or association", 
                            "count": 5309, 
                            "value": 836773.0
                        }, 
                        {
                            "name": "Life insurance co., credit union, finance co.", 
                            "count": 2295, 
                            "value": 339130.0
                        }, 
                        {
                            "name": "Affiliate institution", 
                            "count": 786, 
                            "value": 96138.0
                        }, 
                        {
                            "name": "Other", 
                            "count": 29680, 
                            "value": 3978489.0
                        }
                    ]
                }, 
                {
                    "race": "No co-applicant", 
                    "purchasers": [
                        {
                            "name": "Fannie Mae", 
                            "count": 0, 
                            "value": 0
                        }, 
                        {
                            "name": "Ginnie Mae", 
                            "count": 0, 
                            "value": 0
                        }, 
                        {
                            "name": "Freddie Mac", 
                            "count": 0, 
                            "value": 0
                        }, 
                        {
                            "name": "Farmer Mac", 
                            "count": 0, 
                            "value": 0
                        }, 
                        {
                            "name": "Private Securitization", 
                            "count": 0, 
                            "value": 0
                        }, 
                        {
                            "name": "Commercial bank, savings bank or association", 
                            "count": 0, 
                            "value": 0
                        }, 
                        {
                            "name": "Life insurance co., credit union, finance co.", 
                            "count": 0, 
                            "value": 0
                        }, 
                        {
                            "name": "Affiliate institution", 
                            "count": 0, 
                            "value": 0
                        }, 
                        {
                            "name": "Other", 
                            "count": 0, 
                            "value": 0
                        }
                    ]
                }
            ]
        }, 
        {
            "characteristic": "Ethnicity", 
            "ethnicities": [
                {
                    "ethnicitie": "Hispanic or Latino", 
                    "purchasers": [
                        {
                            "name": "Fannie Mae", 
                            "count": 69, 
                            "value": 11333
                        }, 
                        {
                            "name": "Ginnie Mae", 
                            "count": 57, 
                            "value": 7823
                        }, 
                        {
                            "name": "Freddie Mac", 
                            "count": 20, 
                            "value": 2756
                        }, 
                        {
                            "name": "Farmer Mac", 
                            "count": 0, 
                            "value": 0
                        }, 
                        {
                            "name": "Private Securitization", 
                            "count": 1, 
                            "value": 160
                        }, 
                        {
                            "name": "Commercial bank, savings bank or association", 
                            "count": 15, 
                            "value": 2312
                        }, 
                        {
                            "name": "Life insurance co., credit union, finance co.", 
                            "count": 10, 
                            "value": 1673
                        }, 
                        {
                            "name": "Affiliate institution", 
                            "count": 1, 
                            "value": 80
                        }, 
                        {
                            "name": "Other", 
                            "count": 256, 
                            "value": 33483
                        }
                    ]
                }, 
                {
                    "ethnicitie": "Not Hispanic or Latino", 
                    "purchasers": [
                        {
                            "name": "Fannie Mae", 
                            "count": 21534, 
                            "value": 3753119
                        }, 
                        {
                            "name": "Ginnie Mae", 
                            "count": 13641, 
                            "value": 1905199
                        }, 
                        {
                            "name": "Freddie Mac", 
                            "count": 10710, 
                            "value": 1818489
                        }, 
                        {
                            "name": "Farmer Mac", 
                            "count": 0, 
                            "value": 0
                        }, 
                        {
                            "name": "Private Securitization", 
                            "count": 444, 
                            "value": 77281
                        }, 
                        {
                            "name": "Commercial bank, savings bank or association", 
                            "count": 8907, 
                            "value": 1505759
                        }, 
                        {
                            "name": "Life insurance co., credit union, finance co.", 
                            "count": 4245, 
                            "value": 728852
                        }, 
                        {
                            "name": "Affiliate institution", 
                            "count": 1316, 
                            "value": 179069
                        }, 
                        {
                            "name": "Other", 
                            "count": 48053, 
                            "value": 7245393
                        }
                    ]
                }, 
                {
                    "ethnicitie": "Not provided", 
                    "purchasers": [
                        {
                            "name": "Fannie Mae", 
                            "count": 287, 
                            "value": 47948
                        }, 
                        {
                            "name": "Ginnie Mae", 
                            "count": 368, 
                            "value": 48464
                        }, 
                        {
                            "name": "Freddie Mac", 
                            "count": 143, 
                            "value": 22297
                        }, 
                        {
                            "name": "Farmer Mac", 
                            "count": 0, 
                            "value": 0
                        }, 
                        {
                            "name": "Private Securitization", 
                            "count": 4, 
                            "value": 685
                        }, 
                        {
                            "name": "Commercial bank, savings bank or association", 
                            "count": 169, 
                            "value": 25572
                        }, 
                        {
                            "name": "Life insurance co., credit union, finance co.", 
                            "count": 103, 
                            "value": 16374
                        }, 
                        {
                            "name": "Affiliate institution", 
                            "count": 20, 
                            "value": 2876
                        }, 
                        {
                            "name": "Other", 
                            "count": 1230, 
                            "value": 152456
                        }
                    ]
                }, 
                {
                    "ethnicitie": "Not applicable", 
                    "purchasers": [
                        {
                            "name": "Fannie Mae", 
                            "count": 4333, 
                            "value": 913120
                        }, 
                        {
                            "name": "Ginnie Mae", 
                            "count": 3942, 
                            "value": 938219
                        }, 
                        {
                            "name": "Freddie Mac", 
                            "count": 2604, 
                            "value": 473661
                        }, 
                        {
                            "name": "Farmer Mac", 
                            "count": 0, 
                            "value": 0
                        }, 
                        {
                            "name": "Private Securitization", 
                            "count": 79, 
                            "value": 12413
                        }, 
                        {
                            "name": "Commercial bank, savings bank or association", 
                            "count": 997, 
                            "value": 226643
                        }, 
                        {
                            "name": "Life insurance co., credit union, finance co.", 
                            "count": 185, 
                            "value": 32384
                        }, 
                        {
                            "name": "Affiliate institution", 
                            "count": 380, 
                            "value": 53789
                        }, 
                        {
                            "name": "Other", 
                            "count": 9357, 
                            "value": 1436807
                        }
                    ]
                }, 
                {
                    "ethnicitie": "No co-applicant", 
                    "purchasers": [
                        {
                            "name": "Fannie Mae", 
                            "count": 0, 
                            "value": 0
                        }, 
                        {
                            "name": "Ginnie Mae", 
                            "count": 0, 
                            "value": 0
                        }, 
                        {
                            "name": "Freddie Mac", 
                            "count": 0, 
                            "value": 0
                        }, 
                        {
                            "name": "Farmer Mac", 
                            "count": 0, 
                            "value": 0
                        }, 
                        {
                            "name": "Private Securitization", 
                            "count": 0, 
                            "value": 0
                        }, 
                        {
                            "name": "Commercial bank, savings bank or association", 
                            "count": 0, 
                            "value": 0
                        }, 
                        {
                            "name": "Life insurance co., credit union, finance co.", 
                            "count": 0, 
                            "value": 0
                        }, 
                        {
                            "name": "Affiliate institution", 
                            "count": 0, 
                            "value": 0
                        }, 
                        {
                            "name": "Other", 
                            "count": 0, 
                            "value": 0
                        }
                    ]
                }
            ]
        }, 
        {
            "characteristic": "Minority Status", 
            "minoritystatuses": [
                {
                    "minoritystatuse": "White Non-Hispanic", 
                    "purchasers": [
                        {
                            "name": "Fannie Mae", 
                            "count": 24343, 
                            "value": 4397212
                        }, 
                        {
                            "name": "Ginnie Mae", 
                            "count": 15952, 
                            "value": 2617823
                        }, 
                        {
                            "name": "Freddie Mac", 
                            "count": 12572, 
                            "value": 2157079
                        }, 
                        {
                            "name": "Farmer Mac", 
                            "count": 0, 
                            "value": 0
                        }, 
                        {
                            "name": "Private Securitization", 
                            "count": 488, 
                            "value": 83702
                        }, 
                        {
                            "name": "Commercial bank, savings bank or association", 
                            "count": 9132, 
                            "value": 1618059
                        }, 
                        {
                            "name": "Life insurance co., credit union, finance co.", 
                            "count": 3720, 
                            "value": 661554
                        }, 
                        {
                            "name": "Affiliate institution", 
                            "count": 1575, 
                            "value": 217299
                        }, 
                        {
                            "name": "Other", 
                            "count": 51931, 
                            "value": 7948792
                        }
                    ]
                }, 
                {
                    "minoritystatuse": "Others, Including Hispanic", 
                    "purchasers": [
                        {
                            "name": "Fannie Mae", 
                            "count": 1880, 
                            "value": 328308
                        }, 
                        {
                            "name": "Ginnie Mae", 
                            "count": 2056, 
                            "value": 281882
                        }, 
                        {
                            "name": "Freddie Mac", 
                            "count": 905, 
                            "value": 160124
                        }, 
                        {
                            "name": "Farmer Mac", 
                            "count": 0, 
                            "value": 0
                        }, 
                        {
                            "name": "Private Securitization", 
                            "count": 40, 
                            "value": 6837
                        }, 
                        {
                            "name": "Commercial bank, savings bank or association", 
                            "count": 956, 
                            "value": 142227
                        }, 
                        {
                            "name": "Life insurance co., credit union, finance co.", 
                            "count": 823, 
                            "value": 117729
                        }, 
                        {
                            "name": "Affiliate institution", 
                            "count": 142, 
                            "value": 18515
                        }, 
                        {
                            "name": "Other", 
                            "count": 6965, 
                            "value": 919347
                        }
                    ]
                }
            ]
        }, 
        {
            "characteristic": "Applicant Income", 
            "applicantincomes": [
                {
                    "applicantincome": "Less than 50% of MSA/MD median", 
                    "purchasers": [
                        {
                            "name": "Fannie Mae", 
                            "count": 1569, 
                            "value": 133949
                        }, 
                        {
                            "name": "Ginnie Mae", 
                            "count": 1665, 
                            "value": 149030
                        }, 
                        {
                            "name": "Freddie Mac", 
                            "count": 871, 
                            "value": 72946
                        }, 
                        {
                            "name": "Farmer Mac", 
                            "count": 0, 
                            "value": 0
                        }, 
                        {
                            "name": "Private Securitization", 
                            "count": 52, 
                            "value": 4202
                        }, 
                        {
                            "name": "Commercial bank, savings bank or association", 
                            "count": 1170, 
                            "value": 107387
                        }, 
                        {
                            "name": "Life insurance co., credit union, finance co.", 
                            "count": 612, 
                            "value": 55075
                        }, 
                        {
                            "name": "Affiliate institution", 
                            "count": 178, 
                            "value": 14716
                        }, 
                        {
                            "name": "Other", 
                            "count": 7293, 
                            "value": 566532
                        }
                    ]
                }, 
                {
                    "applicantincome": "50-79% of MSA/MD median", 
                    "purchasers": [
                        {
                            "name": "Fannie Mae", 
                            "count": 3706, 
                            "value": 404943
                        }, 
                        {
                            "name": "Ginnie Mae", 
                            "count": 3709, 
                            "value": 442377
                        }, 
                        {
                            "name": "Freddie Mac", 
                            "count": 1808, 
                            "value": 196745
                        }, 
                        {
                            "name": "Farmer Mac", 
                            "count": 0, 
                            "value": 0
                        }, 
                        {
                            "name": "Private Securitization", 
                            "count": 76, 
                            "value": 8499
                        }, 
                        {
                            "name": "Commercial bank, savings bank or association", 
                            "count": 2187, 
                            "value": 261496
                        }, 
                        {
                            "name": "Life insurance co., credit union, finance co.", 
                            "count": 974, 
                            "value": 119852
                        }, 
                        {
                            "name": "Affiliate institution", 
                            "count": 285, 
                            "value": 28043
                        }, 
                        {
                            "name": "Other", 
                            "count": 11283, 
                            "value": 1131814
                        }
                    ]
                }, 
                {
                    "applicantincome": "80-99% of MSA/MD median", 
                    "purchasers": [
                        {
                            "name": "Fannie Mae", 
                            "count": 2604, 
                            "value": 335099
                        }, 
                        {
                            "name": "Ginnie Mae", 
                            "count": 1840, 
                            "value": 257940
                        }, 
                        {
                            "name": "Freddie Mac", 
                            "count": 1378, 
                            "value": 182327
                        }, 
                        {
                            "name": "Farmer Mac", 
                            "count": 0, 
                            "value": 0
                        }, 
                        {
                            "name": "Private Securitization", 
                            "count": 59, 
                            "value": 7753
                        }, 
                        {
                            "name": "Commercial bank, savings bank or association", 
                            "count": 1171, 
                            "value": 171172
                        }, 
                        {
                            "name": "Life insurance co., credit union, finance co.", 
                            "count": 489, 
                            "value": 72126
                        }, 
                        {
                            "name": "Affiliate institution", 
                            "count": 212, 
                            "value": 24329
                        }, 
                        {
                            "name": "Other", 
                            "count": 6488, 
                            "value": 765555
                        }
                    ]
                }, 
                {
                    "applicantincome": "100-119% of MSA/MD median", 
                    "purchasers": [
                        {
                            "name": "Fannie Mae", 
                            "count": 2901, 
                            "value": 429725
                        }, 
                        {
                            "name": "Ginnie Mae", 
                            "count": 1378, 
                            "value": 212628
                        }, 
                        {
                            "name": "Freddie Mac", 
                            "count": 1434, 
                            "value": 205463
                        }, 
                        {
                            "name": "Farmer Mac", 
                            "count": 0, 
                            "value": 0
                        }, 
                        {
                            "name": "Private Securitization", 
                            "count": 67, 
                            "value": 10518
                        }, 
                        {
                            "name": "Commercial bank, savings bank or association", 
                            "count": 1061, 
                            "value": 170901
                        }, 
                        {
                            "name": "Life insurance co., credit union, finance co.", 
                            "count": 428, 
                            "value": 69859
                        }, 
                        {
                            "name": "Affiliate institution", 
                            "count": 194, 
                            "value": 24731
                        }, 
                        {
                            "name": "Other", 
                            "count": 5692, 
                            "value": 762015
                        }
                    ]
                }, 
                {
                    "applicantincome": "120% or more of MSA/MD median", 
                    "purchasers": [
                        {
                            "name": "Fannie Mae", 
                            "count": 13770, 
                            "value": 2947358
                        }, 
                        {
                            "name": "Ginnie Mae", 
                            "count": 2659, 
                            "value": 492761
                        }, 
                        {
                            "name": "Freddie Mac", 
                            "count": 6534, 
                            "value": 1364496
                        }, 
                        {
                            "name": "Farmer Mac", 
                            "count": 0, 
                            "value": 0
                        }, 
                        {
                            "name": "Private Securitization", 
                            "count": 270, 
                            "value": 58923
                        }, 
                        {
                            "name": "Commercial bank, savings bank or association", 
                            "count": 3662, 
                            "value": 849271
                        }, 
                        {
                            "name": "Life insurance co., credit union, finance co.", 
                            "count": 1721, 
                            "value": 412662
                        }, 
                        {
                            "name": "Affiliate institution", 
                            "count": 803, 
                            "value": 136440
                        }, 
                        {
                            "name": "Other", 
                            "count": 21640, 
                            "value": 4570871
                        }
                    ]
                }, 
                {
                    "applicantincome": "income not available", 
                    "purchasers": [
                        {
                            "name": "Fannie Mae", 
                            "count": 1673, 
                            "value": 474446
                        }, 
                        {
                            "name": "Ginnie Mae", 
                            "count": 6757, 
                            "value": 1344969
                        }, 
                        {
                            "name": "Freddie Mac", 
                            "count": 1452, 
                            "value": 295226
                        }, 
                        {
                            "name": "Farmer Mac", 
                            "count": 0, 
                            "value": 0
                        }, 
                        {
                            "name": "Private Securitization", 
                            "count": 4, 
                            "value": 644
                        }, 
                        {
                            "name": "Commercial bank, savings bank or association", 
                            "count": 837, 
                            "value": 200059
                        }, 
                        {
                            "name": "Life insurance co., credit union, finance co.", 
                            "count": 319, 
                            "value": 49709
                        }, 
                        {
                            "name": "Affiliate institution", 
                            "count": 45, 
                            "value": 7555
                        }, 
                        {
                            "name": "Other", 
                            "count": 6500, 
                            "value": 1071352
                        }
                    ]
                }
            ]
        }
    ], 
    "censuscharacteristics": [
        {
            "characteristic": "Racial/Ethnic Composition", 
            "tractpctminority": [
                {
                    "tractpctminorit": "Less than 10% minority", 
                    "purchasers": [
                        {
                            "name": "Fannie Mae", 
                            "count": 9348, 
                            "value": 1645889
                        }, 
                        {
                            "name": "Ginnie Mae", 
                            "count": 6293, 
                            "value": 922075
                        }, 
                        {
                            "name": "Freddie Mac", 
                            "count": 5544, 
                            "value": 919175
                        }, 
                        {
                            "name": "Farmer Mac", 
                            "count": 0, 
                            "value": 0
                        }, 
                        {
                            "name": "Private Securitization", 
                            "count": 190, 
                            "value": 30615
                        }, 
                        {
                            "name": "Commercial bank, savings bank or association", 
                            "count": 3914, 
                            "value": 649304
                        }, 
                        {
                            "name": "Life insurance co., credit union, finance co.", 
                            "count": 1582, 
                            "value": 279147
                        }, 
                        {
                            "name": "Affiliate institution", 
                            "count": 639, 
                            "value": 88606
                        }, 
                        {
                            "name": "Other", 
                            "count": 22361, 
                            "value": 3369552
                        }
                    ]
                }, 
                {
                    "tractpctminorit": "10-19% minority", 
                    "purchasers": [
                        {
                            "name": "Fannie Mae", 
                            "count": 15597, 
                            "value": 2898988
                        }, 
                        {
                            "name": "Ginnie Mae", 
                            "count": 10050, 
                            "value": 1691744
                        }, 
                        {
                            "name": "Freddie Mac", 
                            "count": 7385, 
                            "value": 1338132
                        }, 
                        {
                            "name": "Farmer Mac", 
                            "count": 0, 
                            "value": 0
                        }, 
                        {
                            "name": "Private Securitization", 
                            "count": 307, 
                            "value": 55907
                        }, 
                        {
                            "name": "Commercial bank, savings bank or association", 
                            "count": 5640, 
                            "value": 1041971
                        }, 
                        {
                            "name": "Life insurance co., credit union, finance co.", 
                            "count": 2656, 
                            "value": 465780
                        }, 
                        {
                            "name": "Affiliate institution", 
                            "count": 934, 
                            "value": 133921
                        }, 
                        {
                            "name": "Other", 
                            "count": 30933, 
                            "value": 4953259
                        }
                    ]
                }, 
                {
                    "tractpctminorit": "20-49% minority", 
                    "purchasers": [
                        {
                            "name": "Fannie Mae", 
                            "count": 1077, 
                            "value": 128049
                        }, 
                        {
                            "name": "Ginnie Mae", 
                            "count": 1326, 
                            "value": 230815
                        }, 
                        {
                            "name": "Freddie Mac", 
                            "count": 453, 
                            "value": 51041
                        }, 
                        {
                            "name": "Farmer Mac", 
                            "count": 0, 
                            "value": 0
                        }, 
                        {
                            "name": "Private Securitization", 
                            "count": 29, 
                            "value": 3878
                        }, 
                        {
                            "name": "Commercial bank, savings bank or association", 
                            "count": 439, 
                            "value": 59501
                        }, 
                        {
                            "name": "Life insurance co., credit union, finance co.", 
                            "count": 261, 
                            "value": 30575
                        }, 
                        {
                            "name": "Affiliate institution", 
                            "count": 116, 
                            "value": 11272
                        }, 
                        {
                            "name": "Other", 
                            "count": 4118, 
                            "value": 435913
                        }
                    ]
                }, 
                {
                    "tractpctminorit": "50-79% minority", 
                    "purchasers": [
                        {
                            "name": "Fannie Mae", 
                            "count": 201, 
                            "value": 52594
                        }, 
                        {
                            "name": "Ginnie Mae", 
                            "count": 339, 
                            "value": 55071
                        }, 
                        {
                            "name": "Freddie Mac", 
                            "count": 95, 
                            "value": 8855
                        }, 
                        {
                            "name": "Farmer Mac", 
                            "count": 0, 
                            "value": 0
                        }, 
                        {
                            "name": "Private Securitization", 
                            "count": 2, 
                            "value": 139
                        }, 
                        {
                            "name": "Commercial bank, savings bank or association", 
                            "count": 95, 
                            "value": 9510
                        }, 
                        {
                            "name": "Life insurance co., credit union, finance co.", 
                            "count": 44, 
                            "value": 3781
                        }, 
                        {
                            "name": "Affiliate institution", 
                            "count": 28, 
                            "value": 2015
                        }, 
                        {
                            "name": "Other", 
                            "count": 1484, 
                            "value": 109415
                        }
                    ]
                }, 
                {
                    "tractpctminorit": "80-100% minority", 
                    "purchasers": [
                        {
                            "name": "Fannie Mae", 
                            "count": 0, 
                            "value": 0
                        }, 
                        {
                            "name": "Ginnie Mae", 
                            "count": 0, 
                            "value": 0
                        }, 
                        {
                            "name": "Freddie Mac", 
                            "count": 0, 
                            "value": 0
                        }, 
                        {
                            "name": "Farmer Mac", 
                            "count": 0, 
                            "value": 0
                        }, 
                        {
                            "name": "Private Securitization", 
                            "count": 0, 
                            "value": 0
                        }, 
                        {
                            "name": "Commercial bank, savings bank or association", 
                            "count": 0, 
                            "value": 0
                        }, 
                        {
                            "name": "Life insurance co., credit union, finance co.", 
                            "count": 0, 
                            "value": 0
                        }, 
                        {
                            "name": "Affiliate institution", 
                            "count": 0, 
                            "value": 0
                        }, 
                        {
                            "name": "Other", 
                            "count": 0, 
                            "value": 0
                        }
                    ]
                }
            ]
        }, 
        {
            "characteristic": "Income", 
            "incomelevel": [
                {
                    "incomeleve": "Low income", 
                    "purchasers": [
                        {
                            "name": "Fannie Mae", 
                            "count": 270, 
                            "value": 59861
                        }, 
                        {
                            "name": "Ginnie Mae", 
                            "count": 300, 
                            "value": 61639
                        }, 
                        {
                            "name": "Freddie Mac", 
                            "count": 108, 
                            "value": 10085
                        }, 
                        {
                            "name": "Farmer Mac", 
                            "count": 0, 
                            "value": 0
                        }, 
                        {
                            "name": "Private Securitization", 
                            "count": 6, 
                            "value": 411
                        }, 
                        {
                            "name": "Commercial bank, savings bank or association", 
                            "count": 89, 
                            "value": 8265
                        }, 
                        {
                            "name": "Life insurance co., credit union, finance co.", 
                            "count": 34, 
                            "value": 3121
                        }, 
                        {
                            "name": "Affiliate institution", 
                            "count": 36, 
                            "value": 2362
                        }, 
                        {
                            "name": "Other", 
                            "count": 1791, 
                            "value": 130756
                        }
                    ]
                }, 
                {
                    "incomeleve": "Moderate income", 
                    "purchasers": [
                        {
                            "name": "Fannie Mae", 
                            "count": 1795, 
                            "value": 193750
                        }, 
                        {
                            "name": "Ginnie Mae", 
                            "count": 2437, 
                            "value": 380782
                        }, 
                        {
                            "name": "Freddie Mac", 
                            "count": 936, 
                            "value": 91119
                        }, 
                        {
                            "name": "Farmer Mac", 
                            "count": 0, 
                            "value": 0
                        }, 
                        {
                            "name": "Private Securitization", 
                            "count": 36, 
                            "value": 3387
                        }, 
                        {
                            "name": "Commercial bank, savings bank or association", 
                            "count": 889, 
                            "value": 97156
                        }, 
                        {
                            "name": "Life insurance co., credit union, finance co.", 
                            "count": 454, 
                            "value": 49614
                        }, 
                        {
                            "name": "Affiliate institution", 
                            "count": 184, 
                            "value": 16369
                        }, 
                        {
                            "name": "Other", 
                            "count": 7941, 
                            "value": 754144
                        }
                    ]
                }, 
                {
                    "incomeleve": "Middle income", 
                    "purchasers": [
                        {
                            "name": "Fannie Mae", 
                            "count": 8438, 
                            "value": 1277020
                        }, 
                        {
                            "name": "Ginnie Mae", 
                            "count": 8871, 
                            "value": 1303366
                        }, 
                        {
                            "name": "Freddie Mac", 
                            "count": 4849, 
                            "value": 695446
                        }, 
                        {
                            "name": "Farmer Mac", 
                            "count": 0, 
                            "value": 0
                        }, 
                        {
                            "name": "Private Securitization", 
                            "count": 172, 
                            "value": 23209
                        }, 
                        {
                            "name": "Commercial bank, savings bank or association", 
                            "count": 4189, 
                            "value": 613060
                        }, 
                        {
                            "name": "Life insurance co., credit union, finance co.", 
                            "count": 1756, 
                            "value": 242436
                        }, 
                        {
                            "name": "Affiliate institution", 
                            "count": 699, 
                            "value": 80639
                        }, 
                        {
                            "name": "Other", 
                            "count": 25299, 
                            "value": 3209341
                        }
                    ]
                }, 
                {
                    "incomeleve": "Upper income", 
                    "purchasers": [
                        {
                            "name": "Fannie Mae", 
                            "count": 15720, 
                            "value": 3194889
                        }, 
                        {
                            "name": "Ginnie Mae", 
                            "count": 6400, 
                            "value": 1153918
                        }, 
                        {
                            "name": "Freddie Mac", 
                            "count": 7584, 
                            "value": 1520553
                        }, 
                        {
                            "name": "Farmer Mac", 
                            "count": 0, 
                            "value": 0
                        }, 
                        {
                            "name": "Private Securitization", 
                            "count": 314, 
                            "value": 63532
                        }, 
                        {
                            "name": "Commercial bank, savings bank or association", 
                            "count": 4921, 
                            "value": 1041805
                        }, 
                        {
                            "name": "Life insurance co., credit union, finance co.", 
                            "count": 2299, 
                            "value": 484112
                        }, 
                        {
                            "name": "Affiliate institution", 
                            "count": 798, 
                            "value": 136444
                        }, 
                        {
                            "name": "Other", 
                            "count": 23865, 
                            "value": 4773898
                        }
                    ]
                }
            ]
        }
    ], 
    "total": {
        "purchasers": [
            {
                "name": "Fannie Mae", 
                "count": 26223, 
                "value": 4725520
            }, 
            {
                "name": "Ginnie Mae", 
                "count": 18008, 
                "value": 2899705
            }, 
            {
                "name": "Freddie Mac", 
                "count": 13477, 
                "value": 2317203
            }, 
            {
                "name": "Farmer Mac", 
                "count": 0, 
                "value": 0
            }, 
            {
                "name": "Private Securitization", 
                "count": 528, 
                "value": 90539
            }, 
            {
                "name": "Commercial bank, savings bank or association", 
                "count": 10088, 
                "value": 1760286
            }, 
            {
                "name": "Life insurance co., credit union, finance co.", 
                "count": 4543, 
                "value": 779283
            }, 
            {
                "name": "Affiliate institution", 
                "count": 1717, 
                "value": 235814
            }, 
            {
                "name": "Other", 
                "count": 58896, 
                "value": 8868139
            }
        ]
    }
}