{
    "table": "3-1", 
    "type": "Aggregate", 
    "desc": "Loans sold, by characteristics of borrower and census tract in which property is located and by type of purchaser (includes originations and purchased loans),", 
    "year": "2012", 
    "msa": {
        "id": "31420", 
        "name": "Macon", 
        "state": "GA", 
        "state_name": "Georgia"
    }, 
    "borrowercharacteristics": [
        {
            "characteristic": "Race", 
            "races": [
                {
                    "race": "American Indian/Alaska Native", 
                    "purchasers": [
                        {
                            "name": "Fannie Mae", 
                            "count": 3, 
                            "value": 493.0
                        }, 
                        {
                            "name": "Ginnie Mae", 
                            "count": 1, 
                            "value": 227.0
                        }, 
                        {
                            "name": "Freddie Mac", 
                            "count": 0, 
                            "value": 0
                        }, 
                        {
                            "name": "Farmer Mac", 
                            "count": 0, 
                            "value": 0
                        }, 
                        {
                            "name": "Private Securitization", 
                            "count": 0, 
                            "value": 0
                        }, 
                        {
                            "name": "Commercial bank, savings bank or association", 
                            "count": 1, 
                            "value": 187.0
                        }, 
                        {
                            "name": "Life insurance co., credit union, finance co.", 
                            "count": 0, 
                            "value": 0
                        }, 
                        {
                            "name": "Affiliate institution", 
                            "count": 0, 
                            "value": 0
                        }, 
                        {
                            "name": "Other", 
                            "count": 9, 
                            "value": 1031.0
                        }
                    ]
                }, 
                {
                    "race": "Asian", 
                    "purchasers": [
                        {
                            "name": "Fannie Mae", 
                            "count": 0, 
                            "value": 0
                        }, 
                        {
                            "name": "Ginnie Mae", 
                            "count": 3, 
                            "value": 449.0
                        }, 
                        {
                            "name": "Freddie Mac", 
                            "count": 1, 
                            "value": 200.0
                        }, 
                        {
                            "name": "Farmer Mac", 
                            "count": 0, 
                            "value": 0
                        }, 
                        {
                            "name": "Private Securitization", 
                            "count": 0, 
                            "value": 0
                        }, 
                        {
                            "name": "Commercial bank, savings bank or association", 
                            "count": 1, 
                            "value": 142.0
                        }, 
                        {
                            "name": "Life insurance co., credit union, finance co.", 
                            "count": 0, 
                            "value": 0
                        }, 
                        {
                            "name": "Affiliate institution", 
                            "count": 0, 
                            "value": 0
                        }, 
                        {
                            "name": "Other", 
                            "count": 8, 
                            "value": 1631.0
                        }
                    ]
                }, 
                {
                    "race": "Black or African American", 
                    "purchasers": [
                        {
                            "name": "Fannie Mae", 
                            "count": 5, 
                            "value": 1092.0
                        }, 
                        {
                            "name": "Ginnie Mae", 
                            "count": 8, 
                            "value": 1328.0
                        }, 
                        {
                            "name": "Freddie Mac", 
                            "count": 11, 
                            "value": 2431.0
                        }, 
                        {
                            "name": "Farmer Mac", 
                            "count": 0, 
                            "value": 0
                        }, 
                        {
                            "name": "Private Securitization", 
                            "count": 1, 
                            "value": 58.0
                        }, 
                        {
                            "name": "Commercial bank, savings bank or association", 
                            "count": 8, 
                            "value": 1823.0
                        }, 
                        {
                            "name": "Life insurance co., credit union, finance co.", 
                            "count": 3, 
                            "value": 471.0
                        }, 
                        {
                            "name": "Affiliate institution", 
                            "count": 2, 
                            "value": 433.0
                        }, 
                        {
                            "name": "Other", 
                            "count": 72, 
                            "value": 13179.0
                        }
                    ]
                }, 
                {
                    "race": "Native Hawaiian or Other Pacific Islander", 
                    "purchasers": [
                        {
                            "name": "Fannie Mae", 
                            "count": 116, 
                            "value": 14054.0
                        }, 
                        {
                            "name": "Ginnie Mae", 
                            "count": 266, 
                            "value": 33721.0
                        }, 
                        {
                            "name": "Freddie Mac", 
                            "count": 74, 
                            "value": 10685.0
                        }, 
                        {
                            "name": "Farmer Mac", 
                            "count": 0, 
                            "value": 0
                        }, 
                        {
                            "name": "Private Securitization", 
                            "count": 1, 
                            "value": 115.0
                        }, 
                        {
                            "name": "Commercial bank, savings bank or association", 
                            "count": 63, 
                            "value": 9116.0
                        }, 
                        {
                            "name": "Life insurance co., credit union, finance co.", 
                            "count": 23, 
                            "value": 1925.0
                        }, 
                        {
                            "name": "Affiliate institution", 
                            "count": 8, 
                            "value": 858.0
                        }, 
                        {
                            "name": "Other", 
                            "count": 1106, 
                            "value": 97903.0
                        }
                    ]
                }, 
                {
                    "race": "White", 
                    "purchasers": [
                        {
                            "name": "Fannie Mae", 
                            "count": 0, 
                            "value": 0
                        }, 
                        {
                            "name": "Ginnie Mae", 
                            "count": 0, 
                            "value": 0
                        }, 
                        {
                            "name": "Freddie Mac", 
                            "count": 0, 
                            "value": 0
                        }, 
                        {
                            "name": "Farmer Mac", 
                            "count": 0, 
                            "value": 0
                        }, 
                        {
                            "name": "Private Securitization", 
                            "count": 0, 
                            "value": 0
                        }, 
                        {
                            "name": "Commercial bank, savings bank or association", 
                            "count": 2, 
                            "value": 256.0
                        }, 
                        {
                            "name": "Life insurance co., credit union, finance co.", 
                            "count": 0, 
                            "value": 0
                        }, 
                        {
                            "name": "Affiliate institution", 
                            "count": 0, 
                            "value": 0
                        }, 
                        {
                            "name": "Other", 
                            "count": 15, 
                            "value": 1907.0
                        }
                    ]
                }, 
                {
                    "race": "2 or more minority races", 
                    "purchasers": [
                        {
                            "name": "Fannie Mae", 
                            "count": 868, 
                            "value": 139317.0
                        }, 
                        {
                            "name": "Ginnie Mae", 
                            "count": 575, 
                            "value": 80265.0
                        }, 
                        {
                            "name": "Freddie Mac", 
                            "count": 478, 
                            "value": 71187.0
                        }, 
                        {
                            "name": "Farmer Mac", 
                            "count": 0, 
                            "value": 0
                        }, 
                        {
                            "name": "Private Securitization", 
                            "count": 31, 
                            "value": 5582.0
                        }, 
                        {
                            "name": "Commercial bank, savings bank or association", 
                            "count": 421, 
                            "value": 69272.0
                        }, 
                        {
                            "name": "Life insurance co., credit union, finance co.", 
                            "count": 106, 
                            "value": 16995.0
                        }, 
                        {
                            "name": "Affiliate institution", 
                            "count": 72, 
                            "value": 12118.0
                        }, 
                        {
                            "name": "Other", 
                            "count": 2897, 
                            "value": 382210.0
                        }
                    ]
                }, 
                {
                    "race": "Joint (White/Minority Race", 
                    "purchasers": [
                        {
                            "name": "Fannie Mae", 
                            "count": 12, 
                            "value": 2737.0
                        }, 
                        {
                            "name": "Ginnie Mae", 
                            "count": 5, 
                            "value": 847.0
                        }, 
                        {
                            "name": "Freddie Mac", 
                            "count": 4, 
                            "value": 603.0
                        }, 
                        {
                            "name": "Farmer Mac", 
                            "count": 0, 
                            "value": 0
                        }, 
                        {
                            "name": "Private Securitization", 
                            "count": 0, 
                            "value": 0
                        }, 
                        {
                            "name": "Commercial bank, savings bank or association", 
                            "count": 2, 
                            "value": 246.0
                        }, 
                        {
                            "name": "Life insurance co., credit union, finance co.", 
                            "count": 1, 
                            "value": 176.0
                        }, 
                        {
                            "name": "Affiliate institution", 
                            "count": 1, 
                            "value": 520.0
                        }, 
                        {
                            "name": "Other", 
                            "count": 21, 
                            "value": 2847.0
                        }
                    ]
                }, 
                {
                    "race": "Not Available", 
                    "purchasers": [
                        {
                            "name": "Fannie Mae", 
                            "count": 224, 
                            "value": 35348.0
                        }, 
                        {
                            "name": "Ginnie Mae", 
                            "count": 168, 
                            "value": 22803.0
                        }, 
                        {
                            "name": "Freddie Mac", 
                            "count": 132, 
                            "value": 35305.0
                        }, 
                        {
                            "name": "Farmer Mac", 
                            "count": 0, 
                            "value": 0
                        }, 
                        {
                            "name": "Private Securitization", 
                            "count": 4, 
                            "value": 548.0
                        }, 
                        {
                            "name": "Commercial bank, savings bank or association", 
                            "count": 51, 
                            "value": 7765.0
                        }, 
                        {
                            "name": "Life insurance co., credit union, finance co.", 
                            "count": 10, 
                            "value": 1875.0
                        }, 
                        {
                            "name": "Affiliate institution", 
                            "count": 36, 
                            "value": 5668.0
                        }, 
                        {
                            "name": "Other", 
                            "count": 882, 
                            "value": 131222.0
                        }
                    ]
                }
            ]
        }, 
        {
            "characteristic": "Ethnicity", 
            "ethnicities": [
                {
                    "ethnicity": "Hispanic or Latino", 
                    "purchasers": [
                        {
                            "name": "Fannie Mae", 
                            "count": 12, 
                            "value": 1713
                        }, 
                        {
                            "name": "Ginnie Mae", 
                            "count": 10, 
                            "value": 1810
                        }, 
                        {
                            "name": "Freddie Mac", 
                            "count": 4, 
                            "value": 401
                        }, 
                        {
                            "name": "Farmer Mac", 
                            "count": 0, 
                            "value": 0
                        }, 
                        {
                            "name": "Private Securitization", 
                            "count": 0, 
                            "value": 0
                        }, 
                        {
                            "name": "Commercial bank, savings bank or association", 
                            "count": 3, 
                            "value": 558
                        }, 
                        {
                            "name": "Life insurance co., credit union, finance co.", 
                            "count": 2, 
                            "value": 449
                        }, 
                        {
                            "name": "Affiliate institution", 
                            "count": 0, 
                            "value": 0
                        }, 
                        {
                            "name": "Other", 
                            "count": 48, 
                            "value": 6497
                        }
                    ]
                }, 
                {
                    "ethnicity": "Not Hispanic or Latino", 
                    "purchasers": [
                        {
                            "name": "Fannie Mae", 
                            "count": 990, 
                            "value": 154795
                        }, 
                        {
                            "name": "Ginnie Mae", 
                            "count": 863, 
                            "value": 116185
                        }, 
                        {
                            "name": "Freddie Mac", 
                            "count": 563, 
                            "value": 84432
                        }, 
                        {
                            "name": "Farmer Mac", 
                            "count": 0, 
                            "value": 0
                        }, 
                        {
                            "name": "Private Securitization", 
                            "count": 34, 
                            "value": 5844
                        }, 
                        {
                            "name": "Commercial bank, savings bank or association", 
                            "count": 492, 
                            "value": 80002
                        }, 
                        {
                            "name": "Life insurance co., credit union, finance co.", 
                            "count": 129, 
                            "value": 18870
                        }, 
                        {
                            "name": "Affiliate institution", 
                            "count": 82, 
                            "value": 13827
                        }, 
                        {
                            "name": "Other", 
                            "count": 4016, 
                            "value": 488385
                        }
                    ]
                }, 
                {
                    "ethnicity": "Joint (Hispanic or Latino/Not Hispanic or Latino", 
                    "purchasers": [
                        {
                            "name": "Fannie Mae", 
                            "count": 4, 
                            "value": 753
                        }, 
                        {
                            "name": "Ginnie Mae", 
                            "count": 5, 
                            "value": 841
                        }, 
                        {
                            "name": "Freddie Mac", 
                            "count": 2, 
                            "value": 362
                        }, 
                        {
                            "name": "Farmer Mac", 
                            "count": 0, 
                            "value": 0
                        }, 
                        {
                            "name": "Private Securitization", 
                            "count": 0, 
                            "value": 0
                        }, 
                        {
                            "name": "Commercial bank, savings bank or association", 
                            "count": 1, 
                            "value": 109
                        }, 
                        {
                            "name": "Life insurance co., credit union, finance co.", 
                            "count": 1, 
                            "value": 182
                        }, 
                        {
                            "name": "Affiliate institution", 
                            "count": 0, 
                            "value": 0
                        }, 
                        {
                            "name": "Other", 
                            "count": 22, 
                            "value": 2791
                        }
                    ]
                }, 
                {
                    "ethnicity": "Ethnicity Not Available", 
                    "purchasers": [
                        {
                            "name": "Fannie Mae", 
                            "count": 222, 
                            "value": 35780
                        }, 
                        {
                            "name": "Ginnie Mae", 
                            "count": 148, 
                            "value": 20804
                        }, 
                        {
                            "name": "Freddie Mac", 
                            "count": 131, 
                            "value": 35216
                        }, 
                        {
                            "name": "Farmer Mac", 
                            "count": 0, 
                            "value": 0
                        }, 
                        {
                            "name": "Private Securitization", 
                            "count": 3, 
                            "value": 459
                        }, 
                        {
                            "name": "Commercial bank, savings bank or association", 
                            "count": 53, 
                            "value": 8138
                        }, 
                        {
                            "name": "Life insurance co., credit union, finance co.", 
                            "count": 11, 
                            "value": 1941
                        }, 
                        {
                            "name": "Affiliate institution", 
                            "count": 37, 
                            "value": 5770
                        }, 
                        {
                            "name": "Other", 
                            "count": 924, 
                            "value": 134257
                        }
                    ]
                }
            ]
        }, 
        {
            "characteristic": "Minority Status", 
            "minoritystatuses": [
                {
                    "minoritystatus": "White Non-Hispanic", 
                    "purchasers": [
                        {
                            "name": "Fannie Mae", 
                            "count": 1079, 
                            "value": 172805
                        }, 
                        {
                            "name": "Ginnie Mae", 
                            "count": 729, 
                            "value": 100597
                        }, 
                        {
                            "name": "Freddie Mac", 
                            "count": 604, 
                            "value": 105729
                        }, 
                        {
                            "name": "Farmer Mac", 
                            "count": 0, 
                            "value": 0
                        }, 
                        {
                            "name": "Private Securitization", 
                            "count": 35, 
                            "value": 6130
                        }, 
                        {
                            "name": "Commercial bank, savings bank or association", 
                            "count": 468, 
                            "value": 76455
                        }, 
                        {
                            "name": "Life insurance co., credit union, finance co.", 
                            "count": 114, 
                            "value": 18342
                        }, 
                        {
                            "name": "Affiliate institution", 
                            "count": 108, 
                            "value": 17786
                        }, 
                        {
                            "name": "Other", 
                            "count": 3725, 
                            "value": 506456
                        }
                    ]
                }, 
                {
                    "minoritystatus": "Others, Including Hispanic", 
                    "purchasers": [
                        {
                            "name": "Fannie Mae", 
                            "count": 149, 
                            "value": 20236
                        }, 
                        {
                            "name": "Ginnie Mae", 
                            "count": 297, 
                            "value": 39043
                        }, 
                        {
                            "name": "Freddie Mac", 
                            "count": 96, 
                            "value": 14682
                        }, 
                        {
                            "name": "Farmer Mac", 
                            "count": 0, 
                            "value": 0
                        }, 
                        {
                            "name": "Private Securitization", 
                            "count": 2, 
                            "value": 173
                        }, 
                        {
                            "name": "Commercial bank, savings bank or association", 
                            "count": 81, 
                            "value": 12352
                        }, 
                        {
                            "name": "Life insurance co., credit union, finance co.", 
                            "count": 29, 
                            "value": 3100
                        }, 
                        {
                            "name": "Affiliate institution", 
                            "count": 11, 
                            "value": 1811
                        }, 
                        {
                            "name": "Other", 
                            "count": 1285, 
                            "value": 125474
                        }
                    ]
                }
            ]
        }, 
        {
            "characteristic": "Applicant Income", 
            "applicantincomes": [
                {
                    "applicantincome": "Less than 50% of MSA/MD median", 
                    "purchasers": [
                        {
                            "name": "Fannie Mae", 
                            "count": 52, 
                            "value": 4671
                        }, 
                        {
                            "name": "Ginnie Mae", 
                            "count": 75, 
                            "value": 5382
                        }, 
                        {
                            "name": "Freddie Mac", 
                            "count": 28, 
                            "value": 2631
                        }, 
                        {
                            "name": "Farmer Mac", 
                            "count": 0, 
                            "value": 0
                        }, 
                        {
                            "name": "Private Securitization", 
                            "count": 2, 
                            "value": 123
                        }, 
                        {
                            "name": "Commercial bank, savings bank or association", 
                            "count": 30, 
                            "value": 2051
                        }, 
                        {
                            "name": "Life insurance co., credit union, finance co.", 
                            "count": 10, 
                            "value": 850
                        }, 
                        {
                            "name": "Affiliate institution", 
                            "count": 9, 
                            "value": 696
                        }, 
                        {
                            "name": "Other", 
                            "count": 566, 
                            "value": 30229
                        }
                    ]
                }, 
                {
                    "applicantincome": "50-79% of MSA/MD median", 
                    "purchasers": [
                        {
                            "name": "Fannie Mae", 
                            "count": 140, 
                            "value": 14028
                        }, 
                        {
                            "name": "Ginnie Mae", 
                            "count": 161, 
                            "value": 16728
                        }, 
                        {
                            "name": "Freddie Mac", 
                            "count": 78, 
                            "value": 8108
                        }, 
                        {
                            "name": "Farmer Mac", 
                            "count": 0, 
                            "value": 0
                        }, 
                        {
                            "name": "Private Securitization", 
                            "count": 3, 
                            "value": 272
                        }, 
                        {
                            "name": "Commercial bank, savings bank or association", 
                            "count": 99, 
                            "value": 10731
                        }, 
                        {
                            "name": "Life insurance co., credit union, finance co.", 
                            "count": 29, 
                            "value": 2455
                        }, 
                        {
                            "name": "Affiliate institution", 
                            "count": 15, 
                            "value": 1375
                        }, 
                        {
                            "name": "Other", 
                            "count": 799, 
                            "value": 61318
                        }
                    ]
                }, 
                {
                    "applicantincome": "80-99% of MSA/MD median", 
                    "purchasers": [
                        {
                            "name": "Fannie Mae", 
                            "count": 134, 
                            "value": 14965
                        }, 
                        {
                            "name": "Ginnie Mae", 
                            "count": 116, 
                            "value": 15126
                        }, 
                        {
                            "name": "Freddie Mac", 
                            "count": 58, 
                            "value": 5733
                        }, 
                        {
                            "name": "Farmer Mac", 
                            "count": 0, 
                            "value": 0
                        }, 
                        {
                            "name": "Private Securitization", 
                            "count": 9, 
                            "value": 1275
                        }, 
                        {
                            "name": "Commercial bank, savings bank or association", 
                            "count": 72, 
                            "value": 8718
                        }, 
                        {
                            "name": "Life insurance co., credit union, finance co.", 
                            "count": 16, 
                            "value": 1721
                        }, 
                        {
                            "name": "Affiliate institution", 
                            "count": 13, 
                            "value": 1533
                        }, 
                        {
                            "name": "Other", 
                            "count": 562, 
                            "value": 53810
                        }
                    ]
                }, 
                {
                    "applicantincome": "100-119% of MSA/MD median", 
                    "purchasers": [
                        {
                            "name": "Fannie Mae", 
                            "count": 109, 
                            "value": 13366
                        }, 
                        {
                            "name": "Ginnie Mae", 
                            "count": 81, 
                            "value": 10813
                        }, 
                        {
                            "name": "Freddie Mac", 
                            "count": 74, 
                            "value": 8778
                        }, 
                        {
                            "name": "Farmer Mac", 
                            "count": 0, 
                            "value": 0
                        }, 
                        {
                            "name": "Private Securitization", 
                            "count": 1, 
                            "value": 129
                        }, 
                        {
                            "name": "Commercial bank, savings bank or association", 
                            "count": 63, 
                            "value": 9068
                        }, 
                        {
                            "name": "Life insurance co., credit union, finance co.", 
                            "count": 11, 
                            "value": 1614
                        }, 
                        {
                            "name": "Affiliate institution", 
                            "count": 13, 
                            "value": 1550
                        }, 
                        {
                            "name": "Other", 
                            "count": 447, 
                            "value": 47597
                        }
                    ]
                }, 
                {
                    "applicantincome": "120% or more of MSA/MD median", 
                    "purchasers": [
                        {
                            "name": "Fannie Mae", 
                            "count": 715, 
                            "value": 133359
                        }, 
                        {
                            "name": "Ginnie Mae", 
                            "count": 225, 
                            "value": 38264
                        }, 
                        {
                            "name": "Freddie Mac", 
                            "count": 374, 
                            "value": 64798
                        }, 
                        {
                            "name": "Farmer Mac", 
                            "count": 0, 
                            "value": 0
                        }, 
                        {
                            "name": "Private Securitization", 
                            "count": 21, 
                            "value": 4154
                        }, 
                        {
                            "name": "Commercial bank, savings bank or association", 
                            "count": 258, 
                            "value": 53709
                        }, 
                        {
                            "name": "Life insurance co., credit union, finance co.", 
                            "count": 60, 
                            "value": 12143
                        }, 
                        {
                            "name": "Affiliate institution", 
                            "count": 66, 
                            "value": 14095
                        }, 
                        {
                            "name": "Other", 
                            "count": 1957, 
                            "value": 329368
                        }
                    ]
                }, 
                {
                    "applicantincome": "income not available", 
                    "purchasers": [
                        {
                            "name": "Fannie Mae", 
                            "count": 78, 
                            "value": 12652
                        }, 
                        {
                            "name": "Ginnie Mae", 
                            "count": 368, 
                            "value": 53327
                        }, 
                        {
                            "name": "Freddie Mac", 
                            "count": 88, 
                            "value": 30363
                        }, 
                        {
                            "name": "Farmer Mac", 
                            "count": 0, 
                            "value": 0
                        }, 
                        {
                            "name": "Private Securitization", 
                            "count": 1, 
                            "value": 350
                        }, 
                        {
                            "name": "Commercial bank, savings bank or association", 
                            "count": 27, 
                            "value": 4530
                        }, 
                        {
                            "name": "Life insurance co., credit union, finance co.", 
                            "count": 17, 
                            "value": 2659
                        }, 
                        {
                            "name": "Affiliate institution", 
                            "count": 3, 
                            "value": 348
                        }, 
                        {
                            "name": "Other", 
                            "count": 666, 
                            "value": 108481
                        }
                    ]
                }
            ]
        }
    ], 
    "censuscharacteristics": [
        {
            "characteristic": "Racial/Ethnic Composition", 
            "tractpctminorities": [
                {
                    "tractpctminority": "Less than 10% minority", 
                    "purchasers": [
                        {
                            "name": "Fannie Mae", 
                            "count": 12, 
                            "value": 1327
                        }, 
                        {
                            "name": "Ginnie Mae", 
                            "count": 32, 
                            "value": 4426
                        }, 
                        {
                            "name": "Freddie Mac", 
                            "count": 12, 
                            "value": 1465
                        }, 
                        {
                            "name": "Farmer Mac", 
                            "count": 0, 
                            "value": 0
                        }, 
                        {
                            "name": "Private Securitization", 
                            "count": 4, 
                            "value": 416
                        }, 
                        {
                            "name": "Commercial bank, savings bank or association", 
                            "count": 16, 
                            "value": 2317
                        }, 
                        {
                            "name": "Life insurance co., credit union, finance co.", 
                            "count": 4, 
                            "value": 394
                        }, 
                        {
                            "name": "Affiliate institution", 
                            "count": 4, 
                            "value": 491
                        }, 
                        {
                            "name": "Other", 
                            "count": 131, 
                            "value": 11290
                        }
                    ]
                }, 
                {
                    "tractpctminority": "10-19% minority", 
                    "purchasers": [
                        {
                            "name": "Fannie Mae", 
                            "count": 1085, 
                            "value": 176554
                        }, 
                        {
                            "name": "Ginnie Mae", 
                            "count": 852, 
                            "value": 120800
                        }, 
                        {
                            "name": "Freddie Mac", 
                            "count": 625, 
                            "value": 112605
                        }, 
                        {
                            "name": "Farmer Mac", 
                            "count": 0, 
                            "value": 0
                        }, 
                        {
                            "name": "Private Securitization", 
                            "count": 30, 
                            "value": 5627
                        }, 
                        {
                            "name": "Commercial bank, savings bank or association", 
                            "count": 486, 
                            "value": 80362
                        }, 
                        {
                            "name": "Life insurance co., credit union, finance co.", 
                            "count": 121, 
                            "value": 19563
                        }, 
                        {
                            "name": "Affiliate institution", 
                            "count": 103, 
                            "value": 17714
                        }, 
                        {
                            "name": "Other", 
                            "count": 3691, 
                            "value": 528192
                        }
                    ]
                }, 
                {
                    "tractpctminority": "20-49% minority", 
                    "purchasers": [
                        {
                            "name": "Fannie Mae", 
                            "count": 88, 
                            "value": 12213
                        }, 
                        {
                            "name": "Ginnie Mae", 
                            "count": 84, 
                            "value": 10681
                        }, 
                        {
                            "name": "Freddie Mac", 
                            "count": 39, 
                            "value": 4840
                        }, 
                        {
                            "name": "Farmer Mac", 
                            "count": 0, 
                            "value": 0
                        }, 
                        {
                            "name": "Private Securitization", 
                            "count": 2, 
                            "value": 202
                        }, 
                        {
                            "name": "Commercial bank, savings bank or association", 
                            "count": 36, 
                            "value": 5231
                        }, 
                        {
                            "name": "Life insurance co., credit union, finance co.", 
                            "count": 6, 
                            "value": 672
                        }, 
                        {
                            "name": "Affiliate institution", 
                            "count": 8, 
                            "value": 1145
                        }, 
                        {
                            "name": "Other", 
                            "count": 580, 
                            "value": 54174
                        }
                    ]
                }, 
                {
                    "tractpctminority": "50-79% minority", 
                    "purchasers": [
                        {
                            "name": "Fannie Mae", 
                            "count": 43, 
                            "value": 2947
                        }, 
                        {
                            "name": "Ginnie Mae", 
                            "count": 58, 
                            "value": 3733
                        }, 
                        {
                            "name": "Freddie Mac", 
                            "count": 24, 
                            "value": 1501
                        }, 
                        {
                            "name": "Farmer Mac", 
                            "count": 0, 
                            "value": 0
                        }, 
                        {
                            "name": "Private Securitization", 
                            "count": 1, 
                            "value": 58
                        }, 
                        {
                            "name": "Commercial bank, savings bank or association", 
                            "count": 11, 
                            "value": 897
                        }, 
                        {
                            "name": "Life insurance co., credit union, finance co.", 
                            "count": 12, 
                            "value": 813
                        }, 
                        {
                            "name": "Affiliate institution", 
                            "count": 4, 
                            "value": 247
                        }, 
                        {
                            "name": "Other", 
                            "count": 595, 
                            "value": 37147
                        }
                    ]
                }, 
                {
                    "tractpctminority": "80-100% minority", 
                    "purchasers": [
                        {
                            "name": "Fannie Mae", 
                            "count": 0, 
                            "value": 0
                        }, 
                        {
                            "name": "Ginnie Mae", 
                            "count": 0, 
                            "value": 0
                        }, 
                        {
                            "name": "Freddie Mac", 
                            "count": 0, 
                            "value": 0
                        }, 
                        {
                            "name": "Farmer Mac", 
                            "count": 0, 
                            "value": 0
                        }, 
                        {
                            "name": "Private Securitization", 
                            "count": 0, 
                            "value": 0
                        }, 
                        {
                            "name": "Commercial bank, savings bank or association", 
                            "count": 0, 
                            "value": 0
                        }, 
                        {
                            "name": "Life insurance co., credit union, finance co.", 
                            "count": 0, 
                            "value": 0
                        }, 
                        {
                            "name": "Affiliate institution", 
                            "count": 0, 
                            "value": 0
                        }, 
                        {
                            "name": "Other", 
                            "count": 0, 
                            "value": 0
                        }
                    ]
                }
            ]
        }, 
        {
            "characteristic": "Income", 
            "incomelevels": [
                {
                    "incomelevel": "Low income", 
                    "purchasers": [
                        {
                            "name": "Fannie Mae", 
                            "count": 6, 
                            "value": 479
                        }, 
                        {
                            "name": "Ginnie Mae", 
                            "count": 6, 
                            "value": 356
                        }, 
                        {
                            "name": "Freddie Mac", 
                            "count": 8, 
                            "value": 654
                        }, 
                        {
                            "name": "Farmer Mac", 
                            "count": 0, 
                            "value": 0
                        }, 
                        {
                            "name": "Private Securitization", 
                            "count": 0, 
                            "value": 0
                        }, 
                        {
                            "name": "Commercial bank, savings bank or association", 
                            "count": 1, 
                            "value": 226
                        }, 
                        {
                            "name": "Life insurance co., credit union, finance co.", 
                            "count": 4, 
                            "value": 164
                        }, 
                        {
                            "name": "Affiliate institution", 
                            "count": 1, 
                            "value": 80
                        }, 
                        {
                            "name": "Other", 
                            "count": 160, 
                            "value": 5975
                        }
                    ]
                }, 
                {
                    "incomelevel": "Moderate income", 
                    "purchasers": [
                        {
                            "name": "Fannie Mae", 
                            "count": 84, 
                            "value": 10238
                        }, 
                        {
                            "name": "Ginnie Mae", 
                            "count": 131, 
                            "value": 14267
                        }, 
                        {
                            "name": "Freddie Mac", 
                            "count": 46, 
                            "value": 5353
                        }, 
                        {
                            "name": "Farmer Mac", 
                            "count": 0, 
                            "value": 0
                        }, 
                        {
                            "name": "Private Securitization", 
                            "count": 3, 
                            "value": 416
                        }, 
                        {
                            "name": "Commercial bank, savings bank or association", 
                            "count": 35, 
                            "value": 3571
                        }, 
                        {
                            "name": "Life insurance co., credit union, finance co.", 
                            "count": 15, 
                            "value": 1791
                        }, 
                        {
                            "name": "Affiliate institution", 
                            "count": 7, 
                            "value": 508
                        }, 
                        {
                            "name": "Other", 
                            "count": 850, 
                            "value": 75113
                        }
                    ]
                }, 
                {
                    "incomelevel": "Middle income", 
                    "purchasers": [
                        {
                            "name": "Fannie Mae", 
                            "count": 377, 
                            "value": 57711
                        }, 
                        {
                            "name": "Ginnie Mae", 
                            "count": 385, 
                            "value": 52712
                        }, 
                        {
                            "name": "Freddie Mac", 
                            "count": 264, 
                            "value": 38639
                        }, 
                        {
                            "name": "Farmer Mac", 
                            "count": 0, 
                            "value": 0
                        }, 
                        {
                            "name": "Private Securitization", 
                            "count": 13, 
                            "value": 1948
                        }, 
                        {
                            "name": "Commercial bank, savings bank or association", 
                            "count": 195, 
                            "value": 30520
                        }, 
                        {
                            "name": "Life insurance co., credit union, finance co.", 
                            "count": 48, 
                            "value": 6856
                        }, 
                        {
                            "name": "Affiliate institution", 
                            "count": 47, 
                            "value": 6525
                        }, 
                        {
                            "name": "Other", 
                            "count": 1844, 
                            "value": 226414
                        }
                    ]
                }, 
                {
                    "incomelevel": "Upper income", 
                    "purchasers": [
                        {
                            "name": "Fannie Mae", 
                            "count": 761, 
                            "value": 124613
                        }, 
                        {
                            "name": "Ginnie Mae", 
                            "count": 504, 
                            "value": 72305
                        }, 
                        {
                            "name": "Freddie Mac", 
                            "count": 382, 
                            "value": 75765
                        }, 
                        {
                            "name": "Farmer Mac", 
                            "count": 0, 
                            "value": 0
                        }, 
                        {
                            "name": "Private Securitization", 
                            "count": 21, 
                            "value": 3939
                        }, 
                        {
                            "name": "Commercial bank, savings bank or association", 
                            "count": 318, 
                            "value": 54490
                        }, 
                        {
                            "name": "Life insurance co., credit union, finance co.", 
                            "count": 76, 
                            "value": 12631
                        }, 
                        {
                            "name": "Affiliate institution", 
                            "count": 64, 
                            "value": 12484
                        }, 
                        {
                            "name": "Other", 
                            "count": 2143, 
                            "value": 323301
                        }
                    ]
                }
            ]
        }
    ], 
    "total": {
        "purchasers": [
            {
                "name": "Fannie Mae", 
                "count": 1228, 
                "value": 193041
            }, 
            {
                "name": "Ginnie Mae", 
                "count": 1026, 
                "value": 139640
            }, 
            {
                "name": "Freddie Mac", 
                "count": 700, 
                "value": 120411
            }, 
            {
                "name": "Farmer Mac", 
                "count": 0, 
                "value": 0
            }, 
            {
                "name": "Private Securitization", 
                "count": 37, 
                "value": 6303
            }, 
            {
                "name": "Commercial bank, savings bank or association", 
                "count": 549, 
                "value": 88807
            }, 
            {
                "name": "Life insurance co., credit union, finance co.", 
                "count": 143, 
                "value": 21442
            }, 
            {
                "name": "Affiliate institution", 
                "count": 119, 
                "value": 19597
            }, 
            {
                "name": "Other", 
                "count": 5010, 
                "value": 631930
            }
        ]
    }
}