{
    "table": "3-1", 
    "type": "aggregate", 
    "desc": "Loans sold. By characteristics of borrower and census tract in which property is located and by type of purchaser (includes originations and purchased loans).", 
    "year": "2012", 
    "msa": {
        "id": "22140", 
        "name": "Farmington", 
        "state": "NM", 
        "state_name": "New Mexico"
    }, 
    "borrowercharacteristics": [
        {
            "characteristic": "Race", 
            "races": [
                {
                    "race": "American Indian/Alaska Native", 
                    "purchasers": [
                        {
                            "name": "Fannie Mae", 
                            "count": 0, 
                            "value": 0
                        }, 
                        {
                            "name": "Ginnie Mae", 
                            "count": 0, 
                            "value": 0
                        }, 
                        {
                            "name": "Freddie Mac", 
                            "count": 0, 
                            "value": 0
                        }, 
                        {
                            "name": "Farmer Mac", 
                            "count": 0, 
                            "value": 0
                        }, 
                        {
                            "name": "Private Securitization", 
                            "count": 0, 
                            "value": 0
                        }, 
                        {
                            "name": "Commercial bank, savings bank or association", 
                            "count": 0, 
                            "value": 0
                        }, 
                        {
                            "name": "Life insurance co., credit union, finance co.", 
                            "count": 0, 
                            "value": 0
                        }, 
                        {
                            "name": "Affiliate institution", 
                            "count": 0, 
                            "value": 0
                        }, 
                        {
                            "name": "Other", 
                            "count": 0, 
                            "value": 0
                        }
                    ]
                }, 
                {
                    "race": "Asian", 
                    "purchasers": [
                        {
                            "name": "Fannie Mae", 
                            "count": 3, 
                            "value": 443.0
                        }, 
                        {
                            "name": "Ginnie Mae", 
                            "count": 27, 
                            "value": 5026.0
                        }, 
                        {
                            "name": "Freddie Mac", 
                            "count": 1, 
                            "value": 79.0
                        }, 
                        {
                            "name": "Farmer Mac", 
                            "count": 0, 
                            "value": 0
                        }, 
                        {
                            "name": "Private Securitization", 
                            "count": 0, 
                            "value": 0
                        }, 
                        {
                            "name": "Commercial bank, savings bank or association", 
                            "count": 2, 
                            "value": 346.0
                        }, 
                        {
                            "name": "Life insurance co., credit union, finance co.", 
                            "count": 2, 
                            "value": 297.0
                        }, 
                        {
                            "name": "Affiliate institution", 
                            "count": 1, 
                            "value": 78.0
                        }, 
                        {
                            "name": "Other", 
                            "count": 147, 
                            "value": 9982.0
                        }
                    ]
                }, 
                {
                    "race": "Black or African American", 
                    "purchasers": [
                        {
                            "name": "Fannie Mae", 
                            "count": 0, 
                            "value": 0
                        }, 
                        {
                            "name": "Ginnie Mae", 
                            "count": 0, 
                            "value": 0
                        }, 
                        {
                            "name": "Freddie Mac", 
                            "count": 0, 
                            "value": 0
                        }, 
                        {
                            "name": "Farmer Mac", 
                            "count": 0, 
                            "value": 0
                        }, 
                        {
                            "name": "Private Securitization", 
                            "count": 0, 
                            "value": 0
                        }, 
                        {
                            "name": "Commercial bank, savings bank or association", 
                            "count": 1, 
                            "value": 253.0
                        }, 
                        {
                            "name": "Life insurance co., credit union, finance co.", 
                            "count": 0, 
                            "value": 0
                        }, 
                        {
                            "name": "Affiliate institution", 
                            "count": 0, 
                            "value": 0
                        }, 
                        {
                            "name": "Other", 
                            "count": 4, 
                            "value": 584.0
                        }
                    ]
                }, 
                {
                    "race": "Native Hawaiian or Pacific Islander", 
                    "purchasers": [
                        {
                            "name": "Fannie Mae", 
                            "count": 1, 
                            "value": 192.0
                        }, 
                        {
                            "name": "Ginnie Mae", 
                            "count": 1, 
                            "value": 255.0
                        }, 
                        {
                            "name": "Freddie Mac", 
                            "count": 0, 
                            "value": 0
                        }, 
                        {
                            "name": "Farmer Mac", 
                            "count": 0, 
                            "value": 0
                        }, 
                        {
                            "name": "Private Securitization", 
                            "count": 0, 
                            "value": 0
                        }, 
                        {
                            "name": "Commercial bank, savings bank or association", 
                            "count": 1, 
                            "value": 192.0
                        }, 
                        {
                            "name": "Life insurance co., credit union, finance co.", 
                            "count": 0, 
                            "value": 0
                        }, 
                        {
                            "name": "Affiliate institution", 
                            "count": 0, 
                            "value": 0
                        }, 
                        {
                            "name": "Other", 
                            "count": 4, 
                            "value": 631.0
                        }
                    ]
                }, 
                {
                    "race": "White", 
                    "purchasers": [
                        {
                            "name": "Fannie Mae", 
                            "count": 0, 
                            "value": 0
                        }, 
                        {
                            "name": "Ginnie Mae", 
                            "count": 1, 
                            "value": 88.0
                        }, 
                        {
                            "name": "Freddie Mac", 
                            "count": 0, 
                            "value": 0
                        }, 
                        {
                            "name": "Farmer Mac", 
                            "count": 0, 
                            "value": 0
                        }, 
                        {
                            "name": "Private Securitization", 
                            "count": 0, 
                            "value": 0
                        }, 
                        {
                            "name": "Commercial bank, savings bank or association", 
                            "count": 0, 
                            "value": 0
                        }, 
                        {
                            "name": "Life insurance co., credit union, finance co.", 
                            "count": 0, 
                            "value": 0
                        }, 
                        {
                            "name": "Affiliate institution", 
                            "count": 0, 
                            "value": 0
                        }, 
                        {
                            "name": "Other", 
                            "count": 7, 
                            "value": 625.0
                        }
                    ]
                }, 
                {
                    "race": "2 or more minority races", 
                    "purchasers": [
                        {
                            "name": "Fannie Mae", 
                            "count": 272, 
                            "value": 47894.0
                        }, 
                        {
                            "name": "Ginnie Mae", 
                            "count": 290, 
                            "value": 56732.0
                        }, 
                        {
                            "name": "Freddie Mac", 
                            "count": 102, 
                            "value": 18136.0
                        }, 
                        {
                            "name": "Farmer Mac", 
                            "count": 0, 
                            "value": 0
                        }, 
                        {
                            "name": "Private Securitization", 
                            "count": 3, 
                            "value": 436.0
                        }, 
                        {
                            "name": "Commercial bank, savings bank or association", 
                            "count": 113, 
                            "value": 23362.0
                        }, 
                        {
                            "name": "Life insurance co., credit union, finance co.", 
                            "count": 36, 
                            "value": 6200.0
                        }, 
                        {
                            "name": "Affiliate institution", 
                            "count": 21, 
                            "value": 2984.0
                        }, 
                        {
                            "name": "Other", 
                            "count": 833, 
                            "value": 138884.0
                        }
                    ]
                }, 
                {
                    "race": "Joint", 
                    "purchasers": [
                        {
                            "name": "Fannie Mae", 
                            "count": 34, 
                            "value": 6838.0
                        }, 
                        {
                            "name": "Ginnie Mae", 
                            "count": 19, 
                            "value": 4385.0
                        }, 
                        {
                            "name": "Freddie Mac", 
                            "count": 3, 
                            "value": 572.0
                        }, 
                        {
                            "name": "Farmer Mac", 
                            "count": 0, 
                            "value": 0
                        }, 
                        {
                            "name": "Private Securitization", 
                            "count": 1, 
                            "value": 104.0
                        }, 
                        {
                            "name": "Commercial bank, savings bank or association", 
                            "count": 1, 
                            "value": 414.0
                        }, 
                        {
                            "name": "Life insurance co., credit union, finance co.", 
                            "count": 1, 
                            "value": 192.0
                        }, 
                        {
                            "name": "Affiliate institution", 
                            "count": 2, 
                            "value": 262.0
                        }, 
                        {
                            "name": "Other", 
                            "count": 145, 
                            "value": 16549.0
                        }
                    ]
                }, 
                {
                    "race": "Not Provided", 
                    "purchasers": [
                        {
                            "name": "Fannie Mae", 
                            "count": 96, 
                            "value": 17787.0
                        }, 
                        {
                            "name": "Ginnie Mae", 
                            "count": 64, 
                            "value": 12077.0
                        }, 
                        {
                            "name": "Freddie Mac", 
                            "count": 55, 
                            "value": 9180.0
                        }, 
                        {
                            "name": "Farmer Mac", 
                            "count": 0, 
                            "value": 0
                        }, 
                        {
                            "name": "Private Securitization", 
                            "count": 0, 
                            "value": 0
                        }, 
                        {
                            "name": "Commercial bank, savings bank or association", 
                            "count": 11, 
                            "value": 2478.0
                        }, 
                        {
                            "name": "Life insurance co., credit union, finance co.", 
                            "count": 4, 
                            "value": 807.0
                        }, 
                        {
                            "name": "Affiliate institution", 
                            "count": 2, 
                            "value": 570.0
                        }, 
                        {
                            "name": "Other", 
                            "count": 93, 
                            "value": 15660.0
                        }
                    ]
                }, 
                {
                    "race": "Not Applicable", 
                    "purchasers": [
                        {
                            "name": "Fannie Mae", 
                            "count": 252, 
                            "value": 40925.0
                        }, 
                        {
                            "name": "Ginnie Mae", 
                            "count": 393, 
                            "value": 66647.0
                        }, 
                        {
                            "name": "Freddie Mac", 
                            "count": 76, 
                            "value": 12299.0
                        }, 
                        {
                            "name": "Farmer Mac", 
                            "count": 0, 
                            "value": 0
                        }, 
                        {
                            "name": "Private Securitization", 
                            "count": 3, 
                            "value": 497.0
                        }, 
                        {
                            "name": "Commercial bank, savings bank or association", 
                            "count": 138, 
                            "value": 23775.0
                        }, 
                        {
                            "name": "Life insurance co., credit union, finance co.", 
                            "count": 50, 
                            "value": 8789.0
                        }, 
                        {
                            "name": "Affiliate institution", 
                            "count": 24, 
                            "value": 3062.0
                        }, 
                        {
                            "name": "Other", 
                            "count": 1388, 
                            "value": 162988.0
                        }
                    ]
                }, 
                {
                    "race": "No co-applicant", 
                    "purchasers": [
                        {
                            "name": "Fannie Mae", 
                            "count": 0, 
                            "value": 0
                        }, 
                        {
                            "name": "Ginnie Mae", 
                            "count": 0, 
                            "value": 0
                        }, 
                        {
                            "name": "Freddie Mac", 
                            "count": 0, 
                            "value": 0
                        }, 
                        {
                            "name": "Farmer Mac", 
                            "count": 0, 
                            "value": 0
                        }, 
                        {
                            "name": "Private Securitization", 
                            "count": 0, 
                            "value": 0
                        }, 
                        {
                            "name": "Commercial bank, savings bank or association", 
                            "count": 0, 
                            "value": 0
                        }, 
                        {
                            "name": "Life insurance co., credit union, finance co.", 
                            "count": 0, 
                            "value": 0
                        }, 
                        {
                            "name": "Affiliate institution", 
                            "count": 0, 
                            "value": 0
                        }, 
                        {
                            "name": "Other", 
                            "count": 0, 
                            "value": 0
                        }
                    ]
                }
            ]
        }, 
        {
            "characteristic": "Ethnicity", 
            "ethnicities": [
                {
                    "ethnicitie": "Hispanic or Latino", 
                    "purchasers": [
                        {
                            "name": "Fannie Mae", 
                            "count": 11, 
                            "value": 1744
                        }, 
                        {
                            "name": "Ginnie Mae", 
                            "count": 23, 
                            "value": 4105
                        }, 
                        {
                            "name": "Freddie Mac", 
                            "count": 6, 
                            "value": 596
                        }, 
                        {
                            "name": "Farmer Mac", 
                            "count": 0, 
                            "value": 0
                        }, 
                        {
                            "name": "Private Securitization", 
                            "count": 0, 
                            "value": 0
                        }, 
                        {
                            "name": "Commercial bank, savings bank or association", 
                            "count": 8, 
                            "value": 1571
                        }, 
                        {
                            "name": "Life insurance co., credit union, finance co.", 
                            "count": 4, 
                            "value": 584
                        }, 
                        {
                            "name": "Affiliate institution", 
                            "count": 2, 
                            "value": 220
                        }, 
                        {
                            "name": "Other", 
                            "count": 101, 
                            "value": 12890
                        }
                    ]
                }, 
                {
                    "ethnicitie": "Not Hispanic or Latino", 
                    "purchasers": [
                        {
                            "name": "Fannie Mae", 
                            "count": 445, 
                            "value": 76407
                        }, 
                        {
                            "name": "Ginnie Mae", 
                            "count": 571, 
                            "value": 103462
                        }, 
                        {
                            "name": "Freddie Mac", 
                            "count": 150, 
                            "value": 25896
                        }, 
                        {
                            "name": "Farmer Mac", 
                            "count": 0, 
                            "value": 0
                        }, 
                        {
                            "name": "Private Securitization", 
                            "count": 6, 
                            "value": 890
                        }, 
                        {
                            "name": "Commercial bank, savings bank or association", 
                            "count": 203, 
                            "value": 38479
                        }, 
                        {
                            "name": "Life insurance co., credit union, finance co.", 
                            "count": 71, 
                            "value": 12572
                        }, 
                        {
                            "name": "Affiliate institution", 
                            "count": 26, 
                            "value": 3724
                        }, 
                        {
                            "name": "Other", 
                            "count": 1679, 
                            "value": 232493
                        }
                    ]
                }, 
                {
                    "ethnicitie": "Not provided", 
                    "purchasers": [
                        {
                            "name": "Fannie Mae", 
                            "count": 54, 
                            "value": 8966
                        }, 
                        {
                            "name": "Ginnie Mae", 
                            "count": 108, 
                            "value": 19441
                        }, 
                        {
                            "name": "Freddie Mac", 
                            "count": 19, 
                            "value": 3333
                        }, 
                        {
                            "name": "Farmer Mac", 
                            "count": 0, 
                            "value": 0
                        }, 
                        {
                            "name": "Private Securitization", 
                            "count": 0, 
                            "value": 0
                        }, 
                        {
                            "name": "Commercial bank, savings bank or association", 
                            "count": 38, 
                            "value": 6678
                        }, 
                        {
                            "name": "Life insurance co., credit union, finance co.", 
                            "count": 11, 
                            "value": 1628
                        }, 
                        {
                            "name": "Affiliate institution", 
                            "count": 8, 
                            "value": 854
                        }, 
                        {
                            "name": "Other", 
                            "count": 319, 
                            "value": 41306
                        }
                    ]
                }, 
                {
                    "ethnicitie": "Not applicable", 
                    "purchasers": [
                        {
                            "name": "Fannie Mae", 
                            "count": 148, 
                            "value": 26962
                        }, 
                        {
                            "name": "Ginnie Mae", 
                            "count": 93, 
                            "value": 18202
                        }, 
                        {
                            "name": "Freddie Mac", 
                            "count": 62, 
                            "value": 10441
                        }, 
                        {
                            "name": "Farmer Mac", 
                            "count": 0, 
                            "value": 0
                        }, 
                        {
                            "name": "Private Securitization", 
                            "count": 1, 
                            "value": 147
                        }, 
                        {
                            "name": "Commercial bank, savings bank or association", 
                            "count": 18, 
                            "value": 4092
                        }, 
                        {
                            "name": "Life insurance co., credit union, finance co.", 
                            "count": 7, 
                            "value": 1501
                        }, 
                        {
                            "name": "Affiliate institution", 
                            "count": 14, 
                            "value": 2158
                        }, 
                        {
                            "name": "Other", 
                            "count": 522, 
                            "value": 59214
                        }
                    ]
                }, 
                {
                    "ethnicitie": "No co-applicant", 
                    "purchasers": [
                        {
                            "name": "Fannie Mae", 
                            "count": 0, 
                            "value": 0
                        }, 
                        {
                            "name": "Ginnie Mae", 
                            "count": 0, 
                            "value": 0
                        }, 
                        {
                            "name": "Freddie Mac", 
                            "count": 0, 
                            "value": 0
                        }, 
                        {
                            "name": "Farmer Mac", 
                            "count": 0, 
                            "value": 0
                        }, 
                        {
                            "name": "Private Securitization", 
                            "count": 0, 
                            "value": 0
                        }, 
                        {
                            "name": "Commercial bank, savings bank or association", 
                            "count": 0, 
                            "value": 0
                        }, 
                        {
                            "name": "Life insurance co., credit union, finance co.", 
                            "count": 0, 
                            "value": 0
                        }, 
                        {
                            "name": "Affiliate institution", 
                            "count": 0, 
                            "value": 0
                        }, 
                        {
                            "name": "Other", 
                            "count": 0, 
                            "value": 0
                        }
                    ]
                }
            ]
        }, 
        {
            "characteristic": "Minority Status", 
            "minoritystatuses": [
                {
                    "minoritystatuse": "White Non-Hispanic", 
                    "purchasers": [
                        {
                            "name": "Fannie Mae", 
                            "count": 564, 
                            "value": 98519
                        }, 
                        {
                            "name": "Ginnie Mae", 
                            "count": 576, 
                            "value": 105540
                        }, 
                        {
                            "name": "Freddie Mac", 
                            "count": 203, 
                            "value": 34866
                        }, 
                        {
                            "name": "Farmer Mac", 
                            "count": 0, 
                            "value": 0
                        }, 
                        {
                            "name": "Private Securitization", 
                            "count": 7, 
                            "value": 1037
                        }, 
                        {
                            "name": "Commercial bank, savings bank or association", 
                            "count": 203, 
                            "value": 38734
                        }, 
                        {
                            "name": "Life insurance co., credit union, finance co.", 
                            "count": 75, 
                            "value": 13670
                        }, 
                        {
                            "name": "Affiliate institution", 
                            "count": 36, 
                            "value": 5391
                        }, 
                        {
                            "name": "Other", 
                            "count": 1698, 
                            "value": 255987
                        }
                    ]
                }, 
                {
                    "minoritystatuse": "Others, Including Hispanic", 
                    "purchasers": [
                        {
                            "name": "Fannie Mae", 
                            "count": 94, 
                            "value": 15560
                        }, 
                        {
                            "name": "Ginnie Mae", 
                            "count": 219, 
                            "value": 39670
                        }, 
                        {
                            "name": "Freddie Mac", 
                            "count": 34, 
                            "value": 5400
                        }, 
                        {
                            "name": "Farmer Mac", 
                            "count": 0, 
                            "value": 0
                        }, 
                        {
                            "name": "Private Securitization", 
                            "count": 0, 
                            "value": 0
                        }, 
                        {
                            "name": "Commercial bank, savings bank or association", 
                            "count": 64, 
                            "value": 12086
                        }, 
                        {
                            "name": "Life insurance co., credit union, finance co.", 
                            "count": 18, 
                            "value": 2615
                        }, 
                        {
                            "name": "Affiliate institution", 
                            "count": 14, 
                            "value": 1565
                        }, 
                        {
                            "name": "Other", 
                            "count": 923, 
                            "value": 89916
                        }
                    ]
                }
            ]
        }, 
        {
            "characteristic": "Applicant Income", 
            "applicantincomes": [
                {
                    "applicantincome": "Less than 50% of MSA/MD median", 
                    "purchasers": [
                        {
                            "name": "Fannie Mae", 
                            "count": 19, 
                            "value": 1894
                        }, 
                        {
                            "name": "Ginnie Mae", 
                            "count": 15, 
                            "value": 1582
                        }, 
                        {
                            "name": "Freddie Mac", 
                            "count": 9, 
                            "value": 666
                        }, 
                        {
                            "name": "Farmer Mac", 
                            "count": 0, 
                            "value": 0
                        }, 
                        {
                            "name": "Private Securitization", 
                            "count": 1, 
                            "value": 150
                        }, 
                        {
                            "name": "Commercial bank, savings bank or association", 
                            "count": 4, 
                            "value": 379
                        }, 
                        {
                            "name": "Life insurance co., credit union, finance co.", 
                            "count": 8, 
                            "value": 1186
                        }, 
                        {
                            "name": "Affiliate institution", 
                            "count": 4, 
                            "value": 340
                        }, 
                        {
                            "name": "Other", 
                            "count": 288, 
                            "value": 16792
                        }
                    ]
                }, 
                {
                    "applicantincome": "50-79% of MSA/MD median", 
                    "purchasers": [
                        {
                            "name": "Fannie Mae", 
                            "count": 62, 
                            "value": 8254
                        }, 
                        {
                            "name": "Ginnie Mae", 
                            "count": 95, 
                            "value": 13526
                        }, 
                        {
                            "name": "Freddie Mac", 
                            "count": 22, 
                            "value": 2113
                        }, 
                        {
                            "name": "Farmer Mac", 
                            "count": 0, 
                            "value": 0
                        }, 
                        {
                            "name": "Private Securitization", 
                            "count": 1, 
                            "value": 147
                        }, 
                        {
                            "name": "Commercial bank, savings bank or association", 
                            "count": 33, 
                            "value": 4308
                        }, 
                        {
                            "name": "Life insurance co., credit union, finance co.", 
                            "count": 7, 
                            "value": 832
                        }, 
                        {
                            "name": "Affiliate institution", 
                            "count": 9, 
                            "value": 922
                        }, 
                        {
                            "name": "Other", 
                            "count": 474, 
                            "value": 42833
                        }
                    ]
                }, 
                {
                    "applicantincome": "80-99% of MSA/MD median", 
                    "purchasers": [
                        {
                            "name": "Fannie Mae", 
                            "count": 58, 
                            "value": 7917
                        }, 
                        {
                            "name": "Ginnie Mae", 
                            "count": 89, 
                            "value": 14929
                        }, 
                        {
                            "name": "Freddie Mac", 
                            "count": 19, 
                            "value": 2733
                        }, 
                        {
                            "name": "Farmer Mac", 
                            "count": 0, 
                            "value": 0
                        }, 
                        {
                            "name": "Private Securitization", 
                            "count": 1, 
                            "value": 126
                        }, 
                        {
                            "name": "Commercial bank, savings bank or association", 
                            "count": 29, 
                            "value": 4167
                        }, 
                        {
                            "name": "Life insurance co., credit union, finance co.", 
                            "count": 10, 
                            "value": 1616
                        }, 
                        {
                            "name": "Affiliate institution", 
                            "count": 2, 
                            "value": 311
                        }, 
                        {
                            "name": "Other", 
                            "count": 300, 
                            "value": 31323
                        }
                    ]
                }, 
                {
                    "applicantincome": "100-119% of MSA/MD median", 
                    "purchasers": [
                        {
                            "name": "Fannie Mae", 
                            "count": 65, 
                            "value": 9525
                        }, 
                        {
                            "name": "Ginnie Mae", 
                            "count": 76, 
                            "value": 14171
                        }, 
                        {
                            "name": "Freddie Mac", 
                            "count": 22, 
                            "value": 2899
                        }, 
                        {
                            "name": "Farmer Mac", 
                            "count": 0, 
                            "value": 0
                        }, 
                        {
                            "name": "Private Securitization", 
                            "count": 0, 
                            "value": 0
                        }, 
                        {
                            "name": "Commercial bank, savings bank or association", 
                            "count": 38, 
                            "value": 6601
                        }, 
                        {
                            "name": "Life insurance co., credit union, finance co.", 
                            "count": 17, 
                            "value": 2409
                        }, 
                        {
                            "name": "Affiliate institution", 
                            "count": 9, 
                            "value": 1031
                        }, 
                        {
                            "name": "Other", 
                            "count": 296, 
                            "value": 35493
                        }
                    ]
                }, 
                {
                    "applicantincome": "120% or more of MSA/MD median", 
                    "purchasers": [
                        {
                            "name": "Fannie Mae", 
                            "count": 380, 
                            "value": 72978
                        }, 
                        {
                            "name": "Ginnie Mae", 
                            "count": 233, 
                            "value": 48321
                        }, 
                        {
                            "name": "Freddie Mac", 
                            "count": 132, 
                            "value": 25271
                        }, 
                        {
                            "name": "Farmer Mac", 
                            "count": 0, 
                            "value": 0
                        }, 
                        {
                            "name": "Private Securitization", 
                            "count": 4, 
                            "value": 614
                        }, 
                        {
                            "name": "Commercial bank, savings bank or association", 
                            "count": 131, 
                            "value": 28647
                        }, 
                        {
                            "name": "Life insurance co., credit union, finance co.", 
                            "count": 40, 
                            "value": 8033
                        }, 
                        {
                            "name": "Affiliate institution", 
                            "count": 25, 
                            "value": 4148
                        }, 
                        {
                            "name": "Other", 
                            "count": 990, 
                            "value": 170902
                        }
                    ]
                }, 
                {
                    "applicantincome": "income not available", 
                    "purchasers": [
                        {
                            "name": "Fannie Mae", 
                            "count": 74, 
                            "value": 13511
                        }, 
                        {
                            "name": "Ginnie Mae", 
                            "count": 287, 
                            "value": 52681
                        }, 
                        {
                            "name": "Freddie Mac", 
                            "count": 33, 
                            "value": 6584
                        }, 
                        {
                            "name": "Farmer Mac", 
                            "count": 0, 
                            "value": 0
                        }, 
                        {
                            "name": "Private Securitization", 
                            "count": 0, 
                            "value": 0
                        }, 
                        {
                            "name": "Commercial bank, savings bank or association", 
                            "count": 32, 
                            "value": 6718
                        }, 
                        {
                            "name": "Life insurance co., credit union, finance co.", 
                            "count": 11, 
                            "value": 2209
                        }, 
                        {
                            "name": "Affiliate institution", 
                            "count": 1, 
                            "value": 204
                        }, 
                        {
                            "name": "Other", 
                            "count": 273, 
                            "value": 48560
                        }
                    ]
                }
            ]
        }
    ], 
    "censuscharacteristics": [
        {
            "characteristic": "Racial/Ethnic Composition", 
            "tractpctminority": [
                {
                    "tractpctminorit": "Less than 10% minority", 
                    "purchasers": [
                        {
                            "name": "Fannie Mae", 
                            "count": 0, 
                            "value": 0
                        }, 
                        {
                            "name": "Ginnie Mae", 
                            "count": 0, 
                            "value": 0
                        }, 
                        {
                            "name": "Freddie Mac", 
                            "count": 0, 
                            "value": 0
                        }, 
                        {
                            "name": "Farmer Mac", 
                            "count": 0, 
                            "value": 0
                        }, 
                        {
                            "name": "Private Securitization", 
                            "count": 0, 
                            "value": 0
                        }, 
                        {
                            "name": "Commercial bank, savings bank or association", 
                            "count": 0, 
                            "value": 0
                        }, 
                        {
                            "name": "Life insurance co., credit union, finance co.", 
                            "count": 0, 
                            "value": 0
                        }, 
                        {
                            "name": "Affiliate institution", 
                            "count": 0, 
                            "value": 0
                        }, 
                        {
                            "name": "Other", 
                            "count": 0, 
                            "value": 0
                        }
                    ]
                }, 
                {
                    "tractpctminorit": "10-19% minority", 
                    "purchasers": [
                        {
                            "name": "Fannie Mae", 
                            "count": 503, 
                            "value": 90681
                        }, 
                        {
                            "name": "Ginnie Mae", 
                            "count": 510, 
                            "value": 96366
                        }, 
                        {
                            "name": "Freddie Mac", 
                            "count": 179, 
                            "value": 32513
                        }, 
                        {
                            "name": "Farmer Mac", 
                            "count": 0, 
                            "value": 0
                        }, 
                        {
                            "name": "Private Securitization", 
                            "count": 6, 
                            "value": 933
                        }, 
                        {
                            "name": "Commercial bank, savings bank or association", 
                            "count": 200, 
                            "value": 39885
                        }, 
                        {
                            "name": "Life insurance co., credit union, finance co.", 
                            "count": 63, 
                            "value": 11453
                        }, 
                        {
                            "name": "Affiliate institution", 
                            "count": 36, 
                            "value": 5213
                        }, 
                        {
                            "name": "Other", 
                            "count": 1402, 
                            "value": 227851
                        }
                    ]
                }, 
                {
                    "tractpctminorit": "20-49% minority", 
                    "purchasers": [
                        {
                            "name": "Fannie Mae", 
                            "count": 141, 
                            "value": 21017
                        }, 
                        {
                            "name": "Ginnie Mae", 
                            "count": 237, 
                            "value": 39659
                        }, 
                        {
                            "name": "Freddie Mac", 
                            "count": 54, 
                            "value": 7238
                        }, 
                        {
                            "name": "Farmer Mac", 
                            "count": 0, 
                            "value": 0
                        }, 
                        {
                            "name": "Private Securitization", 
                            "count": 1, 
                            "value": 104
                        }, 
                        {
                            "name": "Commercial bank, savings bank or association", 
                            "count": 59, 
                            "value": 9359
                        }, 
                        {
                            "name": "Life insurance co., credit union, finance co.", 
                            "count": 27, 
                            "value": 4403
                        }, 
                        {
                            "name": "Affiliate institution", 
                            "count": 14, 
                            "value": 1743
                        }, 
                        {
                            "name": "Other", 
                            "count": 991, 
                            "value": 103041
                        }
                    ]
                }, 
                {
                    "tractpctminorit": "50-79% minority", 
                    "purchasers": [
                        {
                            "name": "Fannie Mae", 
                            "count": 14, 
                            "value": 2381
                        }, 
                        {
                            "name": "Ginnie Mae", 
                            "count": 48, 
                            "value": 9185
                        }, 
                        {
                            "name": "Freddie Mac", 
                            "count": 4, 
                            "value": 515
                        }, 
                        {
                            "name": "Farmer Mac", 
                            "count": 0, 
                            "value": 0
                        }, 
                        {
                            "name": "Private Securitization", 
                            "count": 0, 
                            "value": 0
                        }, 
                        {
                            "name": "Commercial bank, savings bank or association", 
                            "count": 8, 
                            "value": 1576
                        }, 
                        {
                            "name": "Life insurance co., credit union, finance co.", 
                            "count": 3, 
                            "value": 429
                        }, 
                        {
                            "name": "Affiliate institution", 
                            "count": 0, 
                            "value": 0
                        }, 
                        {
                            "name": "Other", 
                            "count": 228, 
                            "value": 15011
                        }
                    ]
                }, 
                {
                    "tractpctminorit": "80-100% minority", 
                    "purchasers": [
                        {
                            "name": "Fannie Mae", 
                            "count": 0, 
                            "value": 0
                        }, 
                        {
                            "name": "Ginnie Mae", 
                            "count": 0, 
                            "value": 0
                        }, 
                        {
                            "name": "Freddie Mac", 
                            "count": 0, 
                            "value": 0
                        }, 
                        {
                            "name": "Farmer Mac", 
                            "count": 0, 
                            "value": 0
                        }, 
                        {
                            "name": "Private Securitization", 
                            "count": 0, 
                            "value": 0
                        }, 
                        {
                            "name": "Commercial bank, savings bank or association", 
                            "count": 0, 
                            "value": 0
                        }, 
                        {
                            "name": "Life insurance co., credit union, finance co.", 
                            "count": 0, 
                            "value": 0
                        }, 
                        {
                            "name": "Affiliate institution", 
                            "count": 0, 
                            "value": 0
                        }, 
                        {
                            "name": "Other", 
                            "count": 0, 
                            "value": 0
                        }
                    ]
                }
            ]
        }, 
        {
            "characteristic": "Income", 
            "incomelevel": [
                {
                    "incomeleve": "Low income", 
                    "purchasers": [
                        {
                            "name": "Fannie Mae", 
                            "count": 0, 
                            "value": 0
                        }, 
                        {
                            "name": "Ginnie Mae", 
                            "count": 0, 
                            "value": 0
                        }, 
                        {
                            "name": "Freddie Mac", 
                            "count": 0, 
                            "value": 0
                        }, 
                        {
                            "name": "Farmer Mac", 
                            "count": 0, 
                            "value": 0
                        }, 
                        {
                            "name": "Private Securitization", 
                            "count": 0, 
                            "value": 0
                        }, 
                        {
                            "name": "Commercial bank, savings bank or association", 
                            "count": 0, 
                            "value": 0
                        }, 
                        {
                            "name": "Life insurance co., credit union, finance co.", 
                            "count": 0, 
                            "value": 0
                        }, 
                        {
                            "name": "Affiliate institution", 
                            "count": 0, 
                            "value": 0
                        }, 
                        {
                            "name": "Other", 
                            "count": 41, 
                            "value": 1484
                        }
                    ]
                }, 
                {
                    "incomeleve": "Moderate income", 
                    "purchasers": [
                        {
                            "name": "Fannie Mae", 
                            "count": 22, 
                            "value": 3012
                        }, 
                        {
                            "name": "Ginnie Mae", 
                            "count": 20, 
                            "value": 3198
                        }, 
                        {
                            "name": "Freddie Mac", 
                            "count": 2, 
                            "value": 216
                        }, 
                        {
                            "name": "Farmer Mac", 
                            "count": 0, 
                            "value": 0
                        }, 
                        {
                            "name": "Private Securitization", 
                            "count": 0, 
                            "value": 0
                        }, 
                        {
                            "name": "Commercial bank, savings bank or association", 
                            "count": 5, 
                            "value": 794
                        }, 
                        {
                            "name": "Life insurance co., credit union, finance co.", 
                            "count": 3, 
                            "value": 458
                        }, 
                        {
                            "name": "Affiliate institution", 
                            "count": 1, 
                            "value": 153
                        }, 
                        {
                            "name": "Other", 
                            "count": 243, 
                            "value": 17743
                        }
                    ]
                }, 
                {
                    "incomeleve": "Middle income", 
                    "purchasers": [
                        {
                            "name": "Fannie Mae", 
                            "count": 370, 
                            "value": 56126
                        }, 
                        {
                            "name": "Ginnie Mae", 
                            "count": 541, 
                            "value": 93332
                        }, 
                        {
                            "name": "Freddie Mac", 
                            "count": 130, 
                            "value": 18712
                        }, 
                        {
                            "name": "Farmer Mac", 
                            "count": 0, 
                            "value": 0
                        }, 
                        {
                            "name": "Private Securitization", 
                            "count": 4, 
                            "value": 568
                        }, 
                        {
                            "name": "Commercial bank, savings bank or association", 
                            "count": 154, 
                            "value": 25350
                        }, 
                        {
                            "name": "Life insurance co., credit union, finance co.", 
                            "count": 56, 
                            "value": 8730
                        }, 
                        {
                            "name": "Affiliate institution", 
                            "count": 31, 
                            "value": 3656
                        }, 
                        {
                            "name": "Other", 
                            "count": 1674, 
                            "value": 202884
                        }
                    ]
                }, 
                {
                    "incomeleve": "Upper income", 
                    "purchasers": [
                        {
                            "name": "Fannie Mae", 
                            "count": 266, 
                            "value": 54941
                        }, 
                        {
                            "name": "Ginnie Mae", 
                            "count": 234, 
                            "value": 48680
                        }, 
                        {
                            "name": "Freddie Mac", 
                            "count": 105, 
                            "value": 21338
                        }, 
                        {
                            "name": "Farmer Mac", 
                            "count": 0, 
                            "value": 0
                        }, 
                        {
                            "name": "Private Securitization", 
                            "count": 3, 
                            "value": 469
                        }, 
                        {
                            "name": "Commercial bank, savings bank or association", 
                            "count": 108, 
                            "value": 24676
                        }, 
                        {
                            "name": "Life insurance co., credit union, finance co.", 
                            "count": 34, 
                            "value": 7097
                        }, 
                        {
                            "name": "Affiliate institution", 
                            "count": 18, 
                            "value": 3147
                        }, 
                        {
                            "name": "Other", 
                            "count": 663, 
                            "value": 123792
                        }
                    ]
                }
            ]
        }
    ], 
    "total": {
        "purchasers": [
            {
                "name": "Fannie Mae", 
                "count": 658, 
                "value": 114079
            }, 
            {
                "name": "Ginnie Mae", 
                "count": 795, 
                "value": 145210
            }, 
            {
                "name": "Freddie Mac", 
                "count": 237, 
                "value": 40266
            }, 
            {
                "name": "Farmer Mac", 
                "count": 0, 
                "value": 0
            }, 
            {
                "name": "Private Securitization", 
                "count": 7, 
                "value": 1037
            }, 
            {
                "name": "Commercial bank, savings bank or association", 
                "count": 267, 
                "value": 50820
            }, 
            {
                "name": "Life insurance co., credit union, finance co.", 
                "count": 93, 
                "value": 16285
            }, 
            {
                "name": "Affiliate institution", 
                "count": 50, 
                "value": 6956
            }, 
            {
                "name": "Other", 
                "count": 2621, 
                "value": 345903
            }
        ]
    }
}