{
    "table": "3-1", 
    "type": "aggregate", 
    "desc": "Loans sold. By characteristics of borrower and census tract in which property is located and by type of purchaser (includes originations and purchased loans).", 
    "year": "2012", 
    "msa": {
        "id": "41620", 
        "name": "Salt-Lake-City", 
        "state": "UT", 
        "state_name": "Utah"
    }, 
    "borrowercharacteristics": [
        {
            "characteristic": "Race", 
            "races": [
                {
                    "race": "American Indian/Alaska Native", 
                    "purchasers": [
                        {
                            "name": "Fannie Mae", 
                            "count": 0, 
                            "value": 0
                        }, 
                        {
                            "name": "Ginnie Mae", 
                            "count": 0, 
                            "value": 0
                        }, 
                        {
                            "name": "Freddie Mac", 
                            "count": 0, 
                            "value": 0
                        }, 
                        {
                            "name": "Farmer Mac", 
                            "count": 0, 
                            "value": 0
                        }, 
                        {
                            "name": "Private Securitization", 
                            "count": 0, 
                            "value": 0
                        }, 
                        {
                            "name": "Commercial bank, savings bank or association", 
                            "count": 0, 
                            "value": 0
                        }, 
                        {
                            "name": "Life insurance co., credit union, finance co.", 
                            "count": 0, 
                            "value": 0
                        }, 
                        {
                            "name": "Affiliate institution", 
                            "count": 0, 
                            "value": 0
                        }, 
                        {
                            "name": "Other", 
                            "count": 0, 
                            "value": 0
                        }
                    ]
                }, 
                {
                    "race": "Asian", 
                    "purchasers": [
                        {
                            "name": "Fannie Mae", 
                            "count": 6, 
                            "value": 804.0
                        }, 
                        {
                            "name": "Ginnie Mae", 
                            "count": 7, 
                            "value": 1310.0
                        }, 
                        {
                            "name": "Freddie Mac", 
                            "count": 5, 
                            "value": 1541.0
                        }, 
                        {
                            "name": "Farmer Mac", 
                            "count": 0, 
                            "value": 0
                        }, 
                        {
                            "name": "Private Securitization", 
                            "count": 0, 
                            "value": 0
                        }, 
                        {
                            "name": "Commercial bank, savings bank or association", 
                            "count": 3, 
                            "value": 701.0
                        }, 
                        {
                            "name": "Life insurance co., credit union, finance co.", 
                            "count": 0, 
                            "value": 0
                        }, 
                        {
                            "name": "Affiliate institution", 
                            "count": 0, 
                            "value": 0
                        }, 
                        {
                            "name": "Other", 
                            "count": 49, 
                            "value": 6693.0
                        }
                    ]
                }, 
                {
                    "race": "Black or African American", 
                    "purchasers": [
                        {
                            "name": "Fannie Mae", 
                            "count": 229, 
                            "value": 48126.0
                        }, 
                        {
                            "name": "Ginnie Mae", 
                            "count": 74, 
                            "value": 15228.0
                        }, 
                        {
                            "name": "Freddie Mac", 
                            "count": 145, 
                            "value": 35910.0
                        }, 
                        {
                            "name": "Farmer Mac", 
                            "count": 0, 
                            "value": 0
                        }, 
                        {
                            "name": "Private Securitization", 
                            "count": 2, 
                            "value": 520.0
                        }, 
                        {
                            "name": "Commercial bank, savings bank or association", 
                            "count": 99, 
                            "value": 21356.0
                        }, 
                        {
                            "name": "Life insurance co., credit union, finance co.", 
                            "count": 24, 
                            "value": 4852.0
                        }, 
                        {
                            "name": "Affiliate institution", 
                            "count": 5, 
                            "value": 617.0
                        }, 
                        {
                            "name": "Other", 
                            "count": 462, 
                            "value": 97839.0
                        }
                    ]
                }, 
                {
                    "race": "Native Hawaiian or Pacific Islander", 
                    "purchasers": [
                        {
                            "name": "Fannie Mae", 
                            "count": 13, 
                            "value": 2430.0
                        }, 
                        {
                            "name": "Ginnie Mae", 
                            "count": 14, 
                            "value": 2821.0
                        }, 
                        {
                            "name": "Freddie Mac", 
                            "count": 5, 
                            "value": 884.0
                        }, 
                        {
                            "name": "Farmer Mac", 
                            "count": 0, 
                            "value": 0
                        }, 
                        {
                            "name": "Private Securitization", 
                            "count": 1, 
                            "value": 200.0
                        }, 
                        {
                            "name": "Commercial bank, savings bank or association", 
                            "count": 3, 
                            "value": 813.0
                        }, 
                        {
                            "name": "Life insurance co., credit union, finance co.", 
                            "count": 0, 
                            "value": 0
                        }, 
                        {
                            "name": "Affiliate institution", 
                            "count": 0, 
                            "value": 0
                        }, 
                        {
                            "name": "Other", 
                            "count": 33, 
                            "value": 6496.0
                        }
                    ]
                }, 
                {
                    "race": "White", 
                    "purchasers": [
                        {
                            "name": "Fannie Mae", 
                            "count": 12, 
                            "value": 2463.0
                        }, 
                        {
                            "name": "Ginnie Mae", 
                            "count": 26, 
                            "value": 6566.0
                        }, 
                        {
                            "name": "Freddie Mac", 
                            "count": 2, 
                            "value": 385.0
                        }, 
                        {
                            "name": "Farmer Mac", 
                            "count": 0, 
                            "value": 0
                        }, 
                        {
                            "name": "Private Securitization", 
                            "count": 0, 
                            "value": 0
                        }, 
                        {
                            "name": "Commercial bank, savings bank or association", 
                            "count": 16, 
                            "value": 4215.0
                        }, 
                        {
                            "name": "Life insurance co., credit union, finance co.", 
                            "count": 2, 
                            "value": 364.0
                        }, 
                        {
                            "name": "Affiliate institution", 
                            "count": 0, 
                            "value": 0
                        }, 
                        {
                            "name": "Other", 
                            "count": 87, 
                            "value": 12588.0
                        }
                    ]
                }, 
                {
                    "race": "2 or more minority races", 
                    "purchasers": [
                        {
                            "name": "Fannie Mae", 
                            "count": 8018, 
                            "value": 1747174.0
                        }, 
                        {
                            "name": "Ginnie Mae", 
                            "count": 4953, 
                            "value": 1097579.0
                        }, 
                        {
                            "name": "Freddie Mac", 
                            "count": 4080, 
                            "value": 938979.0
                        }, 
                        {
                            "name": "Farmer Mac", 
                            "count": 1, 
                            "value": 70.0
                        }, 
                        {
                            "name": "Private Securitization", 
                            "count": 235, 
                            "value": 40858.0
                        }, 
                        {
                            "name": "Commercial bank, savings bank or association", 
                            "count": 4634, 
                            "value": 1094571.0
                        }, 
                        {
                            "name": "Life insurance co., credit union, finance co.", 
                            "count": 1002, 
                            "value": 198038.0
                        }, 
                        {
                            "name": "Affiliate institution", 
                            "count": 301, 
                            "value": 63275.0
                        }, 
                        {
                            "name": "Other", 
                            "count": 15566, 
                            "value": 3593937.0
                        }
                    ]
                }, 
                {
                    "race": "Joint", 
                    "purchasers": [
                        {
                            "name": "Fannie Mae", 
                            "count": 682, 
                            "value": 159619.0
                        }, 
                        {
                            "name": "Ginnie Mae", 
                            "count": 323, 
                            "value": 76766.0
                        }, 
                        {
                            "name": "Freddie Mac", 
                            "count": 385, 
                            "value": 90526.0
                        }, 
                        {
                            "name": "Farmer Mac", 
                            "count": 1, 
                            "value": 100.0
                        }, 
                        {
                            "name": "Private Securitization", 
                            "count": 91, 
                            "value": 17411.0
                        }, 
                        {
                            "name": "Commercial bank, savings bank or association", 
                            "count": 574, 
                            "value": 150378.0
                        }, 
                        {
                            "name": "Life insurance co., credit union, finance co.", 
                            "count": 120, 
                            "value": 28702.0
                        }, 
                        {
                            "name": "Affiliate institution", 
                            "count": 53, 
                            "value": 11660.0
                        }, 
                        {
                            "name": "Other", 
                            "count": 2223, 
                            "value": 603423.0
                        }
                    ]
                }, 
                {
                    "race": "Not Provided", 
                    "purchasers": [
                        {
                            "name": "Fannie Mae", 
                            "count": 1987, 
                            "value": 529775.0
                        }, 
                        {
                            "name": "Ginnie Mae", 
                            "count": 1720, 
                            "value": 419769.0
                        }, 
                        {
                            "name": "Freddie Mac", 
                            "count": 1796, 
                            "value": 420176.0
                        }, 
                        {
                            "name": "Farmer Mac", 
                            "count": 0, 
                            "value": 0
                        }, 
                        {
                            "name": "Private Securitization", 
                            "count": 0, 
                            "value": 0
                        }, 
                        {
                            "name": "Commercial bank, savings bank or association", 
                            "count": 61, 
                            "value": 14741.0
                        }, 
                        {
                            "name": "Life insurance co., credit union, finance co.", 
                            "count": 23, 
                            "value": 5878.0
                        }, 
                        {
                            "name": "Affiliate institution", 
                            "count": 125, 
                            "value": 30286.0
                        }, 
                        {
                            "name": "Other", 
                            "count": 1563, 
                            "value": 318968.0
                        }
                    ]
                }, 
                {
                    "race": "Not Applicable", 
                    "purchasers": [
                        {
                            "name": "Fannie Mae", 
                            "count": 7870, 
                            "value": 1569342.0
                        }, 
                        {
                            "name": "Ginnie Mae", 
                            "count": 6020, 
                            "value": 1169401.0
                        }, 
                        {
                            "name": "Freddie Mac", 
                            "count": 3144, 
                            "value": 676112.0
                        }, 
                        {
                            "name": "Farmer Mac", 
                            "count": 1, 
                            "value": 131.0
                        }, 
                        {
                            "name": "Private Securitization", 
                            "count": 532, 
                            "value": 67055.0
                        }, 
                        {
                            "name": "Commercial bank, savings bank or association", 
                            "count": 5187, 
                            "value": 1056423.0
                        }, 
                        {
                            "name": "Life insurance co., credit union, finance co.", 
                            "count": 1388, 
                            "value": 231410.0
                        }, 
                        {
                            "name": "Affiliate institution", 
                            "count": 366, 
                            "value": 65425.0
                        }, 
                        {
                            "name": "Other", 
                            "count": 19806, 
                            "value": 4087054.0
                        }
                    ]
                }, 
                {
                    "race": "No co-applicant", 
                    "purchasers": [
                        {
                            "name": "Fannie Mae", 
                            "count": 0, 
                            "value": 0
                        }, 
                        {
                            "name": "Ginnie Mae", 
                            "count": 0, 
                            "value": 0
                        }, 
                        {
                            "name": "Freddie Mac", 
                            "count": 0, 
                            "value": 0
                        }, 
                        {
                            "name": "Farmer Mac", 
                            "count": 0, 
                            "value": 0
                        }, 
                        {
                            "name": "Private Securitization", 
                            "count": 0, 
                            "value": 0
                        }, 
                        {
                            "name": "Commercial bank, savings bank or association", 
                            "count": 0, 
                            "value": 0
                        }, 
                        {
                            "name": "Life insurance co., credit union, finance co.", 
                            "count": 0, 
                            "value": 0
                        }, 
                        {
                            "name": "Affiliate institution", 
                            "count": 0, 
                            "value": 0
                        }, 
                        {
                            "name": "Other", 
                            "count": 0, 
                            "value": 0
                        }
                    ]
                }
            ]
        }, 
        {
            "characteristic": "Ethnicity", 
            "ethnicities": [
                {
                    "ethnicitie": "Hispanic or Latino", 
                    "purchasers": [
                        {
                            "name": "Fannie Mae", 
                            "count": 140, 
                            "value": 23769
                        }, 
                        {
                            "name": "Ginnie Mae", 
                            "count": 232, 
                            "value": 42778
                        }, 
                        {
                            "name": "Freddie Mac", 
                            "count": 88, 
                            "value": 16361
                        }, 
                        {
                            "name": "Farmer Mac", 
                            "count": 0, 
                            "value": 0
                        }, 
                        {
                            "name": "Private Securitization", 
                            "count": 16, 
                            "value": 1392
                        }, 
                        {
                            "name": "Commercial bank, savings bank or association", 
                            "count": 155, 
                            "value": 30133
                        }, 
                        {
                            "name": "Life insurance co., credit union, finance co.", 
                            "count": 34, 
                            "value": 5202
                        }, 
                        {
                            "name": "Affiliate institution", 
                            "count": 8, 
                            "value": 1416
                        }, 
                        {
                            "name": "Other", 
                            "count": 713, 
                            "value": 104928
                        }
                    ]
                }, 
                {
                    "ethnicitie": "Not Hispanic or Latino", 
                    "purchasers": [
                        {
                            "name": "Fannie Mae", 
                            "count": 14451, 
                            "value": 3013469
                        }, 
                        {
                            "name": "Ginnie Mae", 
                            "count": 9632, 
                            "value": 2015497
                        }, 
                        {
                            "name": "Freddie Mac", 
                            "count": 6675, 
                            "value": 1495533
                        }, 
                        {
                            "name": "Farmer Mac", 
                            "count": 3, 
                            "value": 301
                        }, 
                        {
                            "name": "Private Securitization", 
                            "count": 590, 
                            "value": 86670
                        }, 
                        {
                            "name": "Commercial bank, savings bank or association", 
                            "count": 8976, 
                            "value": 2000793
                        }, 
                        {
                            "name": "Life insurance co., credit union, finance co.", 
                            "count": 2182, 
                            "value": 399950
                        }, 
                        {
                            "name": "Affiliate institution", 
                            "count": 482, 
                            "value": 91767
                        }, 
                        {
                            "name": "Other", 
                            "count": 30906, 
                            "value": 6676917
                        }
                    ]
                }, 
                {
                    "ethnicitie": "Not provided", 
                    "purchasers": [
                        {
                            "name": "Fannie Mae", 
                            "count": 647, 
                            "value": 115371
                        }, 
                        {
                            "name": "Ginnie Mae", 
                            "count": 881, 
                            "value": 153574
                        }, 
                        {
                            "name": "Freddie Mac", 
                            "count": 260, 
                            "value": 47968
                        }, 
                        {
                            "name": "Farmer Mac", 
                            "count": 0, 
                            "value": 0
                        }, 
                        {
                            "name": "Private Securitization", 
                            "count": 82, 
                            "value": 7112
                        }, 
                        {
                            "name": "Commercial bank, savings bank or association", 
                            "count": 612, 
                            "value": 109442
                        }, 
                        {
                            "name": "Life insurance co., credit union, finance co.", 
                            "count": 161, 
                            "value": 22919
                        }, 
                        {
                            "name": "Affiliate institution", 
                            "count": 26, 
                            "value": 4868
                        }, 
                        {
                            "name": "Other", 
                            "count": 2362, 
                            "value": 351519
                        }
                    ]
                }, 
                {
                    "ethnicitie": "Not applicable", 
                    "purchasers": [
                        {
                            "name": "Fannie Mae", 
                            "count": 3579, 
                            "value": 907124
                        }, 
                        {
                            "name": "Ginnie Mae", 
                            "count": 2392, 
                            "value": 577591
                        }, 
                        {
                            "name": "Freddie Mac", 
                            "count": 2539, 
                            "value": 604651
                        }, 
                        {
                            "name": "Farmer Mac", 
                            "count": 0, 
                            "value": 0
                        }, 
                        {
                            "name": "Private Securitization", 
                            "count": 173, 
                            "value": 30870
                        }, 
                        {
                            "name": "Commercial bank, savings bank or association", 
                            "count": 834, 
                            "value": 202830
                        }, 
                        {
                            "name": "Life insurance co., credit union, finance co.", 
                            "count": 182, 
                            "value": 41173
                        }, 
                        {
                            "name": "Affiliate institution", 
                            "count": 334, 
                            "value": 73212
                        }, 
                        {
                            "name": "Other", 
                            "count": 5808, 
                            "value": 1593634
                        }
                    ]
                }, 
                {
                    "ethnicitie": "No co-applicant", 
                    "purchasers": [
                        {
                            "name": "Fannie Mae", 
                            "count": 0, 
                            "value": 0
                        }, 
                        {
                            "name": "Ginnie Mae", 
                            "count": 0, 
                            "value": 0
                        }, 
                        {
                            "name": "Freddie Mac", 
                            "count": 0, 
                            "value": 0
                        }, 
                        {
                            "name": "Farmer Mac", 
                            "count": 0, 
                            "value": 0
                        }, 
                        {
                            "name": "Private Securitization", 
                            "count": 0, 
                            "value": 0
                        }, 
                        {
                            "name": "Commercial bank, savings bank or association", 
                            "count": 0, 
                            "value": 0
                        }, 
                        {
                            "name": "Life insurance co., credit union, finance co.", 
                            "count": 0, 
                            "value": 0
                        }, 
                        {
                            "name": "Affiliate institution", 
                            "count": 0, 
                            "value": 0
                        }, 
                        {
                            "name": "Other", 
                            "count": 0, 
                            "value": 0
                        }
                    ]
                }
            ]
        }, 
        {
            "characteristic": "Minority Status", 
            "minoritystatuses": [
                {
                    "minoritystatuse": "White Non-Hispanic", 
                    "purchasers": [
                        {
                            "name": "Fannie Mae", 
                            "count": 17215, 
                            "value": 3752275
                        }, 
                        {
                            "name": "Ginnie Mae", 
                            "count": 11532, 
                            "value": 2488062
                        }, 
                        {
                            "name": "Freddie Mac", 
                            "count": 8740, 
                            "value": 1996185
                        }, 
                        {
                            "name": "Farmer Mac", 
                            "count": 3, 
                            "value": 301
                        }, 
                        {
                            "name": "Private Securitization", 
                            "count": 743, 
                            "value": 114309
                        }, 
                        {
                            "name": "Commercial bank, savings bank or association", 
                            "count": 9357, 
                            "value": 2104392
                        }, 
                        {
                            "name": "Life insurance co., credit union, finance co.", 
                            "count": 2259, 
                            "value": 419894
                        }, 
                        {
                            "name": "Affiliate institution", 
                            "count": 791, 
                            "value": 160369
                        }, 
                        {
                            "name": "Other", 
                            "count": 34646, 
                            "value": 7850290
                        }
                    ]
                }, 
                {
                    "minoritystatuse": "Others, Including Hispanic", 
                    "purchasers": [
                        {
                            "name": "Fannie Mae", 
                            "count": 1602, 
                            "value": 307458
                        }, 
                        {
                            "name": "Ginnie Mae", 
                            "count": 1605, 
                            "value": 301378
                        }, 
                        {
                            "name": "Freddie Mac", 
                            "count": 822, 
                            "value": 168328
                        }, 
                        {
                            "name": "Farmer Mac", 
                            "count": 0, 
                            "value": 0
                        }, 
                        {
                            "name": "Private Securitization", 
                            "count": 118, 
                            "value": 11735
                        }, 
                        {
                            "name": "Commercial bank, savings bank or association", 
                            "count": 1220, 
                            "value": 238806
                        }, 
                        {
                            "name": "Life insurance co., credit union, finance co.", 
                            "count": 300, 
                            "value": 49350
                        }, 
                        {
                            "name": "Affiliate institution", 
                            "count": 59, 
                            "value": 10894
                        }, 
                        {
                            "name": "Other", 
                            "count": 5143, 
                            "value": 876708
                        }
                    ]
                }
            ]
        }, 
        {
            "characteristic": "Applicant Income", 
            "applicantincomes": [
                {
                    "applicantincome": "Less than 50% of MSA/MD median", 
                    "purchasers": [
                        {
                            "name": "Fannie Mae", 
                            "count": 1319, 
                            "value": 159321
                        }, 
                        {
                            "name": "Ginnie Mae", 
                            "count": 1010, 
                            "value": 127236
                        }, 
                        {
                            "name": "Freddie Mac", 
                            "count": 455, 
                            "value": 56619
                        }, 
                        {
                            "name": "Farmer Mac", 
                            "count": 0, 
                            "value": 0
                        }, 
                        {
                            "name": "Private Securitization", 
                            "count": 179, 
                            "value": 13256
                        }, 
                        {
                            "name": "Commercial bank, savings bank or association", 
                            "count": 906, 
                            "value": 114427
                        }, 
                        {
                            "name": "Life insurance co., credit union, finance co.", 
                            "count": 314, 
                            "value": 31003
                        }, 
                        {
                            "name": "Affiliate institution", 
                            "count": 83, 
                            "value": 9821
                        }, 
                        {
                            "name": "Other", 
                            "count": 4370, 
                            "value": 487201
                        }
                    ]
                }, 
                {
                    "applicantincome": "50-79% of MSA/MD median", 
                    "purchasers": [
                        {
                            "name": "Fannie Mae", 
                            "count": 3449, 
                            "value": 537265
                        }, 
                        {
                            "name": "Ginnie Mae", 
                            "count": 2206, 
                            "value": 381791
                        }, 
                        {
                            "name": "Freddie Mac", 
                            "count": 1448, 
                            "value": 241172
                        }, 
                        {
                            "name": "Farmer Mac", 
                            "count": 2, 
                            "value": 170
                        }, 
                        {
                            "name": "Private Securitization", 
                            "count": 339, 
                            "value": 34829
                        }, 
                        {
                            "name": "Commercial bank, savings bank or association", 
                            "count": 2237, 
                            "value": 386226
                        }, 
                        {
                            "name": "Life insurance co., credit union, finance co.", 
                            "count": 685, 
                            "value": 86447
                        }, 
                        {
                            "name": "Affiliate institution", 
                            "count": 162, 
                            "value": 26491
                        }, 
                        {
                            "name": "Other", 
                            "count": 8514, 
                            "value": 1225027
                        }
                    ]
                }, 
                {
                    "applicantincome": "80-99% of MSA/MD median", 
                    "purchasers": [
                        {
                            "name": "Fannie Mae", 
                            "count": 2344, 
                            "value": 434456
                        }, 
                        {
                            "name": "Ginnie Mae", 
                            "count": 1054, 
                            "value": 217113
                        }, 
                        {
                            "name": "Freddie Mac", 
                            "count": 1063, 
                            "value": 204618
                        }, 
                        {
                            "name": "Farmer Mac", 
                            "count": 0, 
                            "value": 0
                        }, 
                        {
                            "name": "Private Securitization", 
                            "count": 79, 
                            "value": 11804
                        }, 
                        {
                            "name": "Commercial bank, savings bank or association", 
                            "count": 1268, 
                            "value": 255562
                        }, 
                        {
                            "name": "Life insurance co., credit union, finance co.", 
                            "count": 274, 
                            "value": 44640
                        }, 
                        {
                            "name": "Affiliate institution", 
                            "count": 115, 
                            "value": 20446
                        }, 
                        {
                            "name": "Other", 
                            "count": 4664, 
                            "value": 803879
                        }
                    ]
                }, 
                {
                    "applicantincome": "100-119% of MSA/MD median", 
                    "purchasers": [
                        {
                            "name": "Fannie Mae", 
                            "count": 2170, 
                            "value": 437378
                        }, 
                        {
                            "name": "Ginnie Mae", 
                            "count": 719, 
                            "value": 163740
                        }, 
                        {
                            "name": "Freddie Mac", 
                            "count": 971, 
                            "value": 201812
                        }, 
                        {
                            "name": "Farmer Mac", 
                            "count": 0, 
                            "value": 0
                        }, 
                        {
                            "name": "Private Securitization", 
                            "count": 48, 
                            "value": 9487
                        }, 
                        {
                            "name": "Commercial bank, savings bank or association", 
                            "count": 1057, 
                            "value": 235352
                        }, 
                        {
                            "name": "Life insurance co., credit union, finance co.", 
                            "count": 211, 
                            "value": 42545
                        }, 
                        {
                            "name": "Affiliate institution", 
                            "count": 112, 
                            "value": 21630
                        }, 
                        {
                            "name": "Other", 
                            "count": 3768, 
                            "value": 723469
                        }
                    ]
                }, 
                {
                    "applicantincome": "120% or more of MSA/MD median", 
                    "purchasers": [
                        {
                            "name": "Fannie Mae", 
                            "count": 7775, 
                            "value": 1979011
                        }, 
                        {
                            "name": "Ginnie Mae", 
                            "count": 1434, 
                            "value": 421653
                        }, 
                        {
                            "name": "Freddie Mac", 
                            "count": 3862, 
                            "value": 1027828
                        }, 
                        {
                            "name": "Farmer Mac", 
                            "count": 1, 
                            "value": 131
                        }, 
                        {
                            "name": "Private Securitization", 
                            "count": 165, 
                            "value": 45666
                        }, 
                        {
                            "name": "Commercial bank, savings bank or association", 
                            "count": 3334, 
                            "value": 968803
                        }, 
                        {
                            "name": "Life insurance co., credit union, finance co.", 
                            "count": 593, 
                            "value": 165074
                        }, 
                        {
                            "name": "Affiliate institution", 
                            "count": 359, 
                            "value": 88590
                        }, 
                        {
                            "name": "Other", 
                            "count": 13335, 
                            "value": 4180350
                        }
                    ]
                }, 
                {
                    "applicantincome": "income not available", 
                    "purchasers": [
                        {
                            "name": "Fannie Mae", 
                            "count": 1760, 
                            "value": 512302
                        }, 
                        {
                            "name": "Ginnie Mae", 
                            "count": 6714, 
                            "value": 1477907
                        }, 
                        {
                            "name": "Freddie Mac", 
                            "count": 1763, 
                            "value": 432464
                        }, 
                        {
                            "name": "Farmer Mac", 
                            "count": 0, 
                            "value": 0
                        }, 
                        {
                            "name": "Private Securitization", 
                            "count": 51, 
                            "value": 11002
                        }, 
                        {
                            "name": "Commercial bank, savings bank or association", 
                            "count": 1775, 
                            "value": 382828
                        }, 
                        {
                            "name": "Life insurance co., credit union, finance co.", 
                            "count": 482, 
                            "value": 99535
                        }, 
                        {
                            "name": "Affiliate institution", 
                            "count": 19, 
                            "value": 4285
                        }, 
                        {
                            "name": "Other", 
                            "count": 5138, 
                            "value": 1307072
                        }
                    ]
                }
            ]
        }
    ], 
    "censuscharacteristics": [
        {
            "characteristic": "Racial/Ethnic Composition", 
            "tractpctminority": [
                {
                    "tractpctminorit": "Less than 10% minority", 
                    "purchasers": [
                        {
                            "name": "Fannie Mae", 
                            "count": 4871, 
                            "value": 1263298
                        }, 
                        {
                            "name": "Ginnie Mae", 
                            "count": 1823, 
                            "value": 517369
                        }, 
                        {
                            "name": "Freddie Mac", 
                            "count": 2823, 
                            "value": 762769
                        }, 
                        {
                            "name": "Farmer Mac", 
                            "count": 0, 
                            "value": 0
                        }, 
                        {
                            "name": "Private Securitization", 
                            "count": 126, 
                            "value": 29767
                        }, 
                        {
                            "name": "Commercial bank, savings bank or association", 
                            "count": 2406, 
                            "value": 683895
                        }, 
                        {
                            "name": "Life insurance co., credit union, finance co.", 
                            "count": 460, 
                            "value": 119859
                        }, 
                        {
                            "name": "Affiliate institution", 
                            "count": 195, 
                            "value": 48704
                        }, 
                        {
                            "name": "Other", 
                            "count": 8357, 
                            "value": 2451290
                        }
                    ]
                }, 
                {
                    "tractpctminorit": "10-19% minority", 
                    "purchasers": [
                        {
                            "name": "Fannie Mae", 
                            "count": 13248, 
                            "value": 2705690
                        }, 
                        {
                            "name": "Ginnie Mae", 
                            "count": 10312, 
                            "value": 2117761
                        }, 
                        {
                            "name": "Freddie Mac", 
                            "count": 6466, 
                            "value": 1365787
                        }, 
                        {
                            "name": "Farmer Mac", 
                            "count": 3, 
                            "value": 301
                        }, 
                        {
                            "name": "Private Securitization", 
                            "count": 624, 
                            "value": 87049
                        }, 
                        {
                            "name": "Commercial bank, savings bank or association", 
                            "count": 7610, 
                            "value": 1573340
                        }, 
                        {
                            "name": "Life insurance co., credit union, finance co.", 
                            "count": 1929, 
                            "value": 331660
                        }, 
                        {
                            "name": "Affiliate institution", 
                            "count": 623, 
                            "value": 117642
                        }, 
                        {
                            "name": "Other", 
                            "count": 28696, 
                            "value": 5936050
                        }
                    ]
                }, 
                {
                    "tractpctminorit": "20-49% minority", 
                    "purchasers": [
                        {
                            "name": "Fannie Mae", 
                            "count": 697, 
                            "value": 90617
                        }, 
                        {
                            "name": "Ginnie Mae", 
                            "count": 1001, 
                            "value": 154204
                        }, 
                        {
                            "name": "Freddie Mac", 
                            "count": 273, 
                            "value": 35957
                        }, 
                        {
                            "name": "Farmer Mac", 
                            "count": 0, 
                            "value": 0
                        }, 
                        {
                            "name": "Private Securitization", 
                            "count": 111, 
                            "value": 9228
                        }, 
                        {
                            "name": "Commercial bank, savings bank or association", 
                            "count": 561, 
                            "value": 85963
                        }, 
                        {
                            "name": "Life insurance co., credit union, finance co.", 
                            "count": 170, 
                            "value": 17725
                        }, 
                        {
                            "name": "Affiliate institution", 
                            "count": 32, 
                            "value": 4917
                        }, 
                        {
                            "name": "Other", 
                            "count": 2731, 
                            "value": 338663
                        }
                    ]
                }, 
                {
                    "tractpctminorit": "50-79% minority", 
                    "purchasers": [
                        {
                            "name": "Fannie Mae", 
                            "count": 0, 
                            "value": 0
                        }, 
                        {
                            "name": "Ginnie Mae", 
                            "count": 0, 
                            "value": 0
                        }, 
                        {
                            "name": "Freddie Mac", 
                            "count": 0, 
                            "value": 0
                        }, 
                        {
                            "name": "Farmer Mac", 
                            "count": 0, 
                            "value": 0
                        }, 
                        {
                            "name": "Private Securitization", 
                            "count": 0, 
                            "value": 0
                        }, 
                        {
                            "name": "Commercial bank, savings bank or association", 
                            "count": 0, 
                            "value": 0
                        }, 
                        {
                            "name": "Life insurance co., credit union, finance co.", 
                            "count": 0, 
                            "value": 0
                        }, 
                        {
                            "name": "Affiliate institution", 
                            "count": 0, 
                            "value": 0
                        }, 
                        {
                            "name": "Other", 
                            "count": 0, 
                            "value": 0
                        }
                    ]
                }, 
                {
                    "tractpctminorit": "80-100% minority", 
                    "purchasers": [
                        {
                            "name": "Fannie Mae", 
                            "count": 0, 
                            "value": 0
                        }, 
                        {
                            "name": "Ginnie Mae", 
                            "count": 0, 
                            "value": 0
                        }, 
                        {
                            "name": "Freddie Mac", 
                            "count": 0, 
                            "value": 0
                        }, 
                        {
                            "name": "Farmer Mac", 
                            "count": 0, 
                            "value": 0
                        }, 
                        {
                            "name": "Private Securitization", 
                            "count": 0, 
                            "value": 0
                        }, 
                        {
                            "name": "Commercial bank, savings bank or association", 
                            "count": 0, 
                            "value": 0
                        }, 
                        {
                            "name": "Life insurance co., credit union, finance co.", 
                            "count": 0, 
                            "value": 0
                        }, 
                        {
                            "name": "Affiliate institution", 
                            "count": 0, 
                            "value": 0
                        }, 
                        {
                            "name": "Other", 
                            "count": 0, 
                            "value": 0
                        }
                    ]
                }
            ]
        }, 
        {
            "characteristic": "Income", 
            "incomelevel": [
                {
                    "incomeleve": "Low income", 
                    "purchasers": [
                        {
                            "name": "Fannie Mae", 
                            "count": 297, 
                            "value": 79033
                        }, 
                        {
                            "name": "Ginnie Mae", 
                            "count": 289, 
                            "value": 44995
                        }, 
                        {
                            "name": "Freddie Mac", 
                            "count": 120, 
                            "value": 21831
                        }, 
                        {
                            "name": "Farmer Mac", 
                            "count": 0, 
                            "value": 0
                        }, 
                        {
                            "name": "Private Securitization", 
                            "count": 27, 
                            "value": 2681
                        }, 
                        {
                            "name": "Commercial bank, savings bank or association", 
                            "count": 193, 
                            "value": 33122
                        }, 
                        {
                            "name": "Life insurance co., credit union, finance co.", 
                            "count": 50, 
                            "value": 6449
                        }, 
                        {
                            "name": "Affiliate institution", 
                            "count": 12, 
                            "value": 1853
                        }, 
                        {
                            "name": "Other", 
                            "count": 869, 
                            "value": 125445
                        }
                    ]
                }, 
                {
                    "incomeleve": "Moderate income", 
                    "purchasers": [
                        {
                            "name": "Fannie Mae", 
                            "count": 1587, 
                            "value": 292931
                        }, 
                        {
                            "name": "Ginnie Mae", 
                            "count": 1662, 
                            "value": 281407
                        }, 
                        {
                            "name": "Freddie Mac", 
                            "count": 656, 
                            "value": 120595
                        }, 
                        {
                            "name": "Farmer Mac", 
                            "count": 0, 
                            "value": 0
                        }, 
                        {
                            "name": "Private Securitization", 
                            "count": 133, 
                            "value": 12328
                        }, 
                        {
                            "name": "Commercial bank, savings bank or association", 
                            "count": 1088, 
                            "value": 179112
                        }, 
                        {
                            "name": "Life insurance co., credit union, finance co.", 
                            "count": 303, 
                            "value": 37948
                        }, 
                        {
                            "name": "Affiliate institution", 
                            "count": 89, 
                            "value": 12946
                        }, 
                        {
                            "name": "Other", 
                            "count": 4871, 
                            "value": 780490
                        }
                    ]
                }, 
                {
                    "incomeleve": "Middle income", 
                    "purchasers": [
                        {
                            "name": "Fannie Mae", 
                            "count": 8814, 
                            "value": 1612433
                        }, 
                        {
                            "name": "Ginnie Mae", 
                            "count": 7882, 
                            "value": 1552372
                        }, 
                        {
                            "name": "Freddie Mac", 
                            "count": 4238, 
                            "value": 805485
                        }, 
                        {
                            "name": "Farmer Mac", 
                            "count": 3, 
                            "value": 301
                        }, 
                        {
                            "name": "Private Securitization", 
                            "count": 494, 
                            "value": 60792
                        }, 
                        {
                            "name": "Commercial bank, savings bank or association", 
                            "count": 5324, 
                            "value": 1028534
                        }, 
                        {
                            "name": "Life insurance co., credit union, finance co.", 
                            "count": 1446, 
                            "value": 228113
                        }, 
                        {
                            "name": "Affiliate institution", 
                            "count": 422, 
                            "value": 74892
                        }, 
                        {
                            "name": "Other", 
                            "count": 20569, 
                            "value": 3834567
                        }
                    ]
                }, 
                {
                    "incomeleve": "Upper income", 
                    "purchasers": [
                        {
                            "name": "Fannie Mae", 
                            "count": 8118, 
                            "value": 2075208
                        }, 
                        {
                            "name": "Ginnie Mae", 
                            "count": 3303, 
                            "value": 910560
                        }, 
                        {
                            "name": "Freddie Mac", 
                            "count": 4548, 
                            "value": 1216602
                        }, 
                        {
                            "name": "Farmer Mac", 
                            "count": 0, 
                            "value": 0
                        }, 
                        {
                            "name": "Private Securitization", 
                            "count": 207, 
                            "value": 50243
                        }, 
                        {
                            "name": "Commercial bank, savings bank or association", 
                            "count": 3972, 
                            "value": 1102430
                        }, 
                        {
                            "name": "Life insurance co., credit union, finance co.", 
                            "count": 760, 
                            "value": 196734
                        }, 
                        {
                            "name": "Affiliate institution", 
                            "count": 327, 
                            "value": 81572
                        }, 
                        {
                            "name": "Other", 
                            "count": 13475, 
                            "value": 3985501
                        }
                    ]
                }
            ]
        }
    ], 
    "total": {
        "purchasers": [
            {
                "name": "Fannie Mae", 
                "count": 18817, 
                "value": 4059733
            }, 
            {
                "name": "Ginnie Mae", 
                "count": 13137, 
                "value": 2789440
            }, 
            {
                "name": "Freddie Mac", 
                "count": 9562, 
                "value": 2164513
            }, 
            {
                "name": "Farmer Mac", 
                "count": 3, 
                "value": 301
            }, 
            {
                "name": "Private Securitization", 
                "count": 861, 
                "value": 126044
            }, 
            {
                "name": "Commercial bank, savings bank or association", 
                "count": 10577, 
                "value": 2343198
            }, 
            {
                "name": "Life insurance co., credit union, finance co.", 
                "count": 2559, 
                "value": 469244
            }, 
            {
                "name": "Affiliate institution", 
                "count": 850, 
                "value": 171263
            }, 
            {
                "name": "Other", 
                "count": 39789, 
                "value": 8726998
            }
        ]
    }
}