{
    "table": "3-1", 
    "type": "aggregate", 
    "desc": "Loans sold. By characteristics of borrower and census tract in which property is located and by type of purchaser (includes originations and purchased loans).", 
    "year": "2012", 
    "msa": {
        "id": "16020", 
        "name": "Cape-Girardeau-Jackson", 
        "state": "MO", 
        "state_name": "Missouri"
    }, 
    "borrowercharacteristics": [
        {
            "characteristic": "Race", 
            "races": [
                {
                    "race": "American Indian/Alaska Native", 
                    "purchasers": [
                        {
                            "name": "Fannie Mae", 
                            "count": 0, 
                            "value": 0
                        }, 
                        {
                            "name": "Ginnie Mae", 
                            "count": 0, 
                            "value": 0
                        }, 
                        {
                            "name": "Freddie Mac", 
                            "count": 0, 
                            "value": 0
                        }, 
                        {
                            "name": "Farmer Mac", 
                            "count": 0, 
                            "value": 0
                        }, 
                        {
                            "name": "Private Securitization", 
                            "count": 0, 
                            "value": 0
                        }, 
                        {
                            "name": "Commercial bank, savings bank or association", 
                            "count": 0, 
                            "value": 0
                        }, 
                        {
                            "name": "Life insurance co., credit union, finance co.", 
                            "count": 0, 
                            "value": 0
                        }, 
                        {
                            "name": "Affiliate institution", 
                            "count": 0, 
                            "value": 0
                        }, 
                        {
                            "name": "Other", 
                            "count": 0, 
                            "value": 0
                        }
                    ]
                }, 
                {
                    "race": "Asian", 
                    "purchasers": [
                        {
                            "name": "Fannie Mae", 
                            "count": 0, 
                            "value": 0
                        }, 
                        {
                            "name": "Ginnie Mae", 
                            "count": 0, 
                            "value": 0
                        }, 
                        {
                            "name": "Freddie Mac", 
                            "count": 0, 
                            "value": 0
                        }, 
                        {
                            "name": "Farmer Mac", 
                            "count": 0, 
                            "value": 0
                        }, 
                        {
                            "name": "Private Securitization", 
                            "count": 0, 
                            "value": 0
                        }, 
                        {
                            "name": "Commercial bank, savings bank or association", 
                            "count": 0, 
                            "value": 0
                        }, 
                        {
                            "name": "Life insurance co., credit union, finance co.", 
                            "count": 0, 
                            "value": 0
                        }, 
                        {
                            "name": "Affiliate institution", 
                            "count": 0, 
                            "value": 0
                        }, 
                        {
                            "name": "Other", 
                            "count": 1, 
                            "value": 86.0
                        }
                    ]
                }, 
                {
                    "race": "Black or African American", 
                    "purchasers": [
                        {
                            "name": "Fannie Mae", 
                            "count": 2, 
                            "value": 527.0
                        }, 
                        {
                            "name": "Ginnie Mae", 
                            "count": 0, 
                            "value": 0
                        }, 
                        {
                            "name": "Freddie Mac", 
                            "count": 2, 
                            "value": 270.0
                        }, 
                        {
                            "name": "Farmer Mac", 
                            "count": 0, 
                            "value": 0
                        }, 
                        {
                            "name": "Private Securitization", 
                            "count": 0, 
                            "value": 0
                        }, 
                        {
                            "name": "Commercial bank, savings bank or association", 
                            "count": 2, 
                            "value": 489.0
                        }, 
                        {
                            "name": "Life insurance co., credit union, finance co.", 
                            "count": 0, 
                            "value": 0
                        }, 
                        {
                            "name": "Affiliate institution", 
                            "count": 0, 
                            "value": 0
                        }, 
                        {
                            "name": "Other", 
                            "count": 9, 
                            "value": 2479.0
                        }
                    ]
                }, 
                {
                    "race": "Native Hawaiian or Pacific Islander", 
                    "purchasers": [
                        {
                            "name": "Fannie Mae", 
                            "count": 2, 
                            "value": 358.0
                        }, 
                        {
                            "name": "Ginnie Mae", 
                            "count": 3, 
                            "value": 637.0
                        }, 
                        {
                            "name": "Freddie Mac", 
                            "count": 1, 
                            "value": 88.0
                        }, 
                        {
                            "name": "Farmer Mac", 
                            "count": 0, 
                            "value": 0
                        }, 
                        {
                            "name": "Private Securitization", 
                            "count": 0, 
                            "value": 0
                        }, 
                        {
                            "name": "Commercial bank, savings bank or association", 
                            "count": 1, 
                            "value": 234.0
                        }, 
                        {
                            "name": "Life insurance co., credit union, finance co.", 
                            "count": 1, 
                            "value": 200.0
                        }, 
                        {
                            "name": "Affiliate institution", 
                            "count": 1, 
                            "value": 201.0
                        }, 
                        {
                            "name": "Other", 
                            "count": 14, 
                            "value": 1632.0
                        }
                    ]
                }, 
                {
                    "race": "White", 
                    "purchasers": [
                        {
                            "name": "Fannie Mae", 
                            "count": 0, 
                            "value": 0
                        }, 
                        {
                            "name": "Ginnie Mae", 
                            "count": 0, 
                            "value": 0
                        }, 
                        {
                            "name": "Freddie Mac", 
                            "count": 0, 
                            "value": 0
                        }, 
                        {
                            "name": "Farmer Mac", 
                            "count": 0, 
                            "value": 0
                        }, 
                        {
                            "name": "Private Securitization", 
                            "count": 0, 
                            "value": 0
                        }, 
                        {
                            "name": "Commercial bank, savings bank or association", 
                            "count": 0, 
                            "value": 0
                        }, 
                        {
                            "name": "Life insurance co., credit union, finance co.", 
                            "count": 0, 
                            "value": 0
                        }, 
                        {
                            "name": "Affiliate institution", 
                            "count": 0, 
                            "value": 0
                        }, 
                        {
                            "name": "Other", 
                            "count": 0, 
                            "value": 0
                        }
                    ]
                }, 
                {
                    "race": "2 or more minority races", 
                    "purchasers": [
                        {
                            "name": "Fannie Mae", 
                            "count": 311, 
                            "value": 49514.0
                        }, 
                        {
                            "name": "Ginnie Mae", 
                            "count": 170, 
                            "value": 24791.0
                        }, 
                        {
                            "name": "Freddie Mac", 
                            "count": 224, 
                            "value": 32986.0
                        }, 
                        {
                            "name": "Farmer Mac", 
                            "count": 0, 
                            "value": 0
                        }, 
                        {
                            "name": "Private Securitization", 
                            "count": 5, 
                            "value": 911.0
                        }, 
                        {
                            "name": "Commercial bank, savings bank or association", 
                            "count": 333, 
                            "value": 56255.0
                        }, 
                        {
                            "name": "Life insurance co., credit union, finance co.", 
                            "count": 39, 
                            "value": 6017.0
                        }, 
                        {
                            "name": "Affiliate institution", 
                            "count": 19, 
                            "value": 3292.0
                        }, 
                        {
                            "name": "Other", 
                            "count": 1365, 
                            "value": 203657.0
                        }
                    ]
                }, 
                {
                    "race": "Joint", 
                    "purchasers": [
                        {
                            "name": "Fannie Mae", 
                            "count": 29, 
                            "value": 4662.0
                        }, 
                        {
                            "name": "Ginnie Mae", 
                            "count": 36, 
                            "value": 4931.0
                        }, 
                        {
                            "name": "Freddie Mac", 
                            "count": 60, 
                            "value": 9134.0
                        }, 
                        {
                            "name": "Farmer Mac", 
                            "count": 0, 
                            "value": 0
                        }, 
                        {
                            "name": "Private Securitization", 
                            "count": 0, 
                            "value": 0
                        }, 
                        {
                            "name": "Commercial bank, savings bank or association", 
                            "count": 4, 
                            "value": 667.0
                        }, 
                        {
                            "name": "Life insurance co., credit union, finance co.", 
                            "count": 0, 
                            "value": 0
                        }, 
                        {
                            "name": "Affiliate institution", 
                            "count": 4, 
                            "value": 705.0
                        }, 
                        {
                            "name": "Other", 
                            "count": 142, 
                            "value": 17308.0
                        }
                    ]
                }, 
                {
                    "race": "Not Provided", 
                    "purchasers": [
                        {
                            "name": "Fannie Mae", 
                            "count": 35, 
                            "value": 5579.0
                        }, 
                        {
                            "name": "Ginnie Mae", 
                            "count": 34, 
                            "value": 4536.0
                        }, 
                        {
                            "name": "Freddie Mac", 
                            "count": 182, 
                            "value": 28481.0
                        }, 
                        {
                            "name": "Farmer Mac", 
                            "count": 0, 
                            "value": 0
                        }, 
                        {
                            "name": "Private Securitization", 
                            "count": 0, 
                            "value": 0
                        }, 
                        {
                            "name": "Commercial bank, savings bank or association", 
                            "count": 8, 
                            "value": 1410.0
                        }, 
                        {
                            "name": "Life insurance co., credit union, finance co.", 
                            "count": 0, 
                            "value": 0
                        }, 
                        {
                            "name": "Affiliate institution", 
                            "count": 1, 
                            "value": 108.0
                        }, 
                        {
                            "name": "Other", 
                            "count": 80, 
                            "value": 12273.0
                        }
                    ]
                }, 
                {
                    "race": "Not Applicable", 
                    "purchasers": [
                        {
                            "name": "Fannie Mae", 
                            "count": 174, 
                            "value": 20617.0
                        }, 
                        {
                            "name": "Ginnie Mae", 
                            "count": 207, 
                            "value": 25214.0
                        }, 
                        {
                            "name": "Freddie Mac", 
                            "count": 139, 
                            "value": 15102.0
                        }, 
                        {
                            "name": "Farmer Mac", 
                            "count": 0, 
                            "value": 0
                        }, 
                        {
                            "name": "Private Securitization", 
                            "count": 9, 
                            "value": 963.0
                        }, 
                        {
                            "name": "Commercial bank, savings bank or association", 
                            "count": 138, 
                            "value": 19294.0
                        }, 
                        {
                            "name": "Life insurance co., credit union, finance co.", 
                            "count": 25, 
                            "value": 3429.0
                        }, 
                        {
                            "name": "Affiliate institution", 
                            "count": 18, 
                            "value": 2335.0
                        }, 
                        {
                            "name": "Other", 
                            "count": 1159, 
                            "value": 139026.0
                        }
                    ]
                }, 
                {
                    "race": "No co-applicant", 
                    "purchasers": [
                        {
                            "name": "Fannie Mae", 
                            "count": 0, 
                            "value": 0
                        }, 
                        {
                            "name": "Ginnie Mae", 
                            "count": 0, 
                            "value": 0
                        }, 
                        {
                            "name": "Freddie Mac", 
                            "count": 0, 
                            "value": 0
                        }, 
                        {
                            "name": "Farmer Mac", 
                            "count": 0, 
                            "value": 0
                        }, 
                        {
                            "name": "Private Securitization", 
                            "count": 0, 
                            "value": 0
                        }, 
                        {
                            "name": "Commercial bank, savings bank or association", 
                            "count": 0, 
                            "value": 0
                        }, 
                        {
                            "name": "Life insurance co., credit union, finance co.", 
                            "count": 0, 
                            "value": 0
                        }, 
                        {
                            "name": "Affiliate institution", 
                            "count": 0, 
                            "value": 0
                        }, 
                        {
                            "name": "Other", 
                            "count": 0, 
                            "value": 0
                        }
                    ]
                }
            ]
        }, 
        {
            "characteristic": "Ethnicity", 
            "ethnicities": [
                {
                    "ethnicitie": "Hispanic or Latino", 
                    "purchasers": [
                        {
                            "name": "Fannie Mae", 
                            "count": 0, 
                            "value": 0
                        }, 
                        {
                            "name": "Ginnie Mae", 
                            "count": 0, 
                            "value": 0
                        }, 
                        {
                            "name": "Freddie Mac", 
                            "count": 0, 
                            "value": 0
                        }, 
                        {
                            "name": "Farmer Mac", 
                            "count": 0, 
                            "value": 0
                        }, 
                        {
                            "name": "Private Securitization", 
                            "count": 0, 
                            "value": 0
                        }, 
                        {
                            "name": "Commercial bank, savings bank or association", 
                            "count": 1, 
                            "value": 417
                        }, 
                        {
                            "name": "Life insurance co., credit union, finance co.", 
                            "count": 0, 
                            "value": 0
                        }, 
                        {
                            "name": "Affiliate institution", 
                            "count": 1, 
                            "value": 102
                        }, 
                        {
                            "name": "Other", 
                            "count": 4, 
                            "value": 1309
                        }
                    ]
                }, 
                {
                    "ethnicitie": "Not Hispanic or Latino", 
                    "purchasers": [
                        {
                            "name": "Fannie Mae", 
                            "count": 468, 
                            "value": 67742
                        }, 
                        {
                            "name": "Ginnie Mae", 
                            "count": 354, 
                            "value": 47011
                        }, 
                        {
                            "name": "Freddie Mac", 
                            "count": 333, 
                            "value": 44983
                        }, 
                        {
                            "name": "Farmer Mac", 
                            "count": 0, 
                            "value": 0
                        }, 
                        {
                            "name": "Private Securitization", 
                            "count": 13, 
                            "value": 1757
                        }, 
                        {
                            "name": "Commercial bank, savings bank or association", 
                            "count": 467, 
                            "value": 74968
                        }, 
                        {
                            "name": "Life insurance co., credit union, finance co.", 
                            "count": 63, 
                            "value": 9414
                        }, 
                        {
                            "name": "Affiliate institution", 
                            "count": 33, 
                            "value": 5149
                        }, 
                        {
                            "name": "Other", 
                            "count": 2264, 
                            "value": 303206
                        }
                    ]
                }, 
                {
                    "ethnicitie": "Not provided", 
                    "purchasers": [
                        {
                            "name": "Fannie Mae", 
                            "count": 7, 
                            "value": 1258
                        }, 
                        {
                            "name": "Ginnie Mae", 
                            "count": 5, 
                            "value": 551
                        }, 
                        {
                            "name": "Freddie Mac", 
                            "count": 1, 
                            "value": 157
                        }, 
                        {
                            "name": "Farmer Mac", 
                            "count": 0, 
                            "value": 0
                        }, 
                        {
                            "name": "Private Securitization", 
                            "count": 1, 
                            "value": 117
                        }, 
                        {
                            "name": "Commercial bank, savings bank or association", 
                            "count": 2, 
                            "value": 314
                        }, 
                        {
                            "name": "Life insurance co., credit union, finance co.", 
                            "count": 1, 
                            "value": 128
                        }, 
                        {
                            "name": "Affiliate institution", 
                            "count": 1, 
                            "value": 205
                        }, 
                        {
                            "name": "Other", 
                            "count": 27, 
                            "value": 3777
                        }
                    ]
                }, 
                {
                    "ethnicitie": "Not applicable", 
                    "purchasers": [
                        {
                            "name": "Fannie Mae", 
                            "count": 78, 
                            "value": 12257
                        }, 
                        {
                            "name": "Ginnie Mae", 
                            "count": 91, 
                            "value": 12547
                        }, 
                        {
                            "name": "Freddie Mac", 
                            "count": 274, 
                            "value": 40921
                        }, 
                        {
                            "name": "Farmer Mac", 
                            "count": 0, 
                            "value": 0
                        }, 
                        {
                            "name": "Private Securitization", 
                            "count": 0, 
                            "value": 0
                        }, 
                        {
                            "name": "Commercial bank, savings bank or association", 
                            "count": 16, 
                            "value": 2650
                        }, 
                        {
                            "name": "Life insurance co., credit union, finance co.", 
                            "count": 1, 
                            "value": 104
                        }, 
                        {
                            "name": "Affiliate institution", 
                            "count": 8, 
                            "value": 1185
                        }, 
                        {
                            "name": "Other", 
                            "count": 475, 
                            "value": 68169
                        }
                    ]
                }, 
                {
                    "ethnicitie": "No co-applicant", 
                    "purchasers": [
                        {
                            "name": "Fannie Mae", 
                            "count": 0, 
                            "value": 0
                        }, 
                        {
                            "name": "Ginnie Mae", 
                            "count": 0, 
                            "value": 0
                        }, 
                        {
                            "name": "Freddie Mac", 
                            "count": 0, 
                            "value": 0
                        }, 
                        {
                            "name": "Farmer Mac", 
                            "count": 0, 
                            "value": 0
                        }, 
                        {
                            "name": "Private Securitization", 
                            "count": 0, 
                            "value": 0
                        }, 
                        {
                            "name": "Commercial bank, savings bank or association", 
                            "count": 0, 
                            "value": 0
                        }, 
                        {
                            "name": "Life insurance co., credit union, finance co.", 
                            "count": 0, 
                            "value": 0
                        }, 
                        {
                            "name": "Affiliate institution", 
                            "count": 0, 
                            "value": 0
                        }, 
                        {
                            "name": "Other", 
                            "count": 0, 
                            "value": 0
                        }
                    ]
                }
            ]
        }, 
        {
            "characteristic": "Minority Status", 
            "minoritystatuses": [
                {
                    "minoritystatuse": "White Non-Hispanic", 
                    "purchasers": [
                        {
                            "name": "Fannie Mae", 
                            "count": 527, 
                            "value": 77370
                        }, 
                        {
                            "name": "Ginnie Mae", 
                            "count": 434, 
                            "value": 57839
                        }, 
                        {
                            "name": "Freddie Mac", 
                            "count": 600, 
                            "value": 85168
                        }, 
                        {
                            "name": "Farmer Mac", 
                            "count": 0, 
                            "value": 0
                        }, 
                        {
                            "name": "Private Securitization", 
                            "count": 13, 
                            "value": 1757
                        }, 
                        {
                            "name": "Commercial bank, savings bank or association", 
                            "count": 470, 
                            "value": 75020
                        }, 
                        {
                            "name": "Life insurance co., credit union, finance co.", 
                            "count": 60, 
                            "value": 8867
                        }, 
                        {
                            "name": "Affiliate institution", 
                            "count": 35, 
                            "value": 5516
                        }, 
                        {
                            "name": "Other", 
                            "count": 2642, 
                            "value": 358569
                        }
                    ]
                }, 
                {
                    "minoritystatuse": "Others, Including Hispanic", 
                    "purchasers": [
                        {
                            "name": "Fannie Mae", 
                            "count": 26, 
                            "value": 3887
                        }, 
                        {
                            "name": "Ginnie Mae", 
                            "count": 16, 
                            "value": 2270
                        }, 
                        {
                            "name": "Freddie Mac", 
                            "count": 8, 
                            "value": 893
                        }, 
                        {
                            "name": "Farmer Mac", 
                            "count": 0, 
                            "value": 0
                        }, 
                        {
                            "name": "Private Securitization", 
                            "count": 1, 
                            "value": 117
                        }, 
                        {
                            "name": "Commercial bank, savings bank or association", 
                            "count": 16, 
                            "value": 3329
                        }, 
                        {
                            "name": "Life insurance co., credit union, finance co.", 
                            "count": 5, 
                            "value": 779
                        }, 
                        {
                            "name": "Affiliate institution", 
                            "count": 8, 
                            "value": 1125
                        }, 
                        {
                            "name": "Other", 
                            "count": 128, 
                            "value": 17892
                        }
                    ]
                }
            ]
        }, 
        {
            "characteristic": "Applicant Income", 
            "applicantincomes": [
                {
                    "applicantincome": "Less than 50% of MSA/MD median", 
                    "purchasers": [
                        {
                            "name": "Fannie Mae", 
                            "count": 38, 
                            "value": 3168
                        }, 
                        {
                            "name": "Ginnie Mae", 
                            "count": 29, 
                            "value": 2401
                        }, 
                        {
                            "name": "Freddie Mac", 
                            "count": 32, 
                            "value": 2369
                        }, 
                        {
                            "name": "Farmer Mac", 
                            "count": 0, 
                            "value": 0
                        }, 
                        {
                            "name": "Private Securitization", 
                            "count": 2, 
                            "value": 203
                        }, 
                        {
                            "name": "Commercial bank, savings bank or association", 
                            "count": 15, 
                            "value": 1038
                        }, 
                        {
                            "name": "Life insurance co., credit union, finance co.", 
                            "count": 1, 
                            "value": 114
                        }, 
                        {
                            "name": "Affiliate institution", 
                            "count": 7, 
                            "value": 501
                        }, 
                        {
                            "name": "Other", 
                            "count": 243, 
                            "value": 13909
                        }
                    ]
                }, 
                {
                    "applicantincome": "50-79% of MSA/MD median", 
                    "purchasers": [
                        {
                            "name": "Fannie Mae", 
                            "count": 69, 
                            "value": 6422
                        }, 
                        {
                            "name": "Ginnie Mae", 
                            "count": 97, 
                            "value": 10606
                        }, 
                        {
                            "name": "Freddie Mac", 
                            "count": 62, 
                            "value": 6030
                        }, 
                        {
                            "name": "Farmer Mac", 
                            "count": 0, 
                            "value": 0
                        }, 
                        {
                            "name": "Private Securitization", 
                            "count": 3, 
                            "value": 342
                        }, 
                        {
                            "name": "Commercial bank, savings bank or association", 
                            "count": 61, 
                            "value": 6078
                        }, 
                        {
                            "name": "Life insurance co., credit union, finance co.", 
                            "count": 11, 
                            "value": 1128
                        }, 
                        {
                            "name": "Affiliate institution", 
                            "count": 4, 
                            "value": 387
                        }, 
                        {
                            "name": "Other", 
                            "count": 414, 
                            "value": 35781
                        }
                    ]
                }, 
                {
                    "applicantincome": "80-99% of MSA/MD median", 
                    "purchasers": [
                        {
                            "name": "Fannie Mae", 
                            "count": 63, 
                            "value": 7021
                        }, 
                        {
                            "name": "Ginnie Mae", 
                            "count": 53, 
                            "value": 6661
                        }, 
                        {
                            "name": "Freddie Mac", 
                            "count": 53, 
                            "value": 6048
                        }, 
                        {
                            "name": "Farmer Mac", 
                            "count": 0, 
                            "value": 0
                        }, 
                        {
                            "name": "Private Securitization", 
                            "count": 5, 
                            "value": 535
                        }, 
                        {
                            "name": "Commercial bank, savings bank or association", 
                            "count": 48, 
                            "value": 5964
                        }, 
                        {
                            "name": "Life insurance co., credit union, finance co.", 
                            "count": 7, 
                            "value": 830
                        }, 
                        {
                            "name": "Affiliate institution", 
                            "count": 4, 
                            "value": 387
                        }, 
                        {
                            "name": "Other", 
                            "count": 291, 
                            "value": 27970
                        }
                    ]
                }, 
                {
                    "applicantincome": "100-119% of MSA/MD median", 
                    "purchasers": [
                        {
                            "name": "Fannie Mae", 
                            "count": 71, 
                            "value": 9006
                        }, 
                        {
                            "name": "Ginnie Mae", 
                            "count": 62, 
                            "value": 8460
                        }, 
                        {
                            "name": "Freddie Mac", 
                            "count": 52, 
                            "value": 6143
                        }, 
                        {
                            "name": "Farmer Mac", 
                            "count": 0, 
                            "value": 0
                        }, 
                        {
                            "name": "Private Securitization", 
                            "count": 1, 
                            "value": 130
                        }, 
                        {
                            "name": "Commercial bank, savings bank or association", 
                            "count": 52, 
                            "value": 6931
                        }, 
                        {
                            "name": "Life insurance co., credit union, finance co.", 
                            "count": 9, 
                            "value": 1129
                        }, 
                        {
                            "name": "Affiliate institution", 
                            "count": 5, 
                            "value": 933
                        }, 
                        {
                            "name": "Other", 
                            "count": 288, 
                            "value": 32163
                        }
                    ]
                }, 
                {
                    "applicantincome": "120% or more of MSA/MD median", 
                    "purchasers": [
                        {
                            "name": "Fannie Mae", 
                            "count": 298, 
                            "value": 53471
                        }, 
                        {
                            "name": "Ginnie Mae", 
                            "count": 113, 
                            "value": 18919
                        }, 
                        {
                            "name": "Freddie Mac", 
                            "count": 231, 
                            "value": 37079
                        }, 
                        {
                            "name": "Farmer Mac", 
                            "count": 0, 
                            "value": 0
                        }, 
                        {
                            "name": "Private Securitization", 
                            "count": 3, 
                            "value": 664
                        }, 
                        {
                            "name": "Commercial bank, savings bank or association", 
                            "count": 278, 
                            "value": 52914
                        }, 
                        {
                            "name": "Life insurance co., credit union, finance co.", 
                            "count": 30, 
                            "value": 5216
                        }, 
                        {
                            "name": "Affiliate institution", 
                            "count": 23, 
                            "value": 4433
                        }, 
                        {
                            "name": "Other", 
                            "count": 1146, 
                            "value": 198285
                        }
                    ]
                }, 
                {
                    "applicantincome": "income not available", 
                    "purchasers": [
                        {
                            "name": "Fannie Mae", 
                            "count": 14, 
                            "value": 2169
                        }, 
                        {
                            "name": "Ginnie Mae", 
                            "count": 96, 
                            "value": 13062
                        }, 
                        {
                            "name": "Freddie Mac", 
                            "count": 178, 
                            "value": 28392
                        }, 
                        {
                            "name": "Farmer Mac", 
                            "count": 0, 
                            "value": 0
                        }, 
                        {
                            "name": "Private Securitization", 
                            "count": 0, 
                            "value": 0
                        }, 
                        {
                            "name": "Commercial bank, savings bank or association", 
                            "count": 32, 
                            "value": 5424
                        }, 
                        {
                            "name": "Life insurance co., credit union, finance co.", 
                            "count": 7, 
                            "value": 1229
                        }, 
                        {
                            "name": "Affiliate institution", 
                            "count": 0, 
                            "value": 0
                        }, 
                        {
                            "name": "Other", 
                            "count": 382, 
                            "value": 67835
                        }
                    ]
                }
            ]
        }
    ], 
    "censuscharacteristics": [
        {
            "characteristic": "Racial/Ethnic Composition", 
            "tractpctminority": [
                {
                    "tractpctminorit": "Less than 10% minority", 
                    "purchasers": [
                        {
                            "name": "Fannie Mae", 
                            "count": 422, 
                            "value": 65494
                        }, 
                        {
                            "name": "Ginnie Mae", 
                            "count": 358, 
                            "value": 48791
                        }, 
                        {
                            "name": "Freddie Mac", 
                            "count": 463, 
                            "value": 67812
                        }, 
                        {
                            "name": "Farmer Mac", 
                            "count": 0, 
                            "value": 0
                        }, 
                        {
                            "name": "Private Securitization", 
                            "count": 11, 
                            "value": 1342
                        }, 
                        {
                            "name": "Commercial bank, savings bank or association", 
                            "count": 384, 
                            "value": 63741
                        }, 
                        {
                            "name": "Life insurance co., credit union, finance co.", 
                            "count": 51, 
                            "value": 7893
                        }, 
                        {
                            "name": "Affiliate institution", 
                            "count": 35, 
                            "value": 5586
                        }, 
                        {
                            "name": "Other", 
                            "count": 1998, 
                            "value": 275950
                        }
                    ]
                }, 
                {
                    "tractpctminorit": "10-19% minority", 
                    "purchasers": [
                        {
                            "name": "Fannie Mae", 
                            "count": 130, 
                            "value": 15728
                        }, 
                        {
                            "name": "Ginnie Mae", 
                            "count": 89, 
                            "value": 11100
                        }, 
                        {
                            "name": "Freddie Mac", 
                            "count": 144, 
                            "value": 18227
                        }, 
                        {
                            "name": "Farmer Mac", 
                            "count": 0, 
                            "value": 0
                        }, 
                        {
                            "name": "Private Securitization", 
                            "count": 3, 
                            "value": 532
                        }, 
                        {
                            "name": "Commercial bank, savings bank or association", 
                            "count": 99, 
                            "value": 14322
                        }, 
                        {
                            "name": "Life insurance co., credit union, finance co.", 
                            "count": 14, 
                            "value": 1753
                        }, 
                        {
                            "name": "Affiliate institution", 
                            "count": 8, 
                            "value": 1055
                        }, 
                        {
                            "name": "Other", 
                            "count": 745, 
                            "value": 99288
                        }
                    ]
                }, 
                {
                    "tractpctminorit": "20-49% minority", 
                    "purchasers": [
                        {
                            "name": "Fannie Mae", 
                            "count": 1, 
                            "value": 35
                        }, 
                        {
                            "name": "Ginnie Mae", 
                            "count": 3, 
                            "value": 218
                        }, 
                        {
                            "name": "Freddie Mac", 
                            "count": 1, 
                            "value": 22
                        }, 
                        {
                            "name": "Farmer Mac", 
                            "count": 0, 
                            "value": 0
                        }, 
                        {
                            "name": "Private Securitization", 
                            "count": 0, 
                            "value": 0
                        }, 
                        {
                            "name": "Commercial bank, savings bank or association", 
                            "count": 2, 
                            "value": 171
                        }, 
                        {
                            "name": "Life insurance co., credit union, finance co.", 
                            "count": 0, 
                            "value": 0
                        }, 
                        {
                            "name": "Affiliate institution", 
                            "count": 0, 
                            "value": 0
                        }, 
                        {
                            "name": "Other", 
                            "count": 21, 
                            "value": 705
                        }
                    ]
                }, 
                {
                    "tractpctminorit": "50-79% minority", 
                    "purchasers": [
                        {
                            "name": "Fannie Mae", 
                            "count": 0, 
                            "value": 0
                        }, 
                        {
                            "name": "Ginnie Mae", 
                            "count": 0, 
                            "value": 0
                        }, 
                        {
                            "name": "Freddie Mac", 
                            "count": 0, 
                            "value": 0
                        }, 
                        {
                            "name": "Farmer Mac", 
                            "count": 0, 
                            "value": 0
                        }, 
                        {
                            "name": "Private Securitization", 
                            "count": 0, 
                            "value": 0
                        }, 
                        {
                            "name": "Commercial bank, savings bank or association", 
                            "count": 0, 
                            "value": 0
                        }, 
                        {
                            "name": "Life insurance co., credit union, finance co.", 
                            "count": 0, 
                            "value": 0
                        }, 
                        {
                            "name": "Affiliate institution", 
                            "count": 0, 
                            "value": 0
                        }, 
                        {
                            "name": "Other", 
                            "count": 0, 
                            "value": 0
                        }
                    ]
                }, 
                {
                    "tractpctminorit": "80-100% minority", 
                    "purchasers": [
                        {
                            "name": "Fannie Mae", 
                            "count": 0, 
                            "value": 0
                        }, 
                        {
                            "name": "Ginnie Mae", 
                            "count": 0, 
                            "value": 0
                        }, 
                        {
                            "name": "Freddie Mac", 
                            "count": 0, 
                            "value": 0
                        }, 
                        {
                            "name": "Farmer Mac", 
                            "count": 0, 
                            "value": 0
                        }, 
                        {
                            "name": "Private Securitization", 
                            "count": 0, 
                            "value": 0
                        }, 
                        {
                            "name": "Commercial bank, savings bank or association", 
                            "count": 0, 
                            "value": 0
                        }, 
                        {
                            "name": "Life insurance co., credit union, finance co.", 
                            "count": 0, 
                            "value": 0
                        }, 
                        {
                            "name": "Affiliate institution", 
                            "count": 0, 
                            "value": 0
                        }, 
                        {
                            "name": "Other", 
                            "count": 0, 
                            "value": 0
                        }
                    ]
                }
            ]
        }, 
        {
            "characteristic": "Income", 
            "incomelevel": [
                {
                    "incomeleve": "Low income", 
                    "purchasers": [
                        {
                            "name": "Fannie Mae", 
                            "count": 1, 
                            "value": 41
                        }, 
                        {
                            "name": "Ginnie Mae", 
                            "count": 1, 
                            "value": 63
                        }, 
                        {
                            "name": "Freddie Mac", 
                            "count": 0, 
                            "value": 0
                        }, 
                        {
                            "name": "Farmer Mac", 
                            "count": 0, 
                            "value": 0
                        }, 
                        {
                            "name": "Private Securitization", 
                            "count": 0, 
                            "value": 0
                        }, 
                        {
                            "name": "Commercial bank, savings bank or association", 
                            "count": 0, 
                            "value": 0
                        }, 
                        {
                            "name": "Life insurance co., credit union, finance co.", 
                            "count": 0, 
                            "value": 0
                        }, 
                        {
                            "name": "Affiliate institution", 
                            "count": 0, 
                            "value": 0
                        }, 
                        {
                            "name": "Other", 
                            "count": 33, 
                            "value": 3184
                        }
                    ]
                }, 
                {
                    "incomeleve": "Moderate income", 
                    "purchasers": [
                        {
                            "name": "Fannie Mae", 
                            "count": 23, 
                            "value": 2449
                        }, 
                        {
                            "name": "Ginnie Mae", 
                            "count": 33, 
                            "value": 3124
                        }, 
                        {
                            "name": "Freddie Mac", 
                            "count": 40, 
                            "value": 3742
                        }, 
                        {
                            "name": "Farmer Mac", 
                            "count": 0, 
                            "value": 0
                        }, 
                        {
                            "name": "Private Securitization", 
                            "count": 0, 
                            "value": 0
                        }, 
                        {
                            "name": "Commercial bank, savings bank or association", 
                            "count": 26, 
                            "value": 3106
                        }, 
                        {
                            "name": "Life insurance co., credit union, finance co.", 
                            "count": 1, 
                            "value": 85
                        }, 
                        {
                            "name": "Affiliate institution", 
                            "count": 0, 
                            "value": 0
                        }, 
                        {
                            "name": "Other", 
                            "count": 362, 
                            "value": 34899
                        }
                    ]
                }, 
                {
                    "incomeleve": "Middle income", 
                    "purchasers": [
                        {
                            "name": "Fannie Mae", 
                            "count": 332, 
                            "value": 47566
                        }, 
                        {
                            "name": "Ginnie Mae", 
                            "count": 308, 
                            "value": 41746
                        }, 
                        {
                            "name": "Freddie Mac", 
                            "count": 371, 
                            "value": 52208
                        }, 
                        {
                            "name": "Farmer Mac", 
                            "count": 0, 
                            "value": 0
                        }, 
                        {
                            "name": "Private Securitization", 
                            "count": 10, 
                            "value": 1348
                        }, 
                        {
                            "name": "Commercial bank, savings bank or association", 
                            "count": 297, 
                            "value": 45879
                        }, 
                        {
                            "name": "Life insurance co., credit union, finance co.", 
                            "count": 45, 
                            "value": 6188
                        }, 
                        {
                            "name": "Affiliate institution", 
                            "count": 30, 
                            "value": 4449
                        }, 
                        {
                            "name": "Other", 
                            "count": 1564, 
                            "value": 202370
                        }
                    ]
                }, 
                {
                    "incomeleve": "Upper income", 
                    "purchasers": [
                        {
                            "name": "Fannie Mae", 
                            "count": 197, 
                            "value": 31201
                        }, 
                        {
                            "name": "Ginnie Mae", 
                            "count": 108, 
                            "value": 15176
                        }, 
                        {
                            "name": "Freddie Mac", 
                            "count": 197, 
                            "value": 30111
                        }, 
                        {
                            "name": "Farmer Mac", 
                            "count": 0, 
                            "value": 0
                        }, 
                        {
                            "name": "Private Securitization", 
                            "count": 4, 
                            "value": 526
                        }, 
                        {
                            "name": "Commercial bank, savings bank or association", 
                            "count": 162, 
                            "value": 29249
                        }, 
                        {
                            "name": "Life insurance co., credit union, finance co.", 
                            "count": 19, 
                            "value": 3373
                        }, 
                        {
                            "name": "Affiliate institution", 
                            "count": 13, 
                            "value": 2192
                        }, 
                        {
                            "name": "Other", 
                            "count": 805, 
                            "value": 135490
                        }
                    ]
                }
            ]
        }
    ], 
    "total": {
        "purchasers": [
            {
                "name": "Fannie Mae", 
                "count": 553, 
                "value": 81257
            }, 
            {
                "name": "Ginnie Mae", 
                "count": 450, 
                "value": 60109
            }, 
            {
                "name": "Freddie Mac", 
                "count": 608, 
                "value": 86061
            }, 
            {
                "name": "Farmer Mac", 
                "count": 0, 
                "value": 0
            }, 
            {
                "name": "Private Securitization", 
                "count": 14, 
                "value": 1874
            }, 
            {
                "name": "Commercial bank, savings bank or association", 
                "count": 486, 
                "value": 78349
            }, 
            {
                "name": "Life insurance co., credit union, finance co.", 
                "count": 65, 
                "value": 9646
            }, 
            {
                "name": "Affiliate institution", 
                "count": 43, 
                "value": 6641
            }, 
            {
                "name": "Other", 
                "count": 2770, 
                "value": 376461
            }
        ]
    }
}