{
    "table": "3-1", 
    "type": "aggregate", 
    "desc": "Loans sold. By characteristics of borrower and census tract in which property is located and by type of purchaser (includes originations and purchased loans).", 
    "year": "2012", 
    "msa": {
        "id": "12620", 
        "name": "Bangor", 
        "state": "ME", 
        "state_name": "Maine"
    }, 
    "borrowercharacteristics": [
        {
            "characteristic": "Race", 
            "races": [
                {
                    "race": "American Indian/Alaska Native", 
                    "purchasers": [
                        {
                            "name": "Fannie Mae", 
                            "count": 0, 
                            "value": 0
                        }, 
                        {
                            "name": "Ginnie Mae", 
                            "count": 0, 
                            "value": 0
                        }, 
                        {
                            "name": "Freddie Mac", 
                            "count": 0, 
                            "value": 0
                        }, 
                        {
                            "name": "Farmer Mac", 
                            "count": 0, 
                            "value": 0
                        }, 
                        {
                            "name": "Private Securitization", 
                            "count": 0, 
                            "value": 0
                        }, 
                        {
                            "name": "Commercial bank, savings bank or association", 
                            "count": 0, 
                            "value": 0
                        }, 
                        {
                            "name": "Life insurance co., credit union, finance co.", 
                            "count": 0, 
                            "value": 0
                        }, 
                        {
                            "name": "Affiliate institution", 
                            "count": 0, 
                            "value": 0
                        }, 
                        {
                            "name": "Other", 
                            "count": 0, 
                            "value": 0
                        }
                    ]
                }, 
                {
                    "race": "Asian", 
                    "purchasers": [
                        {
                            "name": "Fannie Mae", 
                            "count": 0, 
                            "value": 0
                        }, 
                        {
                            "name": "Ginnie Mae", 
                            "count": 0, 
                            "value": 0
                        }, 
                        {
                            "name": "Freddie Mac", 
                            "count": 1, 
                            "value": 227.0
                        }, 
                        {
                            "name": "Farmer Mac", 
                            "count": 0, 
                            "value": 0
                        }, 
                        {
                            "name": "Private Securitization", 
                            "count": 0, 
                            "value": 0
                        }, 
                        {
                            "name": "Commercial bank, savings bank or association", 
                            "count": 1, 
                            "value": 79.0
                        }, 
                        {
                            "name": "Life insurance co., credit union, finance co.", 
                            "count": 0, 
                            "value": 0
                        }, 
                        {
                            "name": "Affiliate institution", 
                            "count": 0, 
                            "value": 0
                        }, 
                        {
                            "name": "Other", 
                            "count": 4, 
                            "value": 331.0
                        }
                    ]
                }, 
                {
                    "race": "Black or African American", 
                    "purchasers": [
                        {
                            "name": "Fannie Mae", 
                            "count": 0, 
                            "value": 0
                        }, 
                        {
                            "name": "Ginnie Mae", 
                            "count": 0, 
                            "value": 0
                        }, 
                        {
                            "name": "Freddie Mac", 
                            "count": 2, 
                            "value": 311.0
                        }, 
                        {
                            "name": "Farmer Mac", 
                            "count": 0, 
                            "value": 0
                        }, 
                        {
                            "name": "Private Securitization", 
                            "count": 0, 
                            "value": 0
                        }, 
                        {
                            "name": "Commercial bank, savings bank or association", 
                            "count": 0, 
                            "value": 0
                        }, 
                        {
                            "name": "Life insurance co., credit union, finance co.", 
                            "count": 0, 
                            "value": 0
                        }, 
                        {
                            "name": "Affiliate institution", 
                            "count": 0, 
                            "value": 0
                        }, 
                        {
                            "name": "Other", 
                            "count": 4, 
                            "value": 697.0
                        }
                    ]
                }, 
                {
                    "race": "Native Hawaiian or Pacific Islander", 
                    "purchasers": [
                        {
                            "name": "Fannie Mae", 
                            "count": 0, 
                            "value": 0
                        }, 
                        {
                            "name": "Ginnie Mae", 
                            "count": 0, 
                            "value": 0
                        }, 
                        {
                            "name": "Freddie Mac", 
                            "count": 0, 
                            "value": 0
                        }, 
                        {
                            "name": "Farmer Mac", 
                            "count": 0, 
                            "value": 0
                        }, 
                        {
                            "name": "Private Securitization", 
                            "count": 0, 
                            "value": 0
                        }, 
                        {
                            "name": "Commercial bank, savings bank or association", 
                            "count": 1, 
                            "value": 187.0
                        }, 
                        {
                            "name": "Life insurance co., credit union, finance co.", 
                            "count": 0, 
                            "value": 0
                        }, 
                        {
                            "name": "Affiliate institution", 
                            "count": 0, 
                            "value": 0
                        }, 
                        {
                            "name": "Other", 
                            "count": 1, 
                            "value": 122.0
                        }
                    ]
                }, 
                {
                    "race": "White", 
                    "purchasers": [
                        {
                            "name": "Fannie Mae", 
                            "count": 0, 
                            "value": 0
                        }, 
                        {
                            "name": "Ginnie Mae", 
                            "count": 0, 
                            "value": 0
                        }, 
                        {
                            "name": "Freddie Mac", 
                            "count": 0, 
                            "value": 0
                        }, 
                        {
                            "name": "Farmer Mac", 
                            "count": 0, 
                            "value": 0
                        }, 
                        {
                            "name": "Private Securitization", 
                            "count": 0, 
                            "value": 0
                        }, 
                        {
                            "name": "Commercial bank, savings bank or association", 
                            "count": 0, 
                            "value": 0
                        }, 
                        {
                            "name": "Life insurance co., credit union, finance co.", 
                            "count": 0, 
                            "value": 0
                        }, 
                        {
                            "name": "Affiliate institution", 
                            "count": 0, 
                            "value": 0
                        }, 
                        {
                            "name": "Other", 
                            "count": 0, 
                            "value": 0
                        }
                    ]
                }, 
                {
                    "race": "2 or more minority races", 
                    "purchasers": [
                        {
                            "name": "Fannie Mae", 
                            "count": 284, 
                            "value": 41277.0
                        }, 
                        {
                            "name": "Ginnie Mae", 
                            "count": 171, 
                            "value": 27252.0
                        }, 
                        {
                            "name": "Freddie Mac", 
                            "count": 222, 
                            "value": 32358.0
                        }, 
                        {
                            "name": "Farmer Mac", 
                            "count": 0, 
                            "value": 0
                        }, 
                        {
                            "name": "Private Securitization", 
                            "count": 13, 
                            "value": 2441.0
                        }, 
                        {
                            "name": "Commercial bank, savings bank or association", 
                            "count": 245, 
                            "value": 41459.0
                        }, 
                        {
                            "name": "Life insurance co., credit union, finance co.", 
                            "count": 51, 
                            "value": 5143.0
                        }, 
                        {
                            "name": "Affiliate institution", 
                            "count": 22, 
                            "value": 3472.0
                        }, 
                        {
                            "name": "Other", 
                            "count": 1969, 
                            "value": 237416.0
                        }
                    ]
                }, 
                {
                    "race": "Joint", 
                    "purchasers": [
                        {
                            "name": "Fannie Mae", 
                            "count": 24, 
                            "value": 3682.0
                        }, 
                        {
                            "name": "Ginnie Mae", 
                            "count": 16, 
                            "value": 2646.0
                        }, 
                        {
                            "name": "Freddie Mac", 
                            "count": 8, 
                            "value": 1436.0
                        }, 
                        {
                            "name": "Farmer Mac", 
                            "count": 0, 
                            "value": 0
                        }, 
                        {
                            "name": "Private Securitization", 
                            "count": 7, 
                            "value": 1093.0
                        }, 
                        {
                            "name": "Commercial bank, savings bank or association", 
                            "count": 10, 
                            "value": 1753.0
                        }, 
                        {
                            "name": "Life insurance co., credit union, finance co.", 
                            "count": 3, 
                            "value": 228.0
                        }, 
                        {
                            "name": "Affiliate institution", 
                            "count": 3, 
                            "value": 332.0
                        }, 
                        {
                            "name": "Other", 
                            "count": 161, 
                            "value": 22578.0
                        }
                    ]
                }, 
                {
                    "race": "Not Provided", 
                    "purchasers": [
                        {
                            "name": "Fannie Mae", 
                            "count": 85, 
                            "value": 12991.0
                        }, 
                        {
                            "name": "Ginnie Mae", 
                            "count": 117, 
                            "value": 17937.0
                        }, 
                        {
                            "name": "Freddie Mac", 
                            "count": 136, 
                            "value": 21175.0
                        }, 
                        {
                            "name": "Farmer Mac", 
                            "count": 0, 
                            "value": 0
                        }, 
                        {
                            "name": "Private Securitization", 
                            "count": 0, 
                            "value": 0
                        }, 
                        {
                            "name": "Commercial bank, savings bank or association", 
                            "count": 2, 
                            "value": 248.0
                        }, 
                        {
                            "name": "Life insurance co., credit union, finance co.", 
                            "count": 2, 
                            "value": 249.0
                        }, 
                        {
                            "name": "Affiliate institution", 
                            "count": 4, 
                            "value": 684.0
                        }, 
                        {
                            "name": "Other", 
                            "count": 142, 
                            "value": 17870.0
                        }
                    ]
                }, 
                {
                    "race": "Not Applicable", 
                    "purchasers": [
                        {
                            "name": "Fannie Mae", 
                            "count": 231, 
                            "value": 29664.0
                        }, 
                        {
                            "name": "Ginnie Mae", 
                            "count": 337, 
                            "value": 45446.0
                        }, 
                        {
                            "name": "Freddie Mac", 
                            "count": 165, 
                            "value": 20741.0
                        }, 
                        {
                            "name": "Farmer Mac", 
                            "count": 0, 
                            "value": 0
                        }, 
                        {
                            "name": "Private Securitization", 
                            "count": 17, 
                            "value": 1902.0
                        }, 
                        {
                            "name": "Commercial bank, savings bank or association", 
                            "count": 343, 
                            "value": 45848.0
                        }, 
                        {
                            "name": "Life insurance co., credit union, finance co.", 
                            "count": 56, 
                            "value": 4960.0
                        }, 
                        {
                            "name": "Affiliate institution", 
                            "count": 22, 
                            "value": 2461.0
                        }, 
                        {
                            "name": "Other", 
                            "count": 1963, 
                            "value": 232404.0
                        }
                    ]
                }, 
                {
                    "race": "No co-applicant", 
                    "purchasers": [
                        {
                            "name": "Fannie Mae", 
                            "count": 0, 
                            "value": 0
                        }, 
                        {
                            "name": "Ginnie Mae", 
                            "count": 0, 
                            "value": 0
                        }, 
                        {
                            "name": "Freddie Mac", 
                            "count": 0, 
                            "value": 0
                        }, 
                        {
                            "name": "Farmer Mac", 
                            "count": 0, 
                            "value": 0
                        }, 
                        {
                            "name": "Private Securitization", 
                            "count": 0, 
                            "value": 0
                        }, 
                        {
                            "name": "Commercial bank, savings bank or association", 
                            "count": 0, 
                            "value": 0
                        }, 
                        {
                            "name": "Life insurance co., credit union, finance co.", 
                            "count": 0, 
                            "value": 0
                        }, 
                        {
                            "name": "Affiliate institution", 
                            "count": 0, 
                            "value": 0
                        }, 
                        {
                            "name": "Other", 
                            "count": 0, 
                            "value": 0
                        }
                    ]
                }
            ]
        }, 
        {
            "characteristic": "Ethnicity", 
            "ethnicities": [
                {
                    "ethnicitie": "Hispanic or Latino", 
                    "purchasers": [
                        {
                            "name": "Fannie Mae", 
                            "count": 0, 
                            "value": 0
                        }, 
                        {
                            "name": "Ginnie Mae", 
                            "count": 0, 
                            "value": 0
                        }, 
                        {
                            "name": "Freddie Mac", 
                            "count": 1, 
                            "value": 94
                        }, 
                        {
                            "name": "Farmer Mac", 
                            "count": 0, 
                            "value": 0
                        }, 
                        {
                            "name": "Private Securitization", 
                            "count": 0, 
                            "value": 0
                        }, 
                        {
                            "name": "Commercial bank, savings bank or association", 
                            "count": 0, 
                            "value": 0
                        }, 
                        {
                            "name": "Life insurance co., credit union, finance co.", 
                            "count": 0, 
                            "value": 0
                        }, 
                        {
                            "name": "Affiliate institution", 
                            "count": 0, 
                            "value": 0
                        }, 
                        {
                            "name": "Other", 
                            "count": 4, 
                            "value": 682
                        }
                    ]
                }, 
                {
                    "ethnicitie": "Not Hispanic or Latino", 
                    "purchasers": [
                        {
                            "name": "Fannie Mae", 
                            "count": 467, 
                            "value": 64477
                        }, 
                        {
                            "name": "Ginnie Mae", 
                            "count": 480, 
                            "value": 68745
                        }, 
                        {
                            "name": "Freddie Mac", 
                            "count": 372, 
                            "value": 50787
                        }, 
                        {
                            "name": "Farmer Mac", 
                            "count": 0, 
                            "value": 0
                        }, 
                        {
                            "name": "Private Securitization", 
                            "count": 25, 
                            "value": 3939
                        }, 
                        {
                            "name": "Commercial bank, savings bank or association", 
                            "count": 576, 
                            "value": 85999
                        }, 
                        {
                            "name": "Life insurance co., credit union, finance co.", 
                            "count": 106, 
                            "value": 9734
                        }, 
                        {
                            "name": "Affiliate institution", 
                            "count": 39, 
                            "value": 5280
                        }, 
                        {
                            "name": "Other", 
                            "count": 3720, 
                            "value": 422931
                        }
                    ]
                }, 
                {
                    "ethnicitie": "Not provided", 
                    "purchasers": [
                        {
                            "name": "Fannie Mae", 
                            "count": 11, 
                            "value": 1616
                        }, 
                        {
                            "name": "Ginnie Mae", 
                            "count": 6, 
                            "value": 950
                        }, 
                        {
                            "name": "Freddie Mac", 
                            "count": 5, 
                            "value": 886
                        }, 
                        {
                            "name": "Farmer Mac", 
                            "count": 0, 
                            "value": 0
                        }, 
                        {
                            "name": "Private Securitization", 
                            "count": 0, 
                            "value": 0
                        }, 
                        {
                            "name": "Commercial bank, savings bank or association", 
                            "count": 7, 
                            "value": 906
                        }, 
                        {
                            "name": "Life insurance co., credit union, finance co.", 
                            "count": 2, 
                            "value": 377
                        }, 
                        {
                            "name": "Affiliate institution", 
                            "count": 0, 
                            "value": 0
                        }, 
                        {
                            "name": "Other", 
                            "count": 29, 
                            "value": 3813
                        }
                    ]
                }, 
                {
                    "ethnicitie": "Not applicable", 
                    "purchasers": [
                        {
                            "name": "Fannie Mae", 
                            "count": 146, 
                            "value": 21521
                        }, 
                        {
                            "name": "Ginnie Mae", 
                            "count": 155, 
                            "value": 23586
                        }, 
                        {
                            "name": "Freddie Mac", 
                            "count": 156, 
                            "value": 24481
                        }, 
                        {
                            "name": "Farmer Mac", 
                            "count": 0, 
                            "value": 0
                        }, 
                        {
                            "name": "Private Securitization", 
                            "count": 12, 
                            "value": 1497
                        }, 
                        {
                            "name": "Commercial bank, savings bank or association", 
                            "count": 19, 
                            "value": 2669
                        }, 
                        {
                            "name": "Life insurance co., credit union, finance co.", 
                            "count": 4, 
                            "value": 469
                        }, 
                        {
                            "name": "Affiliate institution", 
                            "count": 12, 
                            "value": 1669
                        }, 
                        {
                            "name": "Other", 
                            "count": 491, 
                            "value": 83992
                        }
                    ]
                }, 
                {
                    "ethnicitie": "No co-applicant", 
                    "purchasers": [
                        {
                            "name": "Fannie Mae", 
                            "count": 0, 
                            "value": 0
                        }, 
                        {
                            "name": "Ginnie Mae", 
                            "count": 0, 
                            "value": 0
                        }, 
                        {
                            "name": "Freddie Mac", 
                            "count": 0, 
                            "value": 0
                        }, 
                        {
                            "name": "Farmer Mac", 
                            "count": 0, 
                            "value": 0
                        }, 
                        {
                            "name": "Private Securitization", 
                            "count": 0, 
                            "value": 0
                        }, 
                        {
                            "name": "Commercial bank, savings bank or association", 
                            "count": 0, 
                            "value": 0
                        }, 
                        {
                            "name": "Life insurance co., credit union, finance co.", 
                            "count": 0, 
                            "value": 0
                        }, 
                        {
                            "name": "Affiliate institution", 
                            "count": 0, 
                            "value": 0
                        }, 
                        {
                            "name": "Other", 
                            "count": 0, 
                            "value": 0
                        }
                    ]
                }
            ]
        }, 
        {
            "characteristic": "Minority Status", 
            "minoritystatuses": [
                {
                    "minoritystatuse": "White Non-Hispanic", 
                    "purchasers": [
                        {
                            "name": "Fannie Mae", 
                            "count": 606, 
                            "value": 85278
                        }, 
                        {
                            "name": "Ginnie Mae", 
                            "count": 623, 
                            "value": 90652
                        }, 
                        {
                            "name": "Freddie Mac", 
                            "count": 516, 
                            "value": 73413
                        }, 
                        {
                            "name": "Farmer Mac", 
                            "count": 0, 
                            "value": 0
                        }, 
                        {
                            "name": "Private Securitization", 
                            "count": 37, 
                            "value": 5436
                        }, 
                        {
                            "name": "Commercial bank, savings bank or association", 
                            "count": 584, 
                            "value": 87184
                        }, 
                        {
                            "name": "Life insurance co., credit union, finance co.", 
                            "count": 104, 
                            "value": 9377
                        }, 
                        {
                            "name": "Affiliate institution", 
                            "count": 51, 
                            "value": 6949
                        }, 
                        {
                            "name": "Other", 
                            "count": 4117, 
                            "value": 495931
                        }
                    ]
                }, 
                {
                    "minoritystatuse": "Others, Including Hispanic", 
                    "purchasers": [
                        {
                            "name": "Fannie Mae", 
                            "count": 18, 
                            "value": 2336
                        }, 
                        {
                            "name": "Ginnie Mae", 
                            "count": 18, 
                            "value": 2629
                        }, 
                        {
                            "name": "Freddie Mac", 
                            "count": 18, 
                            "value": 2835
                        }, 
                        {
                            "name": "Farmer Mac", 
                            "count": 0, 
                            "value": 0
                        }, 
                        {
                            "name": "Private Securitization", 
                            "count": 0, 
                            "value": 0
                        }, 
                        {
                            "name": "Commercial bank, savings bank or association", 
                            "count": 18, 
                            "value": 2390
                        }, 
                        {
                            "name": "Life insurance co., credit union, finance co.", 
                            "count": 8, 
                            "value": 1203
                        }, 
                        {
                            "name": "Affiliate institution", 
                            "count": 0, 
                            "value": 0
                        }, 
                        {
                            "name": "Other", 
                            "count": 127, 
                            "value": 15487
                        }
                    ]
                }
            ]
        }, 
        {
            "characteristic": "Applicant Income", 
            "applicantincomes": [
                {
                    "applicantincome": "Less than 50% of MSA/MD median", 
                    "purchasers": [
                        {
                            "name": "Fannie Mae", 
                            "count": 25, 
                            "value": 2038
                        }, 
                        {
                            "name": "Ginnie Mae", 
                            "count": 35, 
                            "value": 2994
                        }, 
                        {
                            "name": "Freddie Mac", 
                            "count": 26, 
                            "value": 1940
                        }, 
                        {
                            "name": "Farmer Mac", 
                            "count": 0, 
                            "value": 0
                        }, 
                        {
                            "name": "Private Securitization", 
                            "count": 5, 
                            "value": 436
                        }, 
                        {
                            "name": "Commercial bank, savings bank or association", 
                            "count": 38, 
                            "value": 3256
                        }, 
                        {
                            "name": "Life insurance co., credit union, finance co.", 
                            "count": 16, 
                            "value": 656
                        }, 
                        {
                            "name": "Affiliate institution", 
                            "count": 4, 
                            "value": 307
                        }, 
                        {
                            "name": "Other", 
                            "count": 394, 
                            "value": 24875
                        }
                    ]
                }, 
                {
                    "applicantincome": "50-79% of MSA/MD median", 
                    "purchasers": [
                        {
                            "name": "Fannie Mae", 
                            "count": 101, 
                            "value": 11178
                        }, 
                        {
                            "name": "Ginnie Mae", 
                            "count": 135, 
                            "value": 15964
                        }, 
                        {
                            "name": "Freddie Mac", 
                            "count": 67, 
                            "value": 6508
                        }, 
                        {
                            "name": "Farmer Mac", 
                            "count": 0, 
                            "value": 0
                        }, 
                        {
                            "name": "Private Securitization", 
                            "count": 4, 
                            "value": 519
                        }, 
                        {
                            "name": "Commercial bank, savings bank or association", 
                            "count": 144, 
                            "value": 17043
                        }, 
                        {
                            "name": "Life insurance co., credit union, finance co.", 
                            "count": 23, 
                            "value": 1516
                        }, 
                        {
                            "name": "Affiliate institution", 
                            "count": 6, 
                            "value": 507
                        }, 
                        {
                            "name": "Other", 
                            "count": 713, 
                            "value": 61698
                        }
                    ]
                }, 
                {
                    "applicantincome": "80-99% of MSA/MD median", 
                    "purchasers": [
                        {
                            "name": "Fannie Mae", 
                            "count": 68, 
                            "value": 8274
                        }, 
                        {
                            "name": "Ginnie Mae", 
                            "count": 63, 
                            "value": 8868
                        }, 
                        {
                            "name": "Freddie Mac", 
                            "count": 43, 
                            "value": 5025
                        }, 
                        {
                            "name": "Farmer Mac", 
                            "count": 0, 
                            "value": 0
                        }, 
                        {
                            "name": "Private Securitization", 
                            "count": 6, 
                            "value": 810
                        }, 
                        {
                            "name": "Commercial bank, savings bank or association", 
                            "count": 85, 
                            "value": 11736
                        }, 
                        {
                            "name": "Life insurance co., credit union, finance co.", 
                            "count": 16, 
                            "value": 1409
                        }, 
                        {
                            "name": "Affiliate institution", 
                            "count": 5, 
                            "value": 602
                        }, 
                        {
                            "name": "Other", 
                            "count": 498, 
                            "value": 50982
                        }
                    ]
                }, 
                {
                    "applicantincome": "100-119% of MSA/MD median", 
                    "purchasers": [
                        {
                            "name": "Fannie Mae", 
                            "count": 73, 
                            "value": 8975
                        }, 
                        {
                            "name": "Ginnie Mae", 
                            "count": 58, 
                            "value": 8733
                        }, 
                        {
                            "name": "Freddie Mac", 
                            "count": 43, 
                            "value": 5397
                        }, 
                        {
                            "name": "Farmer Mac", 
                            "count": 0, 
                            "value": 0
                        }, 
                        {
                            "name": "Private Securitization", 
                            "count": 6, 
                            "value": 719
                        }, 
                        {
                            "name": "Commercial bank, savings bank or association", 
                            "count": 66, 
                            "value": 9138
                        }, 
                        {
                            "name": "Life insurance co., credit union, finance co.", 
                            "count": 15, 
                            "value": 1401
                        }, 
                        {
                            "name": "Affiliate institution", 
                            "count": 4, 
                            "value": 452
                        }, 
                        {
                            "name": "Other", 
                            "count": 450, 
                            "value": 49917
                        }
                    ]
                }, 
                {
                    "applicantincome": "120% or more of MSA/MD median", 
                    "purchasers": [
                        {
                            "name": "Fannie Mae", 
                            "count": 304, 
                            "value": 49073
                        }, 
                        {
                            "name": "Ginnie Mae", 
                            "count": 92, 
                            "value": 17731
                        }, 
                        {
                            "name": "Freddie Mac", 
                            "count": 221, 
                            "value": 36194
                        }, 
                        {
                            "name": "Farmer Mac", 
                            "count": 0, 
                            "value": 0
                        }, 
                        {
                            "name": "Private Securitization", 
                            "count": 16, 
                            "value": 2952
                        }, 
                        {
                            "name": "Commercial bank, savings bank or association", 
                            "count": 234, 
                            "value": 42214
                        }, 
                        {
                            "name": "Life insurance co., credit union, finance co.", 
                            "count": 36, 
                            "value": 4532
                        }, 
                        {
                            "name": "Affiliate institution", 
                            "count": 29, 
                            "value": 4438
                        }, 
                        {
                            "name": "Other", 
                            "count": 1753, 
                            "value": 247179
                        }
                    ]
                }, 
                {
                    "applicantincome": "income not available", 
                    "purchasers": [
                        {
                            "name": "Fannie Mae", 
                            "count": 53, 
                            "value": 8076
                        }, 
                        {
                            "name": "Ginnie Mae", 
                            "count": 258, 
                            "value": 38991
                        }, 
                        {
                            "name": "Freddie Mac", 
                            "count": 134, 
                            "value": 21184
                        }, 
                        {
                            "name": "Farmer Mac", 
                            "count": 0, 
                            "value": 0
                        }, 
                        {
                            "name": "Private Securitization", 
                            "count": 0, 
                            "value": 0
                        }, 
                        {
                            "name": "Commercial bank, savings bank or association", 
                            "count": 35, 
                            "value": 6187
                        }, 
                        {
                            "name": "Life insurance co., credit union, finance co.", 
                            "count": 6, 
                            "value": 1066
                        }, 
                        {
                            "name": "Affiliate institution", 
                            "count": 3, 
                            "value": 643
                        }, 
                        {
                            "name": "Other", 
                            "count": 436, 
                            "value": 76767
                        }
                    ]
                }
            ]
        }
    ], 
    "censuscharacteristics": [
        {
            "characteristic": "Racial/Ethnic Composition", 
            "tractpctminority": [
                {
                    "tractpctminorit": "Less than 10% minority", 
                    "purchasers": [
                        {
                            "name": "Fannie Mae", 
                            "count": 614, 
                            "value": 86452
                        }, 
                        {
                            "name": "Ginnie Mae", 
                            "count": 621, 
                            "value": 90489
                        }, 
                        {
                            "name": "Freddie Mac", 
                            "count": 515, 
                            "value": 73315
                        }, 
                        {
                            "name": "Farmer Mac", 
                            "count": 0, 
                            "value": 0
                        }, 
                        {
                            "name": "Private Securitization", 
                            "count": 37, 
                            "value": 5436
                        }, 
                        {
                            "name": "Commercial bank, savings bank or association", 
                            "count": 585, 
                            "value": 87009
                        }, 
                        {
                            "name": "Life insurance co., credit union, finance co.", 
                            "count": 107, 
                            "value": 9956
                        }, 
                        {
                            "name": "Affiliate institution", 
                            "count": 50, 
                            "value": 6909
                        }, 
                        {
                            "name": "Other", 
                            "count": 4128, 
                            "value": 498576
                        }
                    ]
                }, 
                {
                    "tractpctminorit": "10-19% minority", 
                    "purchasers": [
                        {
                            "name": "Fannie Mae", 
                            "count": 10, 
                            "value": 1162
                        }, 
                        {
                            "name": "Ginnie Mae", 
                            "count": 20, 
                            "value": 2792
                        }, 
                        {
                            "name": "Freddie Mac", 
                            "count": 19, 
                            "value": 2933
                        }, 
                        {
                            "name": "Farmer Mac", 
                            "count": 0, 
                            "value": 0
                        }, 
                        {
                            "name": "Private Securitization", 
                            "count": 0, 
                            "value": 0
                        }, 
                        {
                            "name": "Commercial bank, savings bank or association", 
                            "count": 17, 
                            "value": 2565
                        }, 
                        {
                            "name": "Life insurance co., credit union, finance co.", 
                            "count": 5, 
                            "value": 624
                        }, 
                        {
                            "name": "Affiliate institution", 
                            "count": 1, 
                            "value": 40
                        }, 
                        {
                            "name": "Other", 
                            "count": 111, 
                            "value": 12607
                        }
                    ]
                }, 
                {
                    "tractpctminorit": "20-49% minority", 
                    "purchasers": [
                        {
                            "name": "Fannie Mae", 
                            "count": 0, 
                            "value": 0
                        }, 
                        {
                            "name": "Ginnie Mae", 
                            "count": 0, 
                            "value": 0
                        }, 
                        {
                            "name": "Freddie Mac", 
                            "count": 0, 
                            "value": 0
                        }, 
                        {
                            "name": "Farmer Mac", 
                            "count": 0, 
                            "value": 0
                        }, 
                        {
                            "name": "Private Securitization", 
                            "count": 0, 
                            "value": 0
                        }, 
                        {
                            "name": "Commercial bank, savings bank or association", 
                            "count": 0, 
                            "value": 0
                        }, 
                        {
                            "name": "Life insurance co., credit union, finance co.", 
                            "count": 0, 
                            "value": 0
                        }, 
                        {
                            "name": "Affiliate institution", 
                            "count": 0, 
                            "value": 0
                        }, 
                        {
                            "name": "Other", 
                            "count": 0, 
                            "value": 0
                        }
                    ]
                }, 
                {
                    "tractpctminorit": "50-79% minority", 
                    "purchasers": [
                        {
                            "name": "Fannie Mae", 
                            "count": 0, 
                            "value": 0
                        }, 
                        {
                            "name": "Ginnie Mae", 
                            "count": 0, 
                            "value": 0
                        }, 
                        {
                            "name": "Freddie Mac", 
                            "count": 0, 
                            "value": 0
                        }, 
                        {
                            "name": "Farmer Mac", 
                            "count": 0, 
                            "value": 0
                        }, 
                        {
                            "name": "Private Securitization", 
                            "count": 0, 
                            "value": 0
                        }, 
                        {
                            "name": "Commercial bank, savings bank or association", 
                            "count": 0, 
                            "value": 0
                        }, 
                        {
                            "name": "Life insurance co., credit union, finance co.", 
                            "count": 0, 
                            "value": 0
                        }, 
                        {
                            "name": "Affiliate institution", 
                            "count": 0, 
                            "value": 0
                        }, 
                        {
                            "name": "Other", 
                            "count": 5, 
                            "value": 235
                        }
                    ]
                }, 
                {
                    "tractpctminorit": "80-100% minority", 
                    "purchasers": [
                        {
                            "name": "Fannie Mae", 
                            "count": 0, 
                            "value": 0
                        }, 
                        {
                            "name": "Ginnie Mae", 
                            "count": 0, 
                            "value": 0
                        }, 
                        {
                            "name": "Freddie Mac", 
                            "count": 0, 
                            "value": 0
                        }, 
                        {
                            "name": "Farmer Mac", 
                            "count": 0, 
                            "value": 0
                        }, 
                        {
                            "name": "Private Securitization", 
                            "count": 0, 
                            "value": 0
                        }, 
                        {
                            "name": "Commercial bank, savings bank or association", 
                            "count": 0, 
                            "value": 0
                        }, 
                        {
                            "name": "Life insurance co., credit union, finance co.", 
                            "count": 0, 
                            "value": 0
                        }, 
                        {
                            "name": "Affiliate institution", 
                            "count": 0, 
                            "value": 0
                        }, 
                        {
                            "name": "Other", 
                            "count": 0, 
                            "value": 0
                        }
                    ]
                }
            ]
        }, 
        {
            "characteristic": "Income", 
            "incomelevel": [
                {
                    "incomeleve": "Low income", 
                    "purchasers": [
                        {
                            "name": "Fannie Mae", 
                            "count": 0, 
                            "value": 0
                        }, 
                        {
                            "name": "Ginnie Mae", 
                            "count": 0, 
                            "value": 0
                        }, 
                        {
                            "name": "Freddie Mac", 
                            "count": 0, 
                            "value": 0
                        }, 
                        {
                            "name": "Farmer Mac", 
                            "count": 0, 
                            "value": 0
                        }, 
                        {
                            "name": "Private Securitization", 
                            "count": 0, 
                            "value": 0
                        }, 
                        {
                            "name": "Commercial bank, savings bank or association", 
                            "count": 0, 
                            "value": 0
                        }, 
                        {
                            "name": "Life insurance co., credit union, finance co.", 
                            "count": 0, 
                            "value": 0
                        }, 
                        {
                            "name": "Affiliate institution", 
                            "count": 0, 
                            "value": 0
                        }, 
                        {
                            "name": "Other", 
                            "count": 5, 
                            "value": 235
                        }
                    ]
                }, 
                {
                    "incomeleve": "Moderate income", 
                    "purchasers": [
                        {
                            "name": "Fannie Mae", 
                            "count": 72, 
                            "value": 8428
                        }, 
                        {
                            "name": "Ginnie Mae", 
                            "count": 81, 
                            "value": 8369
                        }, 
                        {
                            "name": "Freddie Mac", 
                            "count": 52, 
                            "value": 5501
                        }, 
                        {
                            "name": "Farmer Mac", 
                            "count": 0, 
                            "value": 0
                        }, 
                        {
                            "name": "Private Securitization", 
                            "count": 4, 
                            "value": 264
                        }, 
                        {
                            "name": "Commercial bank, savings bank or association", 
                            "count": 64, 
                            "value": 7290
                        }, 
                        {
                            "name": "Life insurance co., credit union, finance co.", 
                            "count": 36, 
                            "value": 2422
                        }, 
                        {
                            "name": "Affiliate institution", 
                            "count": 7, 
                            "value": 873
                        }, 
                        {
                            "name": "Other", 
                            "count": 642, 
                            "value": 63800
                        }
                    ]
                }, 
                {
                    "incomeleve": "Middle income", 
                    "purchasers": [
                        {
                            "name": "Fannie Mae", 
                            "count": 318, 
                            "value": 43322
                        }, 
                        {
                            "name": "Ginnie Mae", 
                            "count": 337, 
                            "value": 48553
                        }, 
                        {
                            "name": "Freddie Mac", 
                            "count": 272, 
                            "value": 38146
                        }, 
                        {
                            "name": "Farmer Mac", 
                            "count": 0, 
                            "value": 0
                        }, 
                        {
                            "name": "Private Securitization", 
                            "count": 20, 
                            "value": 3026
                        }, 
                        {
                            "name": "Commercial bank, savings bank or association", 
                            "count": 305, 
                            "value": 43394
                        }, 
                        {
                            "name": "Life insurance co., credit union, finance co.", 
                            "count": 61, 
                            "value": 5802
                        }, 
                        {
                            "name": "Affiliate institution", 
                            "count": 28, 
                            "value": 3274
                        }, 
                        {
                            "name": "Other", 
                            "count": 2291, 
                            "value": 267858
                        }
                    ]
                }, 
                {
                    "incomeleve": "Upper income", 
                    "purchasers": [
                        {
                            "name": "Fannie Mae", 
                            "count": 234, 
                            "value": 35864
                        }, 
                        {
                            "name": "Ginnie Mae", 
                            "count": 223, 
                            "value": 36359
                        }, 
                        {
                            "name": "Freddie Mac", 
                            "count": 210, 
                            "value": 32601
                        }, 
                        {
                            "name": "Farmer Mac", 
                            "count": 0, 
                            "value": 0
                        }, 
                        {
                            "name": "Private Securitization", 
                            "count": 13, 
                            "value": 2146
                        }, 
                        {
                            "name": "Commercial bank, savings bank or association", 
                            "count": 233, 
                            "value": 38890
                        }, 
                        {
                            "name": "Life insurance co., credit union, finance co.", 
                            "count": 15, 
                            "value": 2356
                        }, 
                        {
                            "name": "Affiliate institution", 
                            "count": 16, 
                            "value": 2802
                        }, 
                        {
                            "name": "Other", 
                            "count": 1306, 
                            "value": 179525
                        }
                    ]
                }
            ]
        }
    ], 
    "total": {
        "purchasers": [
            {
                "name": "Fannie Mae", 
                "count": 624, 
                "value": 87614
            }, 
            {
                "name": "Ginnie Mae", 
                "count": 641, 
                "value": 93281
            }, 
            {
                "name": "Freddie Mac", 
                "count": 534, 
                "value": 76248
            }, 
            {
                "name": "Farmer Mac", 
                "count": 0, 
                "value": 0
            }, 
            {
                "name": "Private Securitization", 
                "count": 37, 
                "value": 5436
            }, 
            {
                "name": "Commercial bank, savings bank or association", 
                "count": 602, 
                "value": 89574
            }, 
            {
                "name": "Life insurance co., credit union, finance co.", 
                "count": 112, 
                "value": 10580
            }, 
            {
                "name": "Affiliate institution", 
                "count": 51, 
                "value": 6949
            }, 
            {
                "name": "Other", 
                "count": 4244, 
                "value": 511418
            }
        ]
    }
}