{
    "table": "3-1", 
    "type": "aggregate", 
    "desc": "Loans sold. By characteristics of borrower and census tract in which property is located and by type of purchaser (includes originations and purchased loans).", 
    "year": "2012", 
    "msa": {
        "id": "27900", 
        "name": "Joplin", 
        "state": "MO", 
        "state_name": "Missouri"
    }, 
    "borrowercharacteristics": [
        {
            "characteristic": "Race", 
            "races": [
                {
                    "race": "American Indian/Alaska Native", 
                    "purchasers": [
                        {
                            "name": "Fannie Mae", 
                            "count": 0, 
                            "value": 0
                        }, 
                        {
                            "name": "Ginnie Mae", 
                            "count": 0, 
                            "value": 0
                        }, 
                        {
                            "name": "Freddie Mac", 
                            "count": 0, 
                            "value": 0
                        }, 
                        {
                            "name": "Farmer Mac", 
                            "count": 0, 
                            "value": 0
                        }, 
                        {
                            "name": "Private Securitization", 
                            "count": 0, 
                            "value": 0
                        }, 
                        {
                            "name": "Commercial bank, savings bank or association", 
                            "count": 0, 
                            "value": 0
                        }, 
                        {
                            "name": "Life insurance co., credit union, finance co.", 
                            "count": 0, 
                            "value": 0
                        }, 
                        {
                            "name": "Affiliate institution", 
                            "count": 0, 
                            "value": 0
                        }, 
                        {
                            "name": "Other", 
                            "count": 0, 
                            "value": 0
                        }
                    ]
                }, 
                {
                    "race": "Asian", 
                    "purchasers": [
                        {
                            "name": "Fannie Mae", 
                            "count": 2, 
                            "value": 278.0
                        }, 
                        {
                            "name": "Ginnie Mae", 
                            "count": 1, 
                            "value": 88.0
                        }, 
                        {
                            "name": "Freddie Mac", 
                            "count": 0, 
                            "value": 0
                        }, 
                        {
                            "name": "Farmer Mac", 
                            "count": 0, 
                            "value": 0
                        }, 
                        {
                            "name": "Private Securitization", 
                            "count": 0, 
                            "value": 0
                        }, 
                        {
                            "name": "Commercial bank, savings bank or association", 
                            "count": 1, 
                            "value": 53.0
                        }, 
                        {
                            "name": "Life insurance co., credit union, finance co.", 
                            "count": 0, 
                            "value": 0
                        }, 
                        {
                            "name": "Affiliate institution", 
                            "count": 0, 
                            "value": 0
                        }, 
                        {
                            "name": "Other", 
                            "count": 8, 
                            "value": 742.0
                        }
                    ]
                }, 
                {
                    "race": "Black or African American", 
                    "purchasers": [
                        {
                            "name": "Fannie Mae", 
                            "count": 1, 
                            "value": 177.0
                        }, 
                        {
                            "name": "Ginnie Mae", 
                            "count": 1, 
                            "value": 165.0
                        }, 
                        {
                            "name": "Freddie Mac", 
                            "count": 0, 
                            "value": 0
                        }, 
                        {
                            "name": "Farmer Mac", 
                            "count": 0, 
                            "value": 0
                        }, 
                        {
                            "name": "Private Securitization", 
                            "count": 0, 
                            "value": 0
                        }, 
                        {
                            "name": "Commercial bank, savings bank or association", 
                            "count": 4, 
                            "value": 679.0
                        }, 
                        {
                            "name": "Life insurance co., credit union, finance co.", 
                            "count": 2, 
                            "value": 532.0
                        }, 
                        {
                            "name": "Affiliate institution", 
                            "count": 0, 
                            "value": 0
                        }, 
                        {
                            "name": "Other", 
                            "count": 15, 
                            "value": 2162.0
                        }
                    ]
                }, 
                {
                    "race": "Native Hawaiian or Pacific Islander", 
                    "purchasers": [
                        {
                            "name": "Fannie Mae", 
                            "count": 0, 
                            "value": 0
                        }, 
                        {
                            "name": "Ginnie Mae", 
                            "count": 0, 
                            "value": 0
                        }, 
                        {
                            "name": "Freddie Mac", 
                            "count": 0, 
                            "value": 0
                        }, 
                        {
                            "name": "Farmer Mac", 
                            "count": 0, 
                            "value": 0
                        }, 
                        {
                            "name": "Private Securitization", 
                            "count": 0, 
                            "value": 0
                        }, 
                        {
                            "name": "Commercial bank, savings bank or association", 
                            "count": 0, 
                            "value": 0
                        }, 
                        {
                            "name": "Life insurance co., credit union, finance co.", 
                            "count": 1, 
                            "value": 190.0
                        }, 
                        {
                            "name": "Affiliate institution", 
                            "count": 0, 
                            "value": 0
                        }, 
                        {
                            "name": "Other", 
                            "count": 7, 
                            "value": 920.0
                        }
                    ]
                }, 
                {
                    "race": "White", 
                    "purchasers": [
                        {
                            "name": "Fannie Mae", 
                            "count": 0, 
                            "value": 0
                        }, 
                        {
                            "name": "Ginnie Mae", 
                            "count": 2, 
                            "value": 134.0
                        }, 
                        {
                            "name": "Freddie Mac", 
                            "count": 0, 
                            "value": 0
                        }, 
                        {
                            "name": "Farmer Mac", 
                            "count": 0, 
                            "value": 0
                        }, 
                        {
                            "name": "Private Securitization", 
                            "count": 0, 
                            "value": 0
                        }, 
                        {
                            "name": "Commercial bank, savings bank or association", 
                            "count": 0, 
                            "value": 0
                        }, 
                        {
                            "name": "Life insurance co., credit union, finance co.", 
                            "count": 0, 
                            "value": 0
                        }, 
                        {
                            "name": "Affiliate institution", 
                            "count": 0, 
                            "value": 0
                        }, 
                        {
                            "name": "Other", 
                            "count": 0, 
                            "value": 0
                        }
                    ]
                }, 
                {
                    "race": "2 or more minority races", 
                    "purchasers": [
                        {
                            "name": "Fannie Mae", 
                            "count": 474, 
                            "value": 63118.0
                        }, 
                        {
                            "name": "Ginnie Mae", 
                            "count": 365, 
                            "value": 44489.0
                        }, 
                        {
                            "name": "Freddie Mac", 
                            "count": 224, 
                            "value": 31547.0
                        }, 
                        {
                            "name": "Farmer Mac", 
                            "count": 0, 
                            "value": 0
                        }, 
                        {
                            "name": "Private Securitization", 
                            "count": 8, 
                            "value": 1442.0
                        }, 
                        {
                            "name": "Commercial bank, savings bank or association", 
                            "count": 595, 
                            "value": 80903.0
                        }, 
                        {
                            "name": "Life insurance co., credit union, finance co.", 
                            "count": 79, 
                            "value": 11968.0
                        }, 
                        {
                            "name": "Affiliate institution", 
                            "count": 144, 
                            "value": 17445.0
                        }, 
                        {
                            "name": "Other", 
                            "count": 2015, 
                            "value": 213694.0
                        }
                    ]
                }, 
                {
                    "race": "Joint", 
                    "purchasers": [
                        {
                            "name": "Fannie Mae", 
                            "count": 33, 
                            "value": 4062.0
                        }, 
                        {
                            "name": "Ginnie Mae", 
                            "count": 26, 
                            "value": 3232.0
                        }, 
                        {
                            "name": "Freddie Mac", 
                            "count": 17, 
                            "value": 2111.0
                        }, 
                        {
                            "name": "Farmer Mac", 
                            "count": 0, 
                            "value": 0
                        }, 
                        {
                            "name": "Private Securitization", 
                            "count": 6, 
                            "value": 1473.0
                        }, 
                        {
                            "name": "Commercial bank, savings bank or association", 
                            "count": 11, 
                            "value": 1777.0
                        }, 
                        {
                            "name": "Life insurance co., credit union, finance co.", 
                            "count": 1, 
                            "value": 112.0
                        }, 
                        {
                            "name": "Affiliate institution", 
                            "count": 4, 
                            "value": 476.0
                        }, 
                        {
                            "name": "Other", 
                            "count": 226, 
                            "value": 27615.0
                        }
                    ]
                }, 
                {
                    "race": "Not Provided", 
                    "purchasers": [
                        {
                            "name": "Fannie Mae", 
                            "count": 159, 
                            "value": 22115.0
                        }, 
                        {
                            "name": "Ginnie Mae", 
                            "count": 240, 
                            "value": 27709.0
                        }, 
                        {
                            "name": "Freddie Mac", 
                            "count": 342, 
                            "value": 42595.0
                        }, 
                        {
                            "name": "Farmer Mac", 
                            "count": 0, 
                            "value": 0
                        }, 
                        {
                            "name": "Private Securitization", 
                            "count": 0, 
                            "value": 0
                        }, 
                        {
                            "name": "Commercial bank, savings bank or association", 
                            "count": 9, 
                            "value": 1022.0
                        }, 
                        {
                            "name": "Life insurance co., credit union, finance co.", 
                            "count": 1, 
                            "value": 164.0
                        }, 
                        {
                            "name": "Affiliate institution", 
                            "count": 1, 
                            "value": 49.0
                        }, 
                        {
                            "name": "Other", 
                            "count": 264, 
                            "value": 29810.0
                        }
                    ]
                }, 
                {
                    "race": "Not Applicable", 
                    "purchasers": [
                        {
                            "name": "Fannie Mae", 
                            "count": 332, 
                            "value": 35486.0
                        }, 
                        {
                            "name": "Ginnie Mae", 
                            "count": 544, 
                            "value": 56429.0
                        }, 
                        {
                            "name": "Freddie Mac", 
                            "count": 133, 
                            "value": 14151.0
                        }, 
                        {
                            "name": "Farmer Mac", 
                            "count": 0, 
                            "value": 0
                        }, 
                        {
                            "name": "Private Securitization", 
                            "count": 6, 
                            "value": 527.0
                        }, 
                        {
                            "name": "Commercial bank, savings bank or association", 
                            "count": 549, 
                            "value": 56907.0
                        }, 
                        {
                            "name": "Life insurance co., credit union, finance co.", 
                            "count": 48, 
                            "value": 5825.0
                        }, 
                        {
                            "name": "Affiliate institution", 
                            "count": 82, 
                            "value": 7543.0
                        }, 
                        {
                            "name": "Other", 
                            "count": 2063, 
                            "value": 185841.0
                        }
                    ]
                }, 
                {
                    "race": "No co-applicant", 
                    "purchasers": [
                        {
                            "name": "Fannie Mae", 
                            "count": 0, 
                            "value": 0
                        }, 
                        {
                            "name": "Ginnie Mae", 
                            "count": 0, 
                            "value": 0
                        }, 
                        {
                            "name": "Freddie Mac", 
                            "count": 0, 
                            "value": 0
                        }, 
                        {
                            "name": "Farmer Mac", 
                            "count": 0, 
                            "value": 0
                        }, 
                        {
                            "name": "Private Securitization", 
                            "count": 0, 
                            "value": 0
                        }, 
                        {
                            "name": "Commercial bank, savings bank or association", 
                            "count": 0, 
                            "value": 0
                        }, 
                        {
                            "name": "Life insurance co., credit union, finance co.", 
                            "count": 0, 
                            "value": 0
                        }, 
                        {
                            "name": "Affiliate institution", 
                            "count": 0, 
                            "value": 0
                        }, 
                        {
                            "name": "Other", 
                            "count": 0, 
                            "value": 0
                        }
                    ]
                }
            ]
        }, 
        {
            "characteristic": "Ethnicity", 
            "ethnicities": [
                {
                    "ethnicitie": "Hispanic or Latino", 
                    "purchasers": [
                        {
                            "name": "Fannie Mae", 
                            "count": 6, 
                            "value": 575
                        }, 
                        {
                            "name": "Ginnie Mae", 
                            "count": 4, 
                            "value": 459
                        }, 
                        {
                            "name": "Freddie Mac", 
                            "count": 2, 
                            "value": 235
                        }, 
                        {
                            "name": "Farmer Mac", 
                            "count": 0, 
                            "value": 0
                        }, 
                        {
                            "name": "Private Securitization", 
                            "count": 0, 
                            "value": 0
                        }, 
                        {
                            "name": "Commercial bank, savings bank or association", 
                            "count": 1, 
                            "value": 77
                        }, 
                        {
                            "name": "Life insurance co., credit union, finance co.", 
                            "count": 0, 
                            "value": 0
                        }, 
                        {
                            "name": "Affiliate institution", 
                            "count": 3, 
                            "value": 142
                        }, 
                        {
                            "name": "Other", 
                            "count": 22, 
                            "value": 1868
                        }
                    ]
                }, 
                {
                    "ethnicitie": "Not Hispanic or Latino", 
                    "purchasers": [
                        {
                            "name": "Fannie Mae", 
                            "count": 772, 
                            "value": 95115
                        }, 
                        {
                            "name": "Ginnie Mae", 
                            "count": 850, 
                            "value": 95482
                        }, 
                        {
                            "name": "Freddie Mac", 
                            "count": 337, 
                            "value": 43345
                        }, 
                        {
                            "name": "Farmer Mac", 
                            "count": 0, 
                            "value": 0
                        }, 
                        {
                            "name": "Private Securitization", 
                            "count": 10, 
                            "value": 1866
                        }, 
                        {
                            "name": "Commercial bank, savings bank or association", 
                            "count": 1114, 
                            "value": 134448
                        }, 
                        {
                            "name": "Life insurance co., credit union, finance co.", 
                            "count": 127, 
                            "value": 18156
                        }, 
                        {
                            "name": "Affiliate institution", 
                            "count": 212, 
                            "value": 23924
                        }, 
                        {
                            "name": "Other", 
                            "count": 3599, 
                            "value": 348663
                        }
                    ]
                }, 
                {
                    "ethnicitie": "Not provided", 
                    "purchasers": [
                        {
                            "name": "Fannie Mae", 
                            "count": 15, 
                            "value": 1814
                        }, 
                        {
                            "name": "Ginnie Mae", 
                            "count": 14, 
                            "value": 1259
                        }, 
                        {
                            "name": "Freddie Mac", 
                            "count": 10, 
                            "value": 1570
                        }, 
                        {
                            "name": "Farmer Mac", 
                            "count": 0, 
                            "value": 0
                        }, 
                        {
                            "name": "Private Securitization", 
                            "count": 0, 
                            "value": 0
                        }, 
                        {
                            "name": "Commercial bank, savings bank or association", 
                            "count": 14, 
                            "value": 2190
                        }, 
                        {
                            "name": "Life insurance co., credit union, finance co.", 
                            "count": 3, 
                            "value": 356
                        }, 
                        {
                            "name": "Affiliate institution", 
                            "count": 6, 
                            "value": 378
                        }, 
                        {
                            "name": "Other", 
                            "count": 112, 
                            "value": 8807
                        }
                    ]
                }, 
                {
                    "ethnicitie": "Not applicable", 
                    "purchasers": [
                        {
                            "name": "Fannie Mae", 
                            "count": 208, 
                            "value": 27732
                        }, 
                        {
                            "name": "Ginnie Mae", 
                            "count": 311, 
                            "value": 35046
                        }, 
                        {
                            "name": "Freddie Mac", 
                            "count": 367, 
                            "value": 45254
                        }, 
                        {
                            "name": "Farmer Mac", 
                            "count": 0, 
                            "value": 0
                        }, 
                        {
                            "name": "Private Securitization", 
                            "count": 10, 
                            "value": 1576
                        }, 
                        {
                            "name": "Commercial bank, savings bank or association", 
                            "count": 40, 
                            "value": 4626
                        }, 
                        {
                            "name": "Life insurance co., credit union, finance co.", 
                            "count": 2, 
                            "value": 279
                        }, 
                        {
                            "name": "Affiliate institution", 
                            "count": 10, 
                            "value": 1069
                        }, 
                        {
                            "name": "Other", 
                            "count": 865, 
                            "value": 101446
                        }
                    ]
                }, 
                {
                    "ethnicitie": "No co-applicant", 
                    "purchasers": [
                        {
                            "name": "Fannie Mae", 
                            "count": 0, 
                            "value": 0
                        }, 
                        {
                            "name": "Ginnie Mae", 
                            "count": 0, 
                            "value": 0
                        }, 
                        {
                            "name": "Freddie Mac", 
                            "count": 0, 
                            "value": 0
                        }, 
                        {
                            "name": "Farmer Mac", 
                            "count": 0, 
                            "value": 0
                        }, 
                        {
                            "name": "Private Securitization", 
                            "count": 0, 
                            "value": 0
                        }, 
                        {
                            "name": "Commercial bank, savings bank or association", 
                            "count": 0, 
                            "value": 0
                        }, 
                        {
                            "name": "Life insurance co., credit union, finance co.", 
                            "count": 0, 
                            "value": 0
                        }, 
                        {
                            "name": "Affiliate institution", 
                            "count": 0, 
                            "value": 0
                        }, 
                        {
                            "name": "Other", 
                            "count": 0, 
                            "value": 0
                        }
                    ]
                }
            ]
        }, 
        {
            "characteristic": "Minority Status", 
            "minoritystatuses": [
                {
                    "minoritystatuse": "White Non-Hispanic", 
                    "purchasers": [
                        {
                            "name": "Fannie Mae", 
                            "count": 952, 
                            "value": 119830
                        }, 
                        {
                            "name": "Ginnie Mae", 
                            "count": 1128, 
                            "value": 126630
                        }, 
                        {
                            "name": "Freddie Mac", 
                            "count": 692, 
                            "value": 86970
                        }, 
                        {
                            "name": "Farmer Mac", 
                            "count": 0, 
                            "value": 0
                        }, 
                        {
                            "name": "Private Securitization", 
                            "count": 20, 
                            "value": 3442
                        }, 
                        {
                            "name": "Commercial bank, savings bank or association", 
                            "count": 1118, 
                            "value": 134110
                        }, 
                        {
                            "name": "Life insurance co., credit union, finance co.", 
                            "count": 123, 
                            "value": 17328
                        }, 
                        {
                            "name": "Affiliate institution", 
                            "count": 217, 
                            "value": 24426
                        }, 
                        {
                            "name": "Other", 
                            "count": 4314, 
                            "value": 435232
                        }
                    ]
                }, 
                {
                    "minoritystatuse": "Others, Including Hispanic", 
                    "purchasers": [
                        {
                            "name": "Fannie Mae", 
                            "count": 49, 
                            "value": 5406
                        }, 
                        {
                            "name": "Ginnie Mae", 
                            "count": 51, 
                            "value": 5616
                        }, 
                        {
                            "name": "Freddie Mac", 
                            "count": 24, 
                            "value": 3434
                        }, 
                        {
                            "name": "Farmer Mac", 
                            "count": 0, 
                            "value": 0
                        }, 
                        {
                            "name": "Private Securitization", 
                            "count": 0, 
                            "value": 0
                        }, 
                        {
                            "name": "Commercial bank, savings bank or association", 
                            "count": 51, 
                            "value": 7231
                        }, 
                        {
                            "name": "Life insurance co., credit union, finance co.", 
                            "count": 9, 
                            "value": 1463
                        }, 
                        {
                            "name": "Affiliate institution", 
                            "count": 14, 
                            "value": 1087
                        }, 
                        {
                            "name": "Other", 
                            "count": 284, 
                            "value": 25552
                        }
                    ]
                }
            ]
        }, 
        {
            "characteristic": "Applicant Income", 
            "applicantincomes": [
                {
                    "applicantincome": "Less than 50% of MSA/MD median", 
                    "purchasers": [
                        {
                            "name": "Fannie Mae", 
                            "count": 60, 
                            "value": 3897
                        }, 
                        {
                            "name": "Ginnie Mae", 
                            "count": 76, 
                            "value": 5212
                        }, 
                        {
                            "name": "Freddie Mac", 
                            "count": 20, 
                            "value": 1270
                        }, 
                        {
                            "name": "Farmer Mac", 
                            "count": 0, 
                            "value": 0
                        }, 
                        {
                            "name": "Private Securitization", 
                            "count": 0, 
                            "value": 0
                        }, 
                        {
                            "name": "Commercial bank, savings bank or association", 
                            "count": 62, 
                            "value": 4193
                        }, 
                        {
                            "name": "Life insurance co., credit union, finance co.", 
                            "count": 7, 
                            "value": 455
                        }, 
                        {
                            "name": "Affiliate institution", 
                            "count": 12, 
                            "value": 752
                        }, 
                        {
                            "name": "Other", 
                            "count": 487, 
                            "value": 25826
                        }
                    ]
                }, 
                {
                    "applicantincome": "50-79% of MSA/MD median", 
                    "purchasers": [
                        {
                            "name": "Fannie Mae", 
                            "count": 132, 
                            "value": 11062
                        }, 
                        {
                            "name": "Ginnie Mae", 
                            "count": 201, 
                            "value": 17743
                        }, 
                        {
                            "name": "Freddie Mac", 
                            "count": 64, 
                            "value": 5486
                        }, 
                        {
                            "name": "Farmer Mac", 
                            "count": 0, 
                            "value": 0
                        }, 
                        {
                            "name": "Private Securitization", 
                            "count": 4, 
                            "value": 256
                        }, 
                        {
                            "name": "Commercial bank, savings bank or association", 
                            "count": 266, 
                            "value": 22713
                        }, 
                        {
                            "name": "Life insurance co., credit union, finance co.", 
                            "count": 22, 
                            "value": 1975
                        }, 
                        {
                            "name": "Affiliate institution", 
                            "count": 34, 
                            "value": 2088
                        }, 
                        {
                            "name": "Other", 
                            "count": 877, 
                            "value": 58872
                        }
                    ]
                }, 
                {
                    "applicantincome": "80-99% of MSA/MD median", 
                    "purchasers": [
                        {
                            "name": "Fannie Mae", 
                            "count": 96, 
                            "value": 9135
                        }, 
                        {
                            "name": "Ginnie Mae", 
                            "count": 146, 
                            "value": 15618
                        }, 
                        {
                            "name": "Freddie Mac", 
                            "count": 50, 
                            "value": 5139
                        }, 
                        {
                            "name": "Farmer Mac", 
                            "count": 0, 
                            "value": 0
                        }, 
                        {
                            "name": "Private Securitization", 
                            "count": 0, 
                            "value": 0
                        }, 
                        {
                            "name": "Commercial bank, savings bank or association", 
                            "count": 170, 
                            "value": 17260
                        }, 
                        {
                            "name": "Life insurance co., credit union, finance co.", 
                            "count": 10, 
                            "value": 1115
                        }, 
                        {
                            "name": "Affiliate institution", 
                            "count": 24, 
                            "value": 2129
                        }, 
                        {
                            "name": "Other", 
                            "count": 559, 
                            "value": 44605
                        }
                    ]
                }, 
                {
                    "applicantincome": "100-119% of MSA/MD median", 
                    "purchasers": [
                        {
                            "name": "Fannie Mae", 
                            "count": 95, 
                            "value": 10083
                        }, 
                        {
                            "name": "Ginnie Mae", 
                            "count": 106, 
                            "value": 12498
                        }, 
                        {
                            "name": "Freddie Mac", 
                            "count": 44, 
                            "value": 4491
                        }, 
                        {
                            "name": "Farmer Mac", 
                            "count": 0, 
                            "value": 0
                        }, 
                        {
                            "name": "Private Securitization", 
                            "count": 3, 
                            "value": 311
                        }, 
                        {
                            "name": "Commercial bank, savings bank or association", 
                            "count": 140, 
                            "value": 15706
                        }, 
                        {
                            "name": "Life insurance co., credit union, finance co.", 
                            "count": 16, 
                            "value": 1960
                        }, 
                        {
                            "name": "Affiliate institution", 
                            "count": 16, 
                            "value": 1316
                        }, 
                        {
                            "name": "Other", 
                            "count": 422, 
                            "value": 37946
                        }
                    ]
                }, 
                {
                    "applicantincome": "120% or more of MSA/MD median", 
                    "purchasers": [
                        {
                            "name": "Fannie Mae", 
                            "count": 484, 
                            "value": 72500
                        }, 
                        {
                            "name": "Ginnie Mae", 
                            "count": 253, 
                            "value": 36642
                        }, 
                        {
                            "name": "Freddie Mac", 
                            "count": 200, 
                            "value": 31322
                        }, 
                        {
                            "name": "Farmer Mac", 
                            "count": 0, 
                            "value": 0
                        }, 
                        {
                            "name": "Private Securitization", 
                            "count": 13, 
                            "value": 2875
                        }, 
                        {
                            "name": "Commercial bank, savings bank or association", 
                            "count": 487, 
                            "value": 75769
                        }, 
                        {
                            "name": "Life insurance co., credit union, finance co.", 
                            "count": 75, 
                            "value": 13074
                        }, 
                        {
                            "name": "Affiliate institution", 
                            "count": 144, 
                            "value": 19151
                        }, 
                        {
                            "name": "Other", 
                            "count": 1697, 
                            "value": 218881
                        }
                    ]
                }, 
                {
                    "applicantincome": "income not available", 
                    "purchasers": [
                        {
                            "name": "Fannie Mae", 
                            "count": 134, 
                            "value": 18559
                        }, 
                        {
                            "name": "Ginnie Mae", 
                            "count": 397, 
                            "value": 44533
                        }, 
                        {
                            "name": "Freddie Mac", 
                            "count": 338, 
                            "value": 42696
                        }, 
                        {
                            "name": "Farmer Mac", 
                            "count": 0, 
                            "value": 0
                        }, 
                        {
                            "name": "Private Securitization", 
                            "count": 0, 
                            "value": 0
                        }, 
                        {
                            "name": "Commercial bank, savings bank or association", 
                            "count": 44, 
                            "value": 5700
                        }, 
                        {
                            "name": "Life insurance co., credit union, finance co.", 
                            "count": 2, 
                            "value": 212
                        }, 
                        {
                            "name": "Affiliate institution", 
                            "count": 1, 
                            "value": 77
                        }, 
                        {
                            "name": "Other", 
                            "count": 556, 
                            "value": 74654
                        }
                    ]
                }
            ]
        }
    ], 
    "censuscharacteristics": [
        {
            "characteristic": "Racial/Ethnic Composition", 
            "tractpctminority": [
                {
                    "tractpctminorit": "Less than 10% minority", 
                    "purchasers": [
                        {
                            "name": "Fannie Mae", 
                            "count": 353, 
                            "value": 46135
                        }, 
                        {
                            "name": "Ginnie Mae", 
                            "count": 424, 
                            "value": 49358
                        }, 
                        {
                            "name": "Freddie Mac", 
                            "count": 260, 
                            "value": 33400
                        }, 
                        {
                            "name": "Farmer Mac", 
                            "count": 0, 
                            "value": 0
                        }, 
                        {
                            "name": "Private Securitization", 
                            "count": 5, 
                            "value": 468
                        }, 
                        {
                            "name": "Commercial bank, savings bank or association", 
                            "count": 411, 
                            "value": 52712
                        }, 
                        {
                            "name": "Life insurance co., credit union, finance co.", 
                            "count": 46, 
                            "value": 6534
                        }, 
                        {
                            "name": "Affiliate institution", 
                            "count": 84, 
                            "value": 9246
                        }, 
                        {
                            "name": "Other", 
                            "count": 1776, 
                            "value": 171373
                        }
                    ]
                }, 
                {
                    "tractpctminorit": "10-19% minority", 
                    "purchasers": [
                        {
                            "name": "Fannie Mae", 
                            "count": 648, 
                            "value": 79101
                        }, 
                        {
                            "name": "Ginnie Mae", 
                            "count": 755, 
                            "value": 82888
                        }, 
                        {
                            "name": "Freddie Mac", 
                            "count": 456, 
                            "value": 57004
                        }, 
                        {
                            "name": "Farmer Mac", 
                            "count": 0, 
                            "value": 0
                        }, 
                        {
                            "name": "Private Securitization", 
                            "count": 15, 
                            "value": 2974
                        }, 
                        {
                            "name": "Commercial bank, savings bank or association", 
                            "count": 758, 
                            "value": 88629
                        }, 
                        {
                            "name": "Life insurance co., credit union, finance co.", 
                            "count": 86, 
                            "value": 12257
                        }, 
                        {
                            "name": "Affiliate institution", 
                            "count": 147, 
                            "value": 16267
                        }, 
                        {
                            "name": "Other", 
                            "count": 2822, 
                            "value": 289411
                        }
                    ]
                }, 
                {
                    "tractpctminorit": "20-49% minority", 
                    "purchasers": [
                        {
                            "name": "Fannie Mae", 
                            "count": 0, 
                            "value": 0
                        }, 
                        {
                            "name": "Ginnie Mae", 
                            "count": 0, 
                            "value": 0
                        }, 
                        {
                            "name": "Freddie Mac", 
                            "count": 0, 
                            "value": 0
                        }, 
                        {
                            "name": "Farmer Mac", 
                            "count": 0, 
                            "value": 0
                        }, 
                        {
                            "name": "Private Securitization", 
                            "count": 0, 
                            "value": 0
                        }, 
                        {
                            "name": "Commercial bank, savings bank or association", 
                            "count": 0, 
                            "value": 0
                        }, 
                        {
                            "name": "Life insurance co., credit union, finance co.", 
                            "count": 0, 
                            "value": 0
                        }, 
                        {
                            "name": "Affiliate institution", 
                            "count": 0, 
                            "value": 0
                        }, 
                        {
                            "name": "Other", 
                            "count": 0, 
                            "value": 0
                        }
                    ]
                }, 
                {
                    "tractpctminorit": "50-79% minority", 
                    "purchasers": [
                        {
                            "name": "Fannie Mae", 
                            "count": 0, 
                            "value": 0
                        }, 
                        {
                            "name": "Ginnie Mae", 
                            "count": 0, 
                            "value": 0
                        }, 
                        {
                            "name": "Freddie Mac", 
                            "count": 0, 
                            "value": 0
                        }, 
                        {
                            "name": "Farmer Mac", 
                            "count": 0, 
                            "value": 0
                        }, 
                        {
                            "name": "Private Securitization", 
                            "count": 0, 
                            "value": 0
                        }, 
                        {
                            "name": "Commercial bank, savings bank or association", 
                            "count": 0, 
                            "value": 0
                        }, 
                        {
                            "name": "Life insurance co., credit union, finance co.", 
                            "count": 0, 
                            "value": 0
                        }, 
                        {
                            "name": "Affiliate institution", 
                            "count": 0, 
                            "value": 0
                        }, 
                        {
                            "name": "Other", 
                            "count": 0, 
                            "value": 0
                        }
                    ]
                }, 
                {
                    "tractpctminorit": "80-100% minority", 
                    "purchasers": [
                        {
                            "name": "Fannie Mae", 
                            "count": 0, 
                            "value": 0
                        }, 
                        {
                            "name": "Ginnie Mae", 
                            "count": 0, 
                            "value": 0
                        }, 
                        {
                            "name": "Freddie Mac", 
                            "count": 0, 
                            "value": 0
                        }, 
                        {
                            "name": "Farmer Mac", 
                            "count": 0, 
                            "value": 0
                        }, 
                        {
                            "name": "Private Securitization", 
                            "count": 0, 
                            "value": 0
                        }, 
                        {
                            "name": "Commercial bank, savings bank or association", 
                            "count": 0, 
                            "value": 0
                        }, 
                        {
                            "name": "Life insurance co., credit union, finance co.", 
                            "count": 0, 
                            "value": 0
                        }, 
                        {
                            "name": "Affiliate institution", 
                            "count": 0, 
                            "value": 0
                        }, 
                        {
                            "name": "Other", 
                            "count": 0, 
                            "value": 0
                        }
                    ]
                }
            ]
        }, 
        {
            "characteristic": "Income", 
            "incomelevel": [
                {
                    "incomeleve": "Low income", 
                    "purchasers": [
                        {
                            "name": "Fannie Mae", 
                            "count": 0, 
                            "value": 0
                        }, 
                        {
                            "name": "Ginnie Mae", 
                            "count": 0, 
                            "value": 0
                        }, 
                        {
                            "name": "Freddie Mac", 
                            "count": 0, 
                            "value": 0
                        }, 
                        {
                            "name": "Farmer Mac", 
                            "count": 0, 
                            "value": 0
                        }, 
                        {
                            "name": "Private Securitization", 
                            "count": 0, 
                            "value": 0
                        }, 
                        {
                            "name": "Commercial bank, savings bank or association", 
                            "count": 0, 
                            "value": 0
                        }, 
                        {
                            "name": "Life insurance co., credit union, finance co.", 
                            "count": 0, 
                            "value": 0
                        }, 
                        {
                            "name": "Affiliate institution", 
                            "count": 0, 
                            "value": 0
                        }, 
                        {
                            "name": "Other", 
                            "count": 0, 
                            "value": 0
                        }
                    ]
                }, 
                {
                    "incomeleve": "Moderate income", 
                    "purchasers": [
                        {
                            "name": "Fannie Mae", 
                            "count": 39, 
                            "value": 2917
                        }, 
                        {
                            "name": "Ginnie Mae", 
                            "count": 65, 
                            "value": 5561
                        }, 
                        {
                            "name": "Freddie Mac", 
                            "count": 28, 
                            "value": 2304
                        }, 
                        {
                            "name": "Farmer Mac", 
                            "count": 0, 
                            "value": 0
                        }, 
                        {
                            "name": "Private Securitization", 
                            "count": 1, 
                            "value": 60
                        }, 
                        {
                            "name": "Commercial bank, savings bank or association", 
                            "count": 47, 
                            "value": 4031
                        }, 
                        {
                            "name": "Life insurance co., credit union, finance co.", 
                            "count": 4, 
                            "value": 305
                        }, 
                        {
                            "name": "Affiliate institution", 
                            "count": 13, 
                            "value": 1061
                        }, 
                        {
                            "name": "Other", 
                            "count": 286, 
                            "value": 17836
                        }
                    ]
                }, 
                {
                    "incomeleve": "Middle income", 
                    "purchasers": [
                        {
                            "name": "Fannie Mae", 
                            "count": 758, 
                            "value": 92263
                        }, 
                        {
                            "name": "Ginnie Mae", 
                            "count": 861, 
                            "value": 96066
                        }, 
                        {
                            "name": "Freddie Mac", 
                            "count": 530, 
                            "value": 64681
                        }, 
                        {
                            "name": "Farmer Mac", 
                            "count": 0, 
                            "value": 0
                        }, 
                        {
                            "name": "Private Securitization", 
                            "count": 16, 
                            "value": 2646
                        }, 
                        {
                            "name": "Commercial bank, savings bank or association", 
                            "count": 886, 
                            "value": 104156
                        }, 
                        {
                            "name": "Life insurance co., credit union, finance co.", 
                            "count": 102, 
                            "value": 14308
                        }, 
                        {
                            "name": "Affiliate institution", 
                            "count": 171, 
                            "value": 18250
                        }, 
                        {
                            "name": "Other", 
                            "count": 3578, 
                            "value": 353607
                        }
                    ]
                }, 
                {
                    "incomeleve": "Upper income", 
                    "purchasers": [
                        {
                            "name": "Fannie Mae", 
                            "count": 204, 
                            "value": 30056
                        }, 
                        {
                            "name": "Ginnie Mae", 
                            "count": 253, 
                            "value": 30619
                        }, 
                        {
                            "name": "Freddie Mac", 
                            "count": 158, 
                            "value": 23419
                        }, 
                        {
                            "name": "Farmer Mac", 
                            "count": 0, 
                            "value": 0
                        }, 
                        {
                            "name": "Private Securitization", 
                            "count": 3, 
                            "value": 736
                        }, 
                        {
                            "name": "Commercial bank, savings bank or association", 
                            "count": 236, 
                            "value": 33154
                        }, 
                        {
                            "name": "Life insurance co., credit union, finance co.", 
                            "count": 26, 
                            "value": 4178
                        }, 
                        {
                            "name": "Affiliate institution", 
                            "count": 47, 
                            "value": 6202
                        }, 
                        {
                            "name": "Other", 
                            "count": 734, 
                            "value": 89341
                        }
                    ]
                }
            ]
        }
    ], 
    "total": {
        "purchasers": [
            {
                "name": "Fannie Mae", 
                "count": 1001, 
                "value": 125236
            }, 
            {
                "name": "Ginnie Mae", 
                "count": 1179, 
                "value": 132246
            }, 
            {
                "name": "Freddie Mac", 
                "count": 716, 
                "value": 90404
            }, 
            {
                "name": "Farmer Mac", 
                "count": 0, 
                "value": 0
            }, 
            {
                "name": "Private Securitization", 
                "count": 20, 
                "value": 3442
            }, 
            {
                "name": "Commercial bank, savings bank or association", 
                "count": 1169, 
                "value": 141341
            }, 
            {
                "name": "Life insurance co., credit union, finance co.", 
                "count": 132, 
                "value": 18791
            }, 
            {
                "name": "Affiliate institution", 
                "count": 231, 
                "value": 25513
            }, 
            {
                "name": "Other", 
                "count": 4598, 
                "value": 460784
            }
        ]
    }
}