{
    "table": "3-1", 
    "type": "Aggregate", 
    "desc": "Loans sold, by characteristics of borrower and census tract in which property is located and by type of purchaser (includes originations and purchased loans),", 
    "year": "2012", 
    "msa": {
        "id": "14500", 
        "name": "Boulder", 
        "state": "CO", 
        "state_name": "Colorado"
    }, 
    "borrowercharacteristics": [
        {
            "characteristic": "Race", 
            "races": [
                {
                    "race": "American Indian/Alaska Native", 
                    "purchasers": [
                        {
                            "name": "Fannie Mae", 
                            "count": 12, 
                            "value": 2335.0
                        }, 
                        {
                            "name": "Ginnie Mae", 
                            "count": 4, 
                            "value": 918.0
                        }, 
                        {
                            "name": "Freddie Mac", 
                            "count": 3, 
                            "value": 495.0
                        }, 
                        {
                            "name": "Farmer Mac", 
                            "count": 0, 
                            "value": 0
                        }, 
                        {
                            "name": "Private Securitization", 
                            "count": 0, 
                            "value": 0
                        }, 
                        {
                            "name": "Commercial bank, savings bank or association", 
                            "count": 6, 
                            "value": 970.0
                        }, 
                        {
                            "name": "Life insurance co., credit union, finance co.", 
                            "count": 5, 
                            "value": 1246.0
                        }, 
                        {
                            "name": "Affiliate institution", 
                            "count": 3, 
                            "value": 733.0
                        }, 
                        {
                            "name": "Other", 
                            "count": 14, 
                            "value": 4537.0
                        }
                    ]
                }, 
                {
                    "race": "Asian", 
                    "purchasers": [
                        {
                            "name": "Fannie Mae", 
                            "count": 5, 
                            "value": 1243.0
                        }, 
                        {
                            "name": "Ginnie Mae", 
                            "count": 8, 
                            "value": 1892.0
                        }, 
                        {
                            "name": "Freddie Mac", 
                            "count": 5, 
                            "value": 1373.0
                        }, 
                        {
                            "name": "Farmer Mac", 
                            "count": 0, 
                            "value": 0
                        }, 
                        {
                            "name": "Private Securitization", 
                            "count": 0, 
                            "value": 0
                        }, 
                        {
                            "name": "Commercial bank, savings bank or association", 
                            "count": 5, 
                            "value": 1375.0
                        }, 
                        {
                            "name": "Life insurance co., credit union, finance co.", 
                            "count": 0, 
                            "value": 0
                        }, 
                        {
                            "name": "Affiliate institution", 
                            "count": 1, 
                            "value": 370.0
                        }, 
                        {
                            "name": "Other", 
                            "count": 20, 
                            "value": 3278.0
                        }
                    ]
                }, 
                {
                    "race": "Black or African American", 
                    "purchasers": [
                        {
                            "name": "Fannie Mae", 
                            "count": 309, 
                            "value": 80959.0
                        }, 
                        {
                            "name": "Ginnie Mae", 
                            "count": 14, 
                            "value": 3757.0
                        }, 
                        {
                            "name": "Freddie Mac", 
                            "count": 167, 
                            "value": 44117.0
                        }, 
                        {
                            "name": "Farmer Mac", 
                            "count": 0, 
                            "value": 0
                        }, 
                        {
                            "name": "Private Securitization", 
                            "count": 1, 
                            "value": 116.0
                        }, 
                        {
                            "name": "Commercial bank, savings bank or association", 
                            "count": 56, 
                            "value": 17208.0
                        }, 
                        {
                            "name": "Life insurance co., credit union, finance co.", 
                            "count": 11, 
                            "value": 2996.0
                        }, 
                        {
                            "name": "Affiliate institution", 
                            "count": 4, 
                            "value": 916.0
                        }, 
                        {
                            "name": "Other", 
                            "count": 301, 
                            "value": 80092.0
                        }
                    ]
                }, 
                {
                    "race": "Native Hawaiian or Other Pacific Islander", 
                    "purchasers": [
                        {
                            "name": "Fannie Mae", 
                            "count": 13, 
                            "value": 3215.0
                        }, 
                        {
                            "name": "Ginnie Mae", 
                            "count": 8, 
                            "value": 2078.0
                        }, 
                        {
                            "name": "Freddie Mac", 
                            "count": 6, 
                            "value": 1561.0
                        }, 
                        {
                            "name": "Farmer Mac", 
                            "count": 0, 
                            "value": 0
                        }, 
                        {
                            "name": "Private Securitization", 
                            "count": 0, 
                            "value": 0
                        }, 
                        {
                            "name": "Commercial bank, savings bank or association", 
                            "count": 0, 
                            "value": 0
                        }, 
                        {
                            "name": "Life insurance co., credit union, finance co.", 
                            "count": 3, 
                            "value": 895.0
                        }, 
                        {
                            "name": "Affiliate institution", 
                            "count": 2, 
                            "value": 1129.0
                        }, 
                        {
                            "name": "Other", 
                            "count": 39, 
                            "value": 9872.0
                        }
                    ]
                }, 
                {
                    "race": "White", 
                    "purchasers": [
                        {
                            "name": "Fannie Mae", 
                            "count": 5, 
                            "value": 1257.0
                        }, 
                        {
                            "name": "Ginnie Mae", 
                            "count": 1, 
                            "value": 145.0
                        }, 
                        {
                            "name": "Freddie Mac", 
                            "count": 3, 
                            "value": 745.0
                        }, 
                        {
                            "name": "Farmer Mac", 
                            "count": 0, 
                            "value": 0
                        }, 
                        {
                            "name": "Private Securitization", 
                            "count": 0, 
                            "value": 0
                        }, 
                        {
                            "name": "Commercial bank, savings bank or association", 
                            "count": 1, 
                            "value": 190.0
                        }, 
                        {
                            "name": "Life insurance co., credit union, finance co.", 
                            "count": 0, 
                            "value": 0
                        }, 
                        {
                            "name": "Affiliate institution", 
                            "count": 0, 
                            "value": 0
                        }, 
                        {
                            "name": "Other", 
                            "count": 10, 
                            "value": 2508.0
                        }
                    ]
                }, 
                {
                    "race": "2 or more minority races", 
                    "purchasers": [
                        {
                            "name": "Fannie Mae", 
                            "count": 8031, 
                            "value": 2068210.0
                        }, 
                        {
                            "name": "Ginnie Mae", 
                            "count": 1176, 
                            "value": 285216.0
                        }, 
                        {
                            "name": "Freddie Mac", 
                            "count": 2363, 
                            "value": 597177.0
                        }, 
                        {
                            "name": "Farmer Mac", 
                            "count": 0, 
                            "value": 0
                        }, 
                        {
                            "name": "Private Securitization", 
                            "count": 83, 
                            "value": 22741.0
                        }, 
                        {
                            "name": "Commercial bank, savings bank or association", 
                            "count": 2468, 
                            "value": 718080.0
                        }, 
                        {
                            "name": "Life insurance co., credit union, finance co.", 
                            "count": 505, 
                            "value": 137097.0
                        }, 
                        {
                            "name": "Affiliate institution", 
                            "count": 243, 
                            "value": 58326.0
                        }, 
                        {
                            "name": "Other", 
                            "count": 9610, 
                            "value": 2893049.0
                        }
                    ]
                }, 
                {
                    "race": "Joint (White/Minority Race", 
                    "purchasers": [
                        {
                            "name": "Fannie Mae", 
                            "count": 218, 
                            "value": 60717.0
                        }, 
                        {
                            "name": "Ginnie Mae", 
                            "count": 27, 
                            "value": 7548.0
                        }, 
                        {
                            "name": "Freddie Mac", 
                            "count": 45, 
                            "value": 12622.0
                        }, 
                        {
                            "name": "Farmer Mac", 
                            "count": 0, 
                            "value": 0
                        }, 
                        {
                            "name": "Private Securitization", 
                            "count": 0, 
                            "value": 0
                        }, 
                        {
                            "name": "Commercial bank, savings bank or association", 
                            "count": 42, 
                            "value": 12278.0
                        }, 
                        {
                            "name": "Life insurance co., credit union, finance co.", 
                            "count": 11, 
                            "value": 3198.0
                        }, 
                        {
                            "name": "Affiliate institution", 
                            "count": 7, 
                            "value": 1747.0
                        }, 
                        {
                            "name": "Other", 
                            "count": 222, 
                            "value": 70687.0
                        }
                    ]
                }, 
                {
                    "race": "Not Available", 
                    "purchasers": [
                        {
                            "name": "Fannie Mae", 
                            "count": 1677, 
                            "value": 427406.0
                        }, 
                        {
                            "name": "Ginnie Mae", 
                            "count": 262, 
                            "value": 65608.0
                        }, 
                        {
                            "name": "Freddie Mac", 
                            "count": 662, 
                            "value": 237946.0
                        }, 
                        {
                            "name": "Farmer Mac", 
                            "count": 0, 
                            "value": 0
                        }, 
                        {
                            "name": "Private Securitization", 
                            "count": 19, 
                            "value": 5453.0
                        }, 
                        {
                            "name": "Commercial bank, savings bank or association", 
                            "count": 285, 
                            "value": 84315.0
                        }, 
                        {
                            "name": "Life insurance co., credit union, finance co.", 
                            "count": 79, 
                            "value": 21575.0
                        }, 
                        {
                            "name": "Affiliate institution", 
                            "count": 273, 
                            "value": 73925.0
                        }, 
                        {
                            "name": "Other", 
                            "count": 2065, 
                            "value": 802609.0
                        }
                    ]
                }
            ]
        }, 
        {
            "characteristic": "Ethnicity", 
            "ethnicities": [
                {
                    "ethnicity": "Hispanic or Latino", 
                    "purchasers": [
                        {
                            "name": "Fannie Mae", 
                            "count": 158, 
                            "value": 31510
                        }, 
                        {
                            "name": "Ginnie Mae", 
                            "count": 95, 
                            "value": 19370
                        }, 
                        {
                            "name": "Freddie Mac", 
                            "count": 52, 
                            "value": 9363
                        }, 
                        {
                            "name": "Farmer Mac", 
                            "count": 0, 
                            "value": 0
                        }, 
                        {
                            "name": "Private Securitization", 
                            "count": 0, 
                            "value": 0
                        }, 
                        {
                            "name": "Commercial bank, savings bank or association", 
                            "count": 51, 
                            "value": 10897
                        }, 
                        {
                            "name": "Life insurance co., credit union, finance co.", 
                            "count": 14, 
                            "value": 2775
                        }, 
                        {
                            "name": "Affiliate institution", 
                            "count": 7, 
                            "value": 1002
                        }, 
                        {
                            "name": "Other", 
                            "count": 427, 
                            "value": 77903
                        }
                    ]
                }, 
                {
                    "ethnicity": "Not Hispanic or Latino", 
                    "purchasers": [
                        {
                            "name": "Fannie Mae", 
                            "count": 8418, 
                            "value": 2179999
                        }, 
                        {
                            "name": "Ginnie Mae", 
                            "count": 1121, 
                            "value": 276750
                        }, 
                        {
                            "name": "Freddie Mac", 
                            "count": 2515, 
                            "value": 642190
                        }, 
                        {
                            "name": "Farmer Mac", 
                            "count": 0, 
                            "value": 0
                        }, 
                        {
                            "name": "Private Securitization", 
                            "count": 85, 
                            "value": 23269
                        }, 
                        {
                            "name": "Commercial bank, savings bank or association", 
                            "count": 2510, 
                            "value": 732977
                        }, 
                        {
                            "name": "Life insurance co., credit union, finance co.", 
                            "count": 523, 
                            "value": 142629
                        }, 
                        {
                            "name": "Affiliate institution", 
                            "count": 237, 
                            "value": 59283
                        }, 
                        {
                            "name": "Other", 
                            "count": 9821, 
                            "value": 2984529
                        }
                    ]
                }, 
                {
                    "ethnicity": "Joint (Hispanic or Latino/Not Hispanic or Latino", 
                    "purchasers": [
                        {
                            "name": "Fannie Mae", 
                            "count": 136, 
                            "value": 36727
                        }, 
                        {
                            "name": "Ginnie Mae", 
                            "count": 38, 
                            "value": 9421
                        }, 
                        {
                            "name": "Freddie Mac", 
                            "count": 37, 
                            "value": 9439
                        }, 
                        {
                            "name": "Farmer Mac", 
                            "count": 0, 
                            "value": 0
                        }, 
                        {
                            "name": "Private Securitization", 
                            "count": 1, 
                            "value": 411
                        }, 
                        {
                            "name": "Commercial bank, savings bank or association", 
                            "count": 48, 
                            "value": 14597
                        }, 
                        {
                            "name": "Life insurance co., credit union, finance co.", 
                            "count": 9, 
                            "value": 2799
                        }, 
                        {
                            "name": "Affiliate institution", 
                            "count": 6, 
                            "value": 1063
                        }, 
                        {
                            "name": "Other", 
                            "count": 144, 
                            "value": 42061
                        }
                    ]
                }, 
                {
                    "ethnicity": "Ethnicity Not Available", 
                    "purchasers": [
                        {
                            "name": "Fannie Mae", 
                            "count": 1558, 
                            "value": 397106
                        }, 
                        {
                            "name": "Ginnie Mae", 
                            "count": 246, 
                            "value": 61621
                        }, 
                        {
                            "name": "Freddie Mac", 
                            "count": 650, 
                            "value": 235044
                        }, 
                        {
                            "name": "Farmer Mac", 
                            "count": 0, 
                            "value": 0
                        }, 
                        {
                            "name": "Private Securitization", 
                            "count": 17, 
                            "value": 4630
                        }, 
                        {
                            "name": "Commercial bank, savings bank or association", 
                            "count": 254, 
                            "value": 75945
                        }, 
                        {
                            "name": "Life insurance co., credit union, finance co.", 
                            "count": 68, 
                            "value": 18804
                        }, 
                        {
                            "name": "Affiliate institution", 
                            "count": 283, 
                            "value": 75798
                        }, 
                        {
                            "name": "Other", 
                            "count": 1889, 
                            "value": 762139
                        }
                    ]
                }
            ]
        }, 
        {
            "characteristic": "Minority Status", 
            "minoritystatuses": [
                {
                    "minoritystatus": "White Non-Hispanic", 
                    "purchasers": [
                        {
                            "name": "Fannie Mae", 
                            "count": 9425, 
                            "value": 2430037
                        }, 
                        {
                            "name": "Ginnie Mae", 
                            "count": 1311, 
                            "value": 323341
                        }, 
                        {
                            "name": "Freddie Mac", 
                            "count": 2944, 
                            "value": 817946
                        }, 
                        {
                            "name": "Farmer Mac", 
                            "count": 0, 
                            "value": 0
                        }, 
                        {
                            "name": "Private Securitization", 
                            "count": 101, 
                            "value": 27783
                        }, 
                        {
                            "name": "Commercial bank, savings bank or association", 
                            "count": 2658, 
                            "value": 777536
                        }, 
                        {
                            "name": "Life insurance co., credit union, finance co.", 
                            "count": 561, 
                            "value": 153098
                        }, 
                        {
                            "name": "Affiliate institution", 
                            "count": 505, 
                            "value": 130711
                        }, 
                        {
                            "name": "Other", 
                            "count": 11124, 
                            "value": 3580020
                        }
                    ]
                }, 
                {
                    "minoritystatus": "Others, Including Hispanic", 
                    "purchasers": [
                        {
                            "name": "Fannie Mae", 
                            "count": 845, 
                            "value": 215305
                        }, 
                        {
                            "name": "Ginnie Mae", 
                            "count": 189, 
                            "value": 43821
                        }, 
                        {
                            "name": "Freddie Mac", 
                            "count": 310, 
                            "value": 78090
                        }, 
                        {
                            "name": "Farmer Mac", 
                            "count": 0, 
                            "value": 0
                        }, 
                        {
                            "name": "Private Securitization", 
                            "count": 2, 
                            "value": 527
                        }, 
                        {
                            "name": "Commercial bank, savings bank or association", 
                            "count": 205, 
                            "value": 56880
                        }, 
                        {
                            "name": "Life insurance co., credit union, finance co.", 
                            "count": 53, 
                            "value": 13909
                        }, 
                        {
                            "name": "Affiliate institution", 
                            "count": 28, 
                            "value": 6435
                        }, 
                        {
                            "name": "Other", 
                            "count": 1157, 
                            "value": 286612
                        }
                    ]
                }
            ]
        }, 
        {
            "characteristic": "Applicant Income", 
            "applicantincomes": [
                {
                    "applicantincome": "Less than 50% of MSA/MD median", 
                    "purchasers": [
                        {
                            "name": "Fannie Mae", 
                            "count": 866, 
                            "value": 130987
                        }, 
                        {
                            "name": "Ginnie Mae", 
                            "count": 126, 
                            "value": 20193
                        }, 
                        {
                            "name": "Freddie Mac", 
                            "count": 246, 
                            "value": 36802
                        }, 
                        {
                            "name": "Farmer Mac", 
                            "count": 0, 
                            "value": 0
                        }, 
                        {
                            "name": "Private Securitization", 
                            "count": 8, 
                            "value": 1150
                        }, 
                        {
                            "name": "Commercial bank, savings bank or association", 
                            "count": 202, 
                            "value": 33317
                        }, 
                        {
                            "name": "Life insurance co., credit union, finance co.", 
                            "count": 50, 
                            "value": 7267
                        }, 
                        {
                            "name": "Affiliate institution", 
                            "count": 57, 
                            "value": 8088
                        }, 
                        {
                            "name": "Other", 
                            "count": 1399, 
                            "value": 211211
                        }
                    ]
                }, 
                {
                    "applicantincome": "50-79% of MSA/MD median", 
                    "purchasers": [
                        {
                            "name": "Fannie Mae", 
                            "count": 1878, 
                            "value": 392651
                        }, 
                        {
                            "name": "Ginnie Mae", 
                            "count": 306, 
                            "value": 64817
                        }, 
                        {
                            "name": "Freddie Mac", 
                            "count": 603, 
                            "value": 126034
                        }, 
                        {
                            "name": "Farmer Mac", 
                            "count": 0, 
                            "value": 0
                        }, 
                        {
                            "name": "Private Securitization", 
                            "count": 13, 
                            "value": 2251
                        }, 
                        {
                            "name": "Commercial bank, savings bank or association", 
                            "count": 572, 
                            "value": 129842
                        }, 
                        {
                            "name": "Life insurance co., credit union, finance co.", 
                            "count": 119, 
                            "value": 25769
                        }, 
                        {
                            "name": "Affiliate institution", 
                            "count": 99, 
                            "value": 19048
                        }, 
                        {
                            "name": "Other", 
                            "count": 2413, 
                            "value": 485638
                        }
                    ]
                }, 
                {
                    "applicantincome": "80-99% of MSA/MD median", 
                    "purchasers": [
                        {
                            "name": "Fannie Mae", 
                            "count": 1288, 
                            "value": 316859
                        }, 
                        {
                            "name": "Ginnie Mae", 
                            "count": 147, 
                            "value": 38000
                        }, 
                        {
                            "name": "Freddie Mac", 
                            "count": 366, 
                            "value": 86042
                        }, 
                        {
                            "name": "Farmer Mac", 
                            "count": 0, 
                            "value": 0
                        }, 
                        {
                            "name": "Private Securitization", 
                            "count": 15, 
                            "value": 3739
                        }, 
                        {
                            "name": "Commercial bank, savings bank or association", 
                            "count": 351, 
                            "value": 94058
                        }, 
                        {
                            "name": "Life insurance co., credit union, finance co.", 
                            "count": 79, 
                            "value": 19746
                        }, 
                        {
                            "name": "Affiliate institution", 
                            "count": 60, 
                            "value": 13596
                        }, 
                        {
                            "name": "Other", 
                            "count": 1290, 
                            "value": 305702
                        }
                    ]
                }, 
                {
                    "applicantincome": "100-119% of MSA/MD median", 
                    "purchasers": [
                        {
                            "name": "Fannie Mae", 
                            "count": 1324, 
                            "value": 355244
                        }, 
                        {
                            "name": "Ginnie Mae", 
                            "count": 111, 
                            "value": 31994
                        }, 
                        {
                            "name": "Freddie Mac", 
                            "count": 380, 
                            "value": 97836
                        }, 
                        {
                            "name": "Farmer Mac", 
                            "count": 0, 
                            "value": 0
                        }, 
                        {
                            "name": "Private Securitization", 
                            "count": 22, 
                            "value": 6195
                        }, 
                        {
                            "name": "Commercial bank, savings bank or association", 
                            "count": 357, 
                            "value": 103682
                        }, 
                        {
                            "name": "Life insurance co., credit union, finance co.", 
                            "count": 64, 
                            "value": 18032
                        }, 
                        {
                            "name": "Affiliate institution", 
                            "count": 62, 
                            "value": 15845
                        }, 
                        {
                            "name": "Other", 
                            "count": 1282, 
                            "value": 345213
                        }
                    ]
                }, 
                {
                    "applicantincome": "120% or more of MSA/MD median", 
                    "purchasers": [
                        {
                            "name": "Fannie Mae", 
                            "count": 4484, 
                            "value": 1333789
                        }, 
                        {
                            "name": "Ginnie Mae", 
                            "count": 204, 
                            "value": 66429
                        }, 
                        {
                            "name": "Freddie Mac", 
                            "count": 1343, 
                            "value": 394900
                        }, 
                        {
                            "name": "Farmer Mac", 
                            "count": 0, 
                            "value": 0
                        }, 
                        {
                            "name": "Private Securitization", 
                            "count": 44, 
                            "value": 14824
                        }, 
                        {
                            "name": "Commercial bank, savings bank or association", 
                            "count": 1246, 
                            "value": 437759
                        }, 
                        {
                            "name": "Life insurance co., credit union, finance co.", 
                            "count": 244, 
                            "value": 81565
                        }, 
                        {
                            "name": "Affiliate institution", 
                            "count": 248, 
                            "value": 78809
                        }, 
                        {
                            "name": "Other", 
                            "count": 5032, 
                            "value": 2017310
                        }
                    ]
                }, 
                {
                    "applicantincome": "income not available", 
                    "purchasers": [
                        {
                            "name": "Fannie Mae", 
                            "count": 430, 
                            "value": 115812
                        }, 
                        {
                            "name": "Ginnie Mae", 
                            "count": 606, 
                            "value": 145729
                        }, 
                        {
                            "name": "Freddie Mac", 
                            "count": 316, 
                            "value": 154422
                        }, 
                        {
                            "name": "Farmer Mac", 
                            "count": 0, 
                            "value": 0
                        }, 
                        {
                            "name": "Private Securitization", 
                            "count": 1, 
                            "value": 151
                        }, 
                        {
                            "name": "Commercial bank, savings bank or association", 
                            "count": 135, 
                            "value": 35758
                        }, 
                        {
                            "name": "Life insurance co., credit union, finance co.", 
                            "count": 58, 
                            "value": 14628
                        }, 
                        {
                            "name": "Affiliate institution", 
                            "count": 7, 
                            "value": 1760
                        }, 
                        {
                            "name": "Other", 
                            "count": 865, 
                            "value": 501558
                        }
                    ]
                }
            ]
        }
    ], 
    "censuscharacteristics": [
        {
            "characteristic": "Racial/Ethnic Composition", 
            "tractpctminorities": [
                {
                    "tractpctminority": "Less than 10% minority", 
                    "purchasers": [
                        {
                            "name": "Fannie Mae", 
                            "count": 2304, 
                            "value": 667673
                        }, 
                        {
                            "name": "Ginnie Mae", 
                            "count": 135, 
                            "value": 42211
                        }, 
                        {
                            "name": "Freddie Mac", 
                            "count": 674, 
                            "value": 191777
                        }, 
                        {
                            "name": "Farmer Mac", 
                            "count": 0, 
                            "value": 0
                        }, 
                        {
                            "name": "Private Securitization", 
                            "count": 46, 
                            "value": 14457
                        }, 
                        {
                            "name": "Commercial bank, savings bank or association", 
                            "count": 580, 
                            "value": 202594
                        }, 
                        {
                            "name": "Life insurance co., credit union, finance co.", 
                            "count": 107, 
                            "value": 33747
                        }, 
                        {
                            "name": "Affiliate institution", 
                            "count": 115, 
                            "value": 37945
                        }, 
                        {
                            "name": "Other", 
                            "count": 2866, 
                            "value": 1142440
                        }
                    ]
                }, 
                {
                    "tractpctminority": "10-19% minority", 
                    "purchasers": [
                        {
                            "name": "Fannie Mae", 
                            "count": 7921, 
                            "value": 1971131
                        }, 
                        {
                            "name": "Ginnie Mae", 
                            "count": 1323, 
                            "value": 318459
                        }, 
                        {
                            "name": "Freddie Mac", 
                            "count": 2558, 
                            "value": 701156
                        }, 
                        {
                            "name": "Farmer Mac", 
                            "count": 0, 
                            "value": 0
                        }, 
                        {
                            "name": "Private Securitization", 
                            "count": 56, 
                            "value": 13707
                        }, 
                        {
                            "name": "Commercial bank, savings bank or association", 
                            "count": 2263, 
                            "value": 628865
                        }, 
                        {
                            "name": "Life insurance co., credit union, finance co.", 
                            "count": 502, 
                            "value": 132488
                        }, 
                        {
                            "name": "Affiliate institution", 
                            "count": 411, 
                            "value": 98205
                        }, 
                        {
                            "name": "Other", 
                            "count": 9263, 
                            "value": 2705542
                        }
                    ]
                }, 
                {
                    "tractpctminority": "20-49% minority", 
                    "purchasers": [
                        {
                            "name": "Fannie Mae", 
                            "count": 45, 
                            "value": 6538
                        }, 
                        {
                            "name": "Ginnie Mae", 
                            "count": 42, 
                            "value": 6492
                        }, 
                        {
                            "name": "Freddie Mac", 
                            "count": 22, 
                            "value": 3103
                        }, 
                        {
                            "name": "Farmer Mac", 
                            "count": 0, 
                            "value": 0
                        }, 
                        {
                            "name": "Private Securitization", 
                            "count": 1, 
                            "value": 146
                        }, 
                        {
                            "name": "Commercial bank, savings bank or association", 
                            "count": 20, 
                            "value": 2957
                        }, 
                        {
                            "name": "Life insurance co., credit union, finance co.", 
                            "count": 5, 
                            "value": 772
                        }, 
                        {
                            "name": "Affiliate institution", 
                            "count": 7, 
                            "value": 996
                        }, 
                        {
                            "name": "Other", 
                            "count": 152, 
                            "value": 18650
                        }
                    ]
                }, 
                {
                    "tractpctminority": "50-79% minority", 
                    "purchasers": [
                        {
                            "name": "Fannie Mae", 
                            "count": 0, 
                            "value": 0
                        }, 
                        {
                            "name": "Ginnie Mae", 
                            "count": 0, 
                            "value": 0
                        }, 
                        {
                            "name": "Freddie Mac", 
                            "count": 0, 
                            "value": 0
                        }, 
                        {
                            "name": "Farmer Mac", 
                            "count": 0, 
                            "value": 0
                        }, 
                        {
                            "name": "Private Securitization", 
                            "count": 0, 
                            "value": 0
                        }, 
                        {
                            "name": "Commercial bank, savings bank or association", 
                            "count": 0, 
                            "value": 0
                        }, 
                        {
                            "name": "Life insurance co., credit union, finance co.", 
                            "count": 0, 
                            "value": 0
                        }, 
                        {
                            "name": "Affiliate institution", 
                            "count": 0, 
                            "value": 0
                        }, 
                        {
                            "name": "Other", 
                            "count": 0, 
                            "value": 0
                        }
                    ]
                }, 
                {
                    "tractpctminority": "80-100% minority", 
                    "purchasers": [
                        {
                            "name": "Fannie Mae", 
                            "count": 0, 
                            "value": 0
                        }, 
                        {
                            "name": "Ginnie Mae", 
                            "count": 0, 
                            "value": 0
                        }, 
                        {
                            "name": "Freddie Mac", 
                            "count": 0, 
                            "value": 0
                        }, 
                        {
                            "name": "Farmer Mac", 
                            "count": 0, 
                            "value": 0
                        }, 
                        {
                            "name": "Private Securitization", 
                            "count": 0, 
                            "value": 0
                        }, 
                        {
                            "name": "Commercial bank, savings bank or association", 
                            "count": 0, 
                            "value": 0
                        }, 
                        {
                            "name": "Life insurance co., credit union, finance co.", 
                            "count": 0, 
                            "value": 0
                        }, 
                        {
                            "name": "Affiliate institution", 
                            "count": 0, 
                            "value": 0
                        }, 
                        {
                            "name": "Other", 
                            "count": 0, 
                            "value": 0
                        }
                    ]
                }
            ]
        }, 
        {
            "characteristic": "Income", 
            "incomelevels": [
                {
                    "incomelevel": "Low income", 
                    "purchasers": [
                        {
                            "name": "Fannie Mae", 
                            "count": 148, 
                            "value": 27076
                        }, 
                        {
                            "name": "Ginnie Mae", 
                            "count": 104, 
                            "value": 17090
                        }, 
                        {
                            "name": "Freddie Mac", 
                            "count": 46, 
                            "value": 6779
                        }, 
                        {
                            "name": "Farmer Mac", 
                            "count": 0, 
                            "value": 0
                        }, 
                        {
                            "name": "Private Securitization", 
                            "count": 1, 
                            "value": 146
                        }, 
                        {
                            "name": "Commercial bank, savings bank or association", 
                            "count": 56, 
                            "value": 10699
                        }, 
                        {
                            "name": "Life insurance co., credit union, finance co.", 
                            "count": 16, 
                            "value": 2239
                        }, 
                        {
                            "name": "Affiliate institution", 
                            "count": 14, 
                            "value": 1867
                        }, 
                        {
                            "name": "Other", 
                            "count": 388, 
                            "value": 70072
                        }
                    ]
                }, 
                {
                    "incomelevel": "Moderate income", 
                    "purchasers": [
                        {
                            "name": "Fannie Mae", 
                            "count": 1106, 
                            "value": 221051
                        }, 
                        {
                            "name": "Ginnie Mae", 
                            "count": 316, 
                            "value": 63552
                        }, 
                        {
                            "name": "Freddie Mac", 
                            "count": 370, 
                            "value": 91176
                        }, 
                        {
                            "name": "Farmer Mac", 
                            "count": 0, 
                            "value": 0
                        }, 
                        {
                            "name": "Private Securitization", 
                            "count": 10, 
                            "value": 1945
                        }, 
                        {
                            "name": "Commercial bank, savings bank or association", 
                            "count": 313, 
                            "value": 67630
                        }, 
                        {
                            "name": "Life insurance co., credit union, finance co.", 
                            "count": 65, 
                            "value": 12679
                        }, 
                        {
                            "name": "Affiliate institution", 
                            "count": 76, 
                            "value": 15022
                        }, 
                        {
                            "name": "Other", 
                            "count": 1733, 
                            "value": 424055
                        }
                    ]
                }, 
                {
                    "incomelevel": "Middle income", 
                    "purchasers": [
                        {
                            "name": "Fannie Mae", 
                            "count": 4865, 
                            "value": 1187533
                        }, 
                        {
                            "name": "Ginnie Mae", 
                            "count": 785, 
                            "value": 194014
                        }, 
                        {
                            "name": "Freddie Mac", 
                            "count": 1526, 
                            "value": 402845
                        }, 
                        {
                            "name": "Farmer Mac", 
                            "count": 0, 
                            "value": 0
                        }, 
                        {
                            "name": "Private Securitization", 
                            "count": 30, 
                            "value": 7193
                        }, 
                        {
                            "name": "Commercial bank, savings bank or association", 
                            "count": 1344, 
                            "value": 369206
                        }, 
                        {
                            "name": "Life insurance co., credit union, finance co.", 
                            "count": 321, 
                            "value": 85072
                        }, 
                        {
                            "name": "Affiliate institution", 
                            "count": 225, 
                            "value": 52599
                        }, 
                        {
                            "name": "Other", 
                            "count": 5652, 
                            "value": 1644818
                        }
                    ]
                }, 
                {
                    "incomelevel": "Upper income", 
                    "purchasers": [
                        {
                            "name": "Fannie Mae", 
                            "count": 4151, 
                            "value": 1209682
                        }, 
                        {
                            "name": "Ginnie Mae", 
                            "count": 295, 
                            "value": 92506
                        }, 
                        {
                            "name": "Freddie Mac", 
                            "count": 1312, 
                            "value": 395236
                        }, 
                        {
                            "name": "Farmer Mac", 
                            "count": 0, 
                            "value": 0
                        }, 
                        {
                            "name": "Private Securitization", 
                            "count": 62, 
                            "value": 19026
                        }, 
                        {
                            "name": "Commercial bank, savings bank or association", 
                            "count": 1150, 
                            "value": 386881
                        }, 
                        {
                            "name": "Life insurance co., credit union, finance co.", 
                            "count": 212, 
                            "value": 67017
                        }, 
                        {
                            "name": "Affiliate institution", 
                            "count": 218, 
                            "value": 67658
                        }, 
                        {
                            "name": "Other", 
                            "count": 4508, 
                            "value": 1727687
                        }
                    ]
                }
            ]
        }
    ], 
    "total": {
        "purchasers": [
            {
                "name": "Fannie Mae", 
                "count": 10270, 
                "value": 2645342
            }, 
            {
                "name": "Ginnie Mae", 
                "count": 1500, 
                "value": 367162
            }, 
            {
                "name": "Freddie Mac", 
                "count": 3254, 
                "value": 896036
            }, 
            {
                "name": "Farmer Mac", 
                "count": 0, 
                "value": 0
            }, 
            {
                "name": "Private Securitization", 
                "count": 103, 
                "value": 28310
            }, 
            {
                "name": "Commercial bank, savings bank or association", 
                "count": 2863, 
                "value": 834416
            }, 
            {
                "name": "Life insurance co., credit union, finance co.", 
                "count": 614, 
                "value": 167007
            }, 
            {
                "name": "Affiliate institution", 
                "count": 533, 
                "value": 137146
            }, 
            {
                "name": "Other", 
                "count": 12281, 
                "value": 3866632
            }
        ]
    }
}