{
    "table": "3-1", 
    "type": "aggregate", 
    "desc": "Loans sold. By characteristics of borrower and census tract in which property is located and by type of purchaser (includes originations and purchased loans).", 
    "year": "2012", 
    "msa": {
        "id": "27140", 
        "name": "Jackson", 
        "state": "MS", 
        "state_name": "Mississippi"
    }, 
    "borrowercharacteristics": [
        {
            "characteristic": "Race", 
            "races": [
                {
                    "race": "American Indian/Alaska Native", 
                    "purchasers": [
                        {
                            "name": "Fannie Mae", 
                            "count": 0, 
                            "value": 0
                        }, 
                        {
                            "name": "Ginnie Mae", 
                            "count": 0, 
                            "value": 0
                        }, 
                        {
                            "name": "Freddie Mac", 
                            "count": 0, 
                            "value": 0
                        }, 
                        {
                            "name": "Farmer Mac", 
                            "count": 0, 
                            "value": 0
                        }, 
                        {
                            "name": "Private Securitization", 
                            "count": 0, 
                            "value": 0
                        }, 
                        {
                            "name": "Commercial bank, savings bank or association", 
                            "count": 0, 
                            "value": 0
                        }, 
                        {
                            "name": "Life insurance co., credit union, finance co.", 
                            "count": 0, 
                            "value": 0
                        }, 
                        {
                            "name": "Affiliate institution", 
                            "count": 0, 
                            "value": 0
                        }, 
                        {
                            "name": "Other", 
                            "count": 0, 
                            "value": 0
                        }
                    ]
                }, 
                {
                    "race": "Asian", 
                    "purchasers": [
                        {
                            "name": "Fannie Mae", 
                            "count": 0, 
                            "value": 0
                        }, 
                        {
                            "name": "Ginnie Mae", 
                            "count": 0, 
                            "value": 0
                        }, 
                        {
                            "name": "Freddie Mac", 
                            "count": 0, 
                            "value": 0
                        }, 
                        {
                            "name": "Farmer Mac", 
                            "count": 0, 
                            "value": 0
                        }, 
                        {
                            "name": "Private Securitization", 
                            "count": 0, 
                            "value": 0
                        }, 
                        {
                            "name": "Commercial bank, savings bank or association", 
                            "count": 0, 
                            "value": 0
                        }, 
                        {
                            "name": "Life insurance co., credit union, finance co.", 
                            "count": 0, 
                            "value": 0
                        }, 
                        {
                            "name": "Affiliate institution", 
                            "count": 0, 
                            "value": 0
                        }, 
                        {
                            "name": "Other", 
                            "count": 3, 
                            "value": 597.0
                        }
                    ]
                }, 
                {
                    "race": "Black or African American", 
                    "purchasers": [
                        {
                            "name": "Fannie Mae", 
                            "count": 18, 
                            "value": 4213.0
                        }, 
                        {
                            "name": "Ginnie Mae", 
                            "count": 5, 
                            "value": 681.0
                        }, 
                        {
                            "name": "Freddie Mac", 
                            "count": 7, 
                            "value": 1481.0
                        }, 
                        {
                            "name": "Farmer Mac", 
                            "count": 0, 
                            "value": 0
                        }, 
                        {
                            "name": "Private Securitization", 
                            "count": 1, 
                            "value": 380.0
                        }, 
                        {
                            "name": "Commercial bank, savings bank or association", 
                            "count": 17, 
                            "value": 4338.0
                        }, 
                        {
                            "name": "Life insurance co., credit union, finance co.", 
                            "count": 1, 
                            "value": 390.0
                        }, 
                        {
                            "name": "Affiliate institution", 
                            "count": 5, 
                            "value": 828.0
                        }, 
                        {
                            "name": "Other", 
                            "count": 62, 
                            "value": 14279.0
                        }
                    ]
                }, 
                {
                    "race": "Native Hawaiian or Pacific Islander", 
                    "purchasers": [
                        {
                            "name": "Fannie Mae", 
                            "count": 166, 
                            "value": 30441.0
                        }, 
                        {
                            "name": "Ginnie Mae", 
                            "count": 142, 
                            "value": 24254.0
                        }, 
                        {
                            "name": "Freddie Mac", 
                            "count": 36, 
                            "value": 6611.0
                        }, 
                        {
                            "name": "Farmer Mac", 
                            "count": 0, 
                            "value": 0
                        }, 
                        {
                            "name": "Private Securitization", 
                            "count": 0, 
                            "value": 0
                        }, 
                        {
                            "name": "Commercial bank, savings bank or association", 
                            "count": 101, 
                            "value": 20877.0
                        }, 
                        {
                            "name": "Life insurance co., credit union, finance co.", 
                            "count": 29, 
                            "value": 4922.0
                        }, 
                        {
                            "name": "Affiliate institution", 
                            "count": 10, 
                            "value": 1878.0
                        }, 
                        {
                            "name": "Other", 
                            "count": 792, 
                            "value": 95910.0
                        }
                    ]
                }, 
                {
                    "race": "White", 
                    "purchasers": [
                        {
                            "name": "Fannie Mae", 
                            "count": 0, 
                            "value": 0
                        }, 
                        {
                            "name": "Ginnie Mae", 
                            "count": 0, 
                            "value": 0
                        }, 
                        {
                            "name": "Freddie Mac", 
                            "count": 1, 
                            "value": 143.0
                        }, 
                        {
                            "name": "Farmer Mac", 
                            "count": 0, 
                            "value": 0
                        }, 
                        {
                            "name": "Private Securitization", 
                            "count": 0, 
                            "value": 0
                        }, 
                        {
                            "name": "Commercial bank, savings bank or association", 
                            "count": 0, 
                            "value": 0
                        }, 
                        {
                            "name": "Life insurance co., credit union, finance co.", 
                            "count": 0, 
                            "value": 0
                        }, 
                        {
                            "name": "Affiliate institution", 
                            "count": 0, 
                            "value": 0
                        }, 
                        {
                            "name": "Other", 
                            "count": 2, 
                            "value": 239.0
                        }
                    ]
                }, 
                {
                    "race": "2 or more minority races", 
                    "purchasers": [
                        {
                            "name": "Fannie Mae", 
                            "count": 2174, 
                            "value": 430503.0
                        }, 
                        {
                            "name": "Ginnie Mae", 
                            "count": 654, 
                            "value": 111976.0
                        }, 
                        {
                            "name": "Freddie Mac", 
                            "count": 404, 
                            "value": 78625.0
                        }, 
                        {
                            "name": "Farmer Mac", 
                            "count": 0, 
                            "value": 0
                        }, 
                        {
                            "name": "Private Securitization", 
                            "count": 12, 
                            "value": 2217.0
                        }, 
                        {
                            "name": "Commercial bank, savings bank or association", 
                            "count": 1169, 
                            "value": 252349.0
                        }, 
                        {
                            "name": "Life insurance co., credit union, finance co.", 
                            "count": 238, 
                            "value": 44218.0
                        }, 
                        {
                            "name": "Affiliate institution", 
                            "count": 118, 
                            "value": 17729.0
                        }, 
                        {
                            "name": "Other", 
                            "count": 3222, 
                            "value": 560830.0
                        }
                    ]
                }, 
                {
                    "race": "Joint", 
                    "purchasers": [
                        {
                            "name": "Fannie Mae", 
                            "count": 81, 
                            "value": 16331.0
                        }, 
                        {
                            "name": "Ginnie Mae", 
                            "count": 59, 
                            "value": 11906.0
                        }, 
                        {
                            "name": "Freddie Mac", 
                            "count": 39, 
                            "value": 7942.0
                        }, 
                        {
                            "name": "Farmer Mac", 
                            "count": 0, 
                            "value": 0
                        }, 
                        {
                            "name": "Private Securitization", 
                            "count": 6, 
                            "value": 1277.0
                        }, 
                        {
                            "name": "Commercial bank, savings bank or association", 
                            "count": 50, 
                            "value": 12545.0
                        }, 
                        {
                            "name": "Life insurance co., credit union, finance co.", 
                            "count": 5, 
                            "value": 991.0
                        }, 
                        {
                            "name": "Affiliate institution", 
                            "count": 15, 
                            "value": 2398.0
                        }, 
                        {
                            "name": "Other", 
                            "count": 391, 
                            "value": 59174.0
                        }
                    ]
                }, 
                {
                    "race": "Not Provided", 
                    "purchasers": [
                        {
                            "name": "Fannie Mae", 
                            "count": 1347, 
                            "value": 262987.0
                        }, 
                        {
                            "name": "Ginnie Mae", 
                            "count": 1145, 
                            "value": 174862.0
                        }, 
                        {
                            "name": "Freddie Mac", 
                            "count": 288, 
                            "value": 51610.0
                        }, 
                        {
                            "name": "Farmer Mac", 
                            "count": 0, 
                            "value": 0
                        }, 
                        {
                            "name": "Private Securitization", 
                            "count": 0, 
                            "value": 0
                        }, 
                        {
                            "name": "Commercial bank, savings bank or association", 
                            "count": 146, 
                            "value": 23152.0
                        }, 
                        {
                            "name": "Life insurance co., credit union, finance co.", 
                            "count": 4, 
                            "value": 431.0
                        }, 
                        {
                            "name": "Affiliate institution", 
                            "count": 5, 
                            "value": 854.0
                        }, 
                        {
                            "name": "Other", 
                            "count": 882, 
                            "value": 127066.0
                        }
                    ]
                }, 
                {
                    "race": "Not Applicable", 
                    "purchasers": [
                        {
                            "name": "Fannie Mae", 
                            "count": 2013, 
                            "value": 332951.0
                        }, 
                        {
                            "name": "Ginnie Mae", 
                            "count": 1723, 
                            "value": 253832.0
                        }, 
                        {
                            "name": "Freddie Mac", 
                            "count": 412, 
                            "value": 69266.0
                        }, 
                        {
                            "name": "Farmer Mac", 
                            "count": 0, 
                            "value": 0
                        }, 
                        {
                            "name": "Private Securitization", 
                            "count": 9, 
                            "value": 2017.0
                        }, 
                        {
                            "name": "Commercial bank, savings bank or association", 
                            "count": 1497, 
                            "value": 252700.0
                        }, 
                        {
                            "name": "Life insurance co., credit union, finance co.", 
                            "count": 372, 
                            "value": 65282.0
                        }, 
                        {
                            "name": "Affiliate institution", 
                            "count": 123, 
                            "value": 17912.0
                        }, 
                        {
                            "name": "Other", 
                            "count": 7477, 
                            "value": 922320.0
                        }
                    ]
                }, 
                {
                    "race": "No co-applicant", 
                    "purchasers": [
                        {
                            "name": "Fannie Mae", 
                            "count": 0, 
                            "value": 0
                        }, 
                        {
                            "name": "Ginnie Mae", 
                            "count": 0, 
                            "value": 0
                        }, 
                        {
                            "name": "Freddie Mac", 
                            "count": 0, 
                            "value": 0
                        }, 
                        {
                            "name": "Farmer Mac", 
                            "count": 0, 
                            "value": 0
                        }, 
                        {
                            "name": "Private Securitization", 
                            "count": 0, 
                            "value": 0
                        }, 
                        {
                            "name": "Commercial bank, savings bank or association", 
                            "count": 0, 
                            "value": 0
                        }, 
                        {
                            "name": "Life insurance co., credit union, finance co.", 
                            "count": 0, 
                            "value": 0
                        }, 
                        {
                            "name": "Affiliate institution", 
                            "count": 0, 
                            "value": 0
                        }, 
                        {
                            "name": "Other", 
                            "count": 0, 
                            "value": 0
                        }
                    ]
                }
            ]
        }, 
        {
            "characteristic": "Ethnicity", 
            "ethnicities": [
                {
                    "ethnicitie": "Hispanic or Latino", 
                    "purchasers": [
                        {
                            "name": "Fannie Mae", 
                            "count": 5, 
                            "value": 1383
                        }, 
                        {
                            "name": "Ginnie Mae", 
                            "count": 5, 
                            "value": 702
                        }, 
                        {
                            "name": "Freddie Mac", 
                            "count": 1, 
                            "value": 324
                        }, 
                        {
                            "name": "Farmer Mac", 
                            "count": 0, 
                            "value": 0
                        }, 
                        {
                            "name": "Private Securitization", 
                            "count": 0, 
                            "value": 0
                        }, 
                        {
                            "name": "Commercial bank, savings bank or association", 
                            "count": 5, 
                            "value": 1121
                        }, 
                        {
                            "name": "Life insurance co., credit union, finance co.", 
                            "count": 3, 
                            "value": 492
                        }, 
                        {
                            "name": "Affiliate institution", 
                            "count": 0, 
                            "value": 0
                        }, 
                        {
                            "name": "Other", 
                            "count": 18, 
                            "value": 1935
                        }
                    ]
                }, 
                {
                    "ethnicitie": "Not Hispanic or Latino", 
                    "purchasers": [
                        {
                            "name": "Fannie Mae", 
                            "count": 4192, 
                            "value": 764662
                        }, 
                        {
                            "name": "Ginnie Mae", 
                            "count": 2340, 
                            "value": 361786
                        }, 
                        {
                            "name": "Freddie Mac", 
                            "count": 816, 
                            "value": 150009
                        }, 
                        {
                            "name": "Farmer Mac", 
                            "count": 0, 
                            "value": 0
                        }, 
                        {
                            "name": "Private Securitization", 
                            "count": 22, 
                            "value": 4614
                        }, 
                        {
                            "name": "Commercial bank, savings bank or association", 
                            "count": 2699, 
                            "value": 515372
                        }, 
                        {
                            "name": "Life insurance co., credit union, finance co.", 
                            "count": 627, 
                            "value": 107895
                        }, 
                        {
                            "name": "Affiliate institution", 
                            "count": 231, 
                            "value": 34822
                        }, 
                        {
                            "name": "Other", 
                            "count": 10213, 
                            "value": 1344583
                        }
                    ]
                }, 
                {
                    "ethnicitie": "Not provided", 
                    "purchasers": [
                        {
                            "name": "Fannie Mae", 
                            "count": 34, 
                            "value": 6133
                        }, 
                        {
                            "name": "Ginnie Mae", 
                            "count": 31, 
                            "value": 4923
                        }, 
                        {
                            "name": "Freddie Mac", 
                            "count": 11, 
                            "value": 1459
                        }, 
                        {
                            "name": "Farmer Mac", 
                            "count": 0, 
                            "value": 0
                        }, 
                        {
                            "name": "Private Securitization", 
                            "count": 0, 
                            "value": 0
                        }, 
                        {
                            "name": "Commercial bank, savings bank or association", 
                            "count": 24, 
                            "value": 4389
                        }, 
                        {
                            "name": "Life insurance co., credit union, finance co.", 
                            "count": 5, 
                            "value": 979
                        }, 
                        {
                            "name": "Affiliate institution", 
                            "count": 1, 
                            "value": 280
                        }, 
                        {
                            "name": "Other", 
                            "count": 130, 
                            "value": 19777
                        }
                    ]
                }, 
                {
                    "ethnicitie": "Not applicable", 
                    "purchasers": [
                        {
                            "name": "Fannie Mae", 
                            "count": 1568, 
                            "value": 305248
                        }, 
                        {
                            "name": "Ginnie Mae", 
                            "count": 1352, 
                            "value": 210100
                        }, 
                        {
                            "name": "Freddie Mac", 
                            "count": 359, 
                            "value": 63886
                        }, 
                        {
                            "name": "Farmer Mac", 
                            "count": 0, 
                            "value": 0
                        }, 
                        {
                            "name": "Private Securitization", 
                            "count": 6, 
                            "value": 1277
                        }, 
                        {
                            "name": "Commercial bank, savings bank or association", 
                            "count": 252, 
                            "value": 45079
                        }, 
                        {
                            "name": "Life insurance co., credit union, finance co.", 
                            "count": 14, 
                            "value": 6868
                        }, 
                        {
                            "name": "Affiliate institution", 
                            "count": 44, 
                            "value": 6497
                        }, 
                        {
                            "name": "Other", 
                            "count": 2470, 
                            "value": 414120
                        }
                    ]
                }, 
                {
                    "ethnicitie": "No co-applicant", 
                    "purchasers": [
                        {
                            "name": "Fannie Mae", 
                            "count": 0, 
                            "value": 0
                        }, 
                        {
                            "name": "Ginnie Mae", 
                            "count": 0, 
                            "value": 0
                        }, 
                        {
                            "name": "Freddie Mac", 
                            "count": 0, 
                            "value": 0
                        }, 
                        {
                            "name": "Farmer Mac", 
                            "count": 0, 
                            "value": 0
                        }, 
                        {
                            "name": "Private Securitization", 
                            "count": 0, 
                            "value": 0
                        }, 
                        {
                            "name": "Commercial bank, savings bank or association", 
                            "count": 0, 
                            "value": 0
                        }, 
                        {
                            "name": "Life insurance co., credit union, finance co.", 
                            "count": 0, 
                            "value": 0
                        }, 
                        {
                            "name": "Affiliate institution", 
                            "count": 0, 
                            "value": 0
                        }, 
                        {
                            "name": "Other", 
                            "count": 0, 
                            "value": 0
                        }
                    ]
                }
            ]
        }, 
        {
            "characteristic": "Minority Status", 
            "minoritystatuses": [
                {
                    "minoritystatuse": "White Non-Hispanic", 
                    "purchasers": [
                        {
                            "name": "Fannie Mae", 
                            "count": 5247, 
                            "value": 988673
                        }, 
                        {
                            "name": "Ginnie Mae", 
                            "count": 2995, 
                            "value": 469099
                        }, 
                        {
                            "name": "Freddie Mac", 
                            "count": 1066, 
                            "value": 195933
                        }, 
                        {
                            "name": "Farmer Mac", 
                            "count": 0, 
                            "value": 0
                        }, 
                        {
                            "name": "Private Securitization", 
                            "count": 26, 
                            "value": 5363
                        }, 
                        {
                            "name": "Commercial bank, savings bank or association", 
                            "count": 2450, 
                            "value": 478892
                        }, 
                        {
                            "name": "Life insurance co., credit union, finance co.", 
                            "count": 517, 
                            "value": 96192
                        }, 
                        {
                            "name": "Affiliate institution", 
                            "count": 239, 
                            "value": 34821
                        }, 
                        {
                            "name": "Other", 
                            "count": 9194, 
                            "value": 1432297
                        }
                    ]
                }, 
                {
                    "minoritystatuse": "Others, Including Hispanic", 
                    "purchasers": [
                        {
                            "name": "Fannie Mae", 
                            "count": 552, 
                            "value": 88753
                        }, 
                        {
                            "name": "Ginnie Mae", 
                            "count": 733, 
                            "value": 108412
                        }, 
                        {
                            "name": "Freddie Mac", 
                            "count": 121, 
                            "value": 19745
                        }, 
                        {
                            "name": "Farmer Mac", 
                            "count": 0, 
                            "value": 0
                        }, 
                        {
                            "name": "Private Securitization", 
                            "count": 2, 
                            "value": 528
                        }, 
                        {
                            "name": "Commercial bank, savings bank or association", 
                            "count": 530, 
                            "value": 87069
                        }, 
                        {
                            "name": "Life insurance co., credit union, finance co.", 
                            "count": 132, 
                            "value": 20042
                        }, 
                        {
                            "name": "Affiliate institution", 
                            "count": 37, 
                            "value": 6778
                        }, 
                        {
                            "name": "Other", 
                            "count": 3637, 
                            "value": 348118
                        }
                    ]
                }
            ]
        }, 
        {
            "characteristic": "Applicant Income", 
            "applicantincomes": [
                {
                    "applicantincome": "Less than 50% of MSA/MD median", 
                    "purchasers": [
                        {
                            "name": "Fannie Mae", 
                            "count": 184, 
                            "value": 15599
                        }, 
                        {
                            "name": "Ginnie Mae", 
                            "count": 149, 
                            "value": 13639
                        }, 
                        {
                            "name": "Freddie Mac", 
                            "count": 36, 
                            "value": 3422
                        }, 
                        {
                            "name": "Farmer Mac", 
                            "count": 0, 
                            "value": 0
                        }, 
                        {
                            "name": "Private Securitization", 
                            "count": 0, 
                            "value": 0
                        }, 
                        {
                            "name": "Commercial bank, savings bank or association", 
                            "count": 168, 
                            "value": 16295
                        }, 
                        {
                            "name": "Life insurance co., credit union, finance co.", 
                            "count": 51, 
                            "value": 4625
                        }, 
                        {
                            "name": "Affiliate institution", 
                            "count": 21, 
                            "value": 2082
                        }, 
                        {
                            "name": "Other", 
                            "count": 1636, 
                            "value": 88924
                        }
                    ]
                }, 
                {
                    "applicantincome": "50-79% of MSA/MD median", 
                    "purchasers": [
                        {
                            "name": "Fannie Mae", 
                            "count": 561, 
                            "value": 62038
                        }, 
                        {
                            "name": "Ginnie Mae", 
                            "count": 564, 
                            "value": 72754
                        }, 
                        {
                            "name": "Freddie Mac", 
                            "count": 110, 
                            "value": 11702
                        }, 
                        {
                            "name": "Farmer Mac", 
                            "count": 0, 
                            "value": 0
                        }, 
                        {
                            "name": "Private Securitization", 
                            "count": 3, 
                            "value": 412
                        }, 
                        {
                            "name": "Commercial bank, savings bank or association", 
                            "count": 524, 
                            "value": 68135
                        }, 
                        {
                            "name": "Life insurance co., credit union, finance co.", 
                            "count": 133, 
                            "value": 16685
                        }, 
                        {
                            "name": "Affiliate institution", 
                            "count": 38, 
                            "value": 4058
                        }, 
                        {
                            "name": "Other", 
                            "count": 2321, 
                            "value": 191336
                        }
                    ]
                }, 
                {
                    "applicantincome": "80-99% of MSA/MD median", 
                    "purchasers": [
                        {
                            "name": "Fannie Mae", 
                            "count": 420, 
                            "value": 55403
                        }, 
                        {
                            "name": "Ginnie Mae", 
                            "count": 336, 
                            "value": 49791
                        }, 
                        {
                            "name": "Freddie Mac", 
                            "count": 115, 
                            "value": 15711
                        }, 
                        {
                            "name": "Farmer Mac", 
                            "count": 0, 
                            "value": 0
                        }, 
                        {
                            "name": "Private Securitization", 
                            "count": 3, 
                            "value": 479
                        }, 
                        {
                            "name": "Commercial bank, savings bank or association", 
                            "count": 346, 
                            "value": 50926
                        }, 
                        {
                            "name": "Life insurance co., credit union, finance co.", 
                            "count": 86, 
                            "value": 13407
                        }, 
                        {
                            "name": "Affiliate institution", 
                            "count": 31, 
                            "value": 3851
                        }, 
                        {
                            "name": "Other", 
                            "count": 1220, 
                            "value": 119254
                        }
                    ]
                }, 
                {
                    "applicantincome": "100-119% of MSA/MD median", 
                    "purchasers": [
                        {
                            "name": "Fannie Mae", 
                            "count": 435, 
                            "value": 66212
                        }, 
                        {
                            "name": "Ginnie Mae", 
                            "count": 287, 
                            "value": 45234
                        }, 
                        {
                            "name": "Freddie Mac", 
                            "count": 95, 
                            "value": 13592
                        }, 
                        {
                            "name": "Farmer Mac", 
                            "count": 0, 
                            "value": 0
                        }, 
                        {
                            "name": "Private Securitization", 
                            "count": 0, 
                            "value": 0
                        }, 
                        {
                            "name": "Commercial bank, savings bank or association", 
                            "count": 284, 
                            "value": 48041
                        }, 
                        {
                            "name": "Life insurance co., credit union, finance co.", 
                            "count": 82, 
                            "value": 13557
                        }, 
                        {
                            "name": "Affiliate institution", 
                            "count": 23, 
                            "value": 3026
                        }, 
                        {
                            "name": "Other", 
                            "count": 1017, 
                            "value": 113140
                        }
                    ]
                }, 
                {
                    "applicantincome": "120% or more of MSA/MD median", 
                    "purchasers": [
                        {
                            "name": "Fannie Mae", 
                            "count": 2774, 
                            "value": 596586
                        }, 
                        {
                            "name": "Ginnie Mae", 
                            "count": 609, 
                            "value": 119683
                        }, 
                        {
                            "name": "Freddie Mac", 
                            "count": 579, 
                            "value": 122637
                        }, 
                        {
                            "name": "Farmer Mac", 
                            "count": 0, 
                            "value": 0
                        }, 
                        {
                            "name": "Private Securitization", 
                            "count": 22, 
                            "value": 5000
                        }, 
                        {
                            "name": "Commercial bank, savings bank or association", 
                            "count": 1333, 
                            "value": 325007
                        }, 
                        {
                            "name": "Life insurance co., credit union, finance co.", 
                            "count": 253, 
                            "value": 55043
                        }, 
                        {
                            "name": "Affiliate institution", 
                            "count": 156, 
                            "value": 26993
                        }, 
                        {
                            "name": "Other", 
                            "count": 4547, 
                            "value": 878059
                        }
                    ]
                }, 
                {
                    "applicantincome": "income not available", 
                    "purchasers": [
                        {
                            "name": "Fannie Mae", 
                            "count": 1425, 
                            "value": 281588
                        }, 
                        {
                            "name": "Ginnie Mae", 
                            "count": 1783, 
                            "value": 276410
                        }, 
                        {
                            "name": "Freddie Mac", 
                            "count": 252, 
                            "value": 48614
                        }, 
                        {
                            "name": "Farmer Mac", 
                            "count": 0, 
                            "value": 0
                        }, 
                        {
                            "name": "Private Securitization", 
                            "count": 0, 
                            "value": 0
                        }, 
                        {
                            "name": "Commercial bank, savings bank or association", 
                            "count": 325, 
                            "value": 57557
                        }, 
                        {
                            "name": "Life insurance co., credit union, finance co.", 
                            "count": 44, 
                            "value": 12917
                        }, 
                        {
                            "name": "Affiliate institution", 
                            "count": 7, 
                            "value": 1589
                        }, 
                        {
                            "name": "Other", 
                            "count": 2089, 
                            "value": 389533
                        }
                    ]
                }
            ]
        }
    ], 
    "censuscharacteristics": [
        {
            "characteristic": "Racial/Ethnic Composition", 
            "tractpctminority": [
                {
                    "tractpctminorit": "Less than 10% minority", 
                    "purchasers": [
                        {
                            "name": "Fannie Mae", 
                            "count": 93, 
                            "value": 22804
                        }, 
                        {
                            "name": "Ginnie Mae", 
                            "count": 23, 
                            "value": 3937
                        }, 
                        {
                            "name": "Freddie Mac", 
                            "count": 22, 
                            "value": 6369
                        }, 
                        {
                            "name": "Farmer Mac", 
                            "count": 0, 
                            "value": 0
                        }, 
                        {
                            "name": "Private Securitization", 
                            "count": 2, 
                            "value": 550
                        }, 
                        {
                            "name": "Commercial bank, savings bank or association", 
                            "count": 45, 
                            "value": 12170
                        }, 
                        {
                            "name": "Life insurance co., credit union, finance co.", 
                            "count": 5, 
                            "value": 1138
                        }, 
                        {
                            "name": "Affiliate institution", 
                            "count": 0, 
                            "value": 0
                        }, 
                        {
                            "name": "Other", 
                            "count": 164, 
                            "value": 51776
                        }
                    ]
                }, 
                {
                    "tractpctminorit": "10-19% minority", 
                    "purchasers": [
                        {
                            "name": "Fannie Mae", 
                            "count": 4939, 
                            "value": 935359
                        }, 
                        {
                            "name": "Ginnie Mae", 
                            "count": 2956, 
                            "value": 481831
                        }, 
                        {
                            "name": "Freddie Mac", 
                            "count": 1014, 
                            "value": 187505
                        }, 
                        {
                            "name": "Farmer Mac", 
                            "count": 0, 
                            "value": 0
                        }, 
                        {
                            "name": "Private Securitization", 
                            "count": 24, 
                            "value": 4844
                        }, 
                        {
                            "name": "Commercial bank, savings bank or association", 
                            "count": 2472, 
                            "value": 484415
                        }, 
                        {
                            "name": "Life insurance co., credit union, finance co.", 
                            "count": 550, 
                            "value": 99098
                        }, 
                        {
                            "name": "Affiliate institution", 
                            "count": 229, 
                            "value": 36133
                        }, 
                        {
                            "name": "Other", 
                            "count": 8535, 
                            "value": 1332969
                        }
                    ]
                }, 
                {
                    "tractpctminorit": "20-49% minority", 
                    "purchasers": [
                        {
                            "name": "Fannie Mae", 
                            "count": 592, 
                            "value": 95670
                        }, 
                        {
                            "name": "Ginnie Mae", 
                            "count": 543, 
                            "value": 70918
                        }, 
                        {
                            "name": "Freddie Mac", 
                            "count": 124, 
                            "value": 19349
                        }, 
                        {
                            "name": "Farmer Mac", 
                            "count": 0, 
                            "value": 0
                        }, 
                        {
                            "name": "Private Securitization", 
                            "count": 2, 
                            "value": 497
                        }, 
                        {
                            "name": "Commercial bank, savings bank or association", 
                            "count": 382, 
                            "value": 60474
                        }, 
                        {
                            "name": "Life insurance co., credit union, finance co.", 
                            "count": 64, 
                            "value": 8175
                        }, 
                        {
                            "name": "Affiliate institution", 
                            "count": 27, 
                            "value": 3397
                        }, 
                        {
                            "name": "Other", 
                            "count": 2391, 
                            "value": 281608
                        }
                    ]
                }, 
                {
                    "tractpctminorit": "50-79% minority", 
                    "purchasers": [
                        {
                            "name": "Fannie Mae", 
                            "count": 175, 
                            "value": 23593
                        }, 
                        {
                            "name": "Ginnie Mae", 
                            "count": 206, 
                            "value": 20825
                        }, 
                        {
                            "name": "Freddie Mac", 
                            "count": 27, 
                            "value": 2455
                        }, 
                        {
                            "name": "Farmer Mac", 
                            "count": 0, 
                            "value": 0
                        }, 
                        {
                            "name": "Private Securitization", 
                            "count": 0, 
                            "value": 0
                        }, 
                        {
                            "name": "Commercial bank, savings bank or association", 
                            "count": 81, 
                            "value": 8902
                        }, 
                        {
                            "name": "Life insurance co., credit union, finance co.", 
                            "count": 30, 
                            "value": 7823
                        }, 
                        {
                            "name": "Affiliate institution", 
                            "count": 20, 
                            "value": 2069
                        }, 
                        {
                            "name": "Other", 
                            "count": 1740, 
                            "value": 113893
                        }
                    ]
                }, 
                {
                    "tractpctminorit": "80-100% minority", 
                    "purchasers": [
                        {
                            "name": "Fannie Mae", 
                            "count": 0, 
                            "value": 0
                        }, 
                        {
                            "name": "Ginnie Mae", 
                            "count": 0, 
                            "value": 0
                        }, 
                        {
                            "name": "Freddie Mac", 
                            "count": 0, 
                            "value": 0
                        }, 
                        {
                            "name": "Farmer Mac", 
                            "count": 0, 
                            "value": 0
                        }, 
                        {
                            "name": "Private Securitization", 
                            "count": 0, 
                            "value": 0
                        }, 
                        {
                            "name": "Commercial bank, savings bank or association", 
                            "count": 0, 
                            "value": 0
                        }, 
                        {
                            "name": "Life insurance co., credit union, finance co.", 
                            "count": 0, 
                            "value": 0
                        }, 
                        {
                            "name": "Affiliate institution", 
                            "count": 0, 
                            "value": 0
                        }, 
                        {
                            "name": "Other", 
                            "count": 0, 
                            "value": 0
                        }
                    ]
                }
            ]
        }, 
        {
            "characteristic": "Income", 
            "incomelevel": [
                {
                    "incomeleve": "Low income", 
                    "purchasers": [
                        {
                            "name": "Fannie Mae", 
                            "count": 27, 
                            "value": 2635
                        }, 
                        {
                            "name": "Ginnie Mae", 
                            "count": 31, 
                            "value": 3900
                        }, 
                        {
                            "name": "Freddie Mac", 
                            "count": 7, 
                            "value": 730
                        }, 
                        {
                            "name": "Farmer Mac", 
                            "count": 0, 
                            "value": 0
                        }, 
                        {
                            "name": "Private Securitization", 
                            "count": 0, 
                            "value": 0
                        }, 
                        {
                            "name": "Commercial bank, savings bank or association", 
                            "count": 16, 
                            "value": 1998
                        }, 
                        {
                            "name": "Life insurance co., credit union, finance co.", 
                            "count": 9, 
                            "value": 5886
                        }, 
                        {
                            "name": "Affiliate institution", 
                            "count": 3, 
                            "value": 333
                        }, 
                        {
                            "name": "Other", 
                            "count": 410, 
                            "value": 22316
                        }
                    ]
                }, 
                {
                    "incomeleve": "Moderate income", 
                    "purchasers": [
                        {
                            "name": "Fannie Mae", 
                            "count": 272, 
                            "value": 45999
                        }, 
                        {
                            "name": "Ginnie Mae", 
                            "count": 186, 
                            "value": 23274
                        }, 
                        {
                            "name": "Freddie Mac", 
                            "count": 52, 
                            "value": 7428
                        }, 
                        {
                            "name": "Farmer Mac", 
                            "count": 0, 
                            "value": 0
                        }, 
                        {
                            "name": "Private Securitization", 
                            "count": 1, 
                            "value": 378
                        }, 
                        {
                            "name": "Commercial bank, savings bank or association", 
                            "count": 126, 
                            "value": 19001
                        }, 
                        {
                            "name": "Life insurance co., credit union, finance co.", 
                            "count": 36, 
                            "value": 3952
                        }, 
                        {
                            "name": "Affiliate institution", 
                            "count": 20, 
                            "value": 1795
                        }, 
                        {
                            "name": "Other", 
                            "count": 1718, 
                            "value": 185173
                        }
                    ]
                }, 
                {
                    "incomeleve": "Middle income", 
                    "purchasers": [
                        {
                            "name": "Fannie Mae", 
                            "count": 1474, 
                            "value": 219418
                        }, 
                        {
                            "name": "Ginnie Mae", 
                            "count": 1438, 
                            "value": 190831
                        }, 
                        {
                            "name": "Freddie Mac", 
                            "count": 305, 
                            "value": 43279
                        }, 
                        {
                            "name": "Farmer Mac", 
                            "count": 0, 
                            "value": 0
                        }, 
                        {
                            "name": "Private Securitization", 
                            "count": 3, 
                            "value": 738
                        }, 
                        {
                            "name": "Commercial bank, savings bank or association", 
                            "count": 873, 
                            "value": 129935
                        }, 
                        {
                            "name": "Life insurance co., credit union, finance co.", 
                            "count": 212, 
                            "value": 30004
                        }, 
                        {
                            "name": "Affiliate institution", 
                            "count": 72, 
                            "value": 8609
                        }, 
                        {
                            "name": "Other", 
                            "count": 5139, 
                            "value": 549841
                        }
                    ]
                }, 
                {
                    "incomeleve": "Upper income", 
                    "purchasers": [
                        {
                            "name": "Fannie Mae", 
                            "count": 4026, 
                            "value": 809374
                        }, 
                        {
                            "name": "Ginnie Mae", 
                            "count": 2073, 
                            "value": 359506
                        }, 
                        {
                            "name": "Freddie Mac", 
                            "count": 823, 
                            "value": 164241
                        }, 
                        {
                            "name": "Farmer Mac", 
                            "count": 0, 
                            "value": 0
                        }, 
                        {
                            "name": "Private Securitization", 
                            "count": 24, 
                            "value": 4775
                        }, 
                        {
                            "name": "Commercial bank, savings bank or association", 
                            "count": 1965, 
                            "value": 415027
                        }, 
                        {
                            "name": "Life insurance co., credit union, finance co.", 
                            "count": 392, 
                            "value": 76392
                        }, 
                        {
                            "name": "Affiliate institution", 
                            "count": 181, 
                            "value": 30862
                        }, 
                        {
                            "name": "Other", 
                            "count": 5563, 
                            "value": 1022916
                        }
                    ]
                }
            ]
        }
    ], 
    "total": {
        "purchasers": [
            {
                "name": "Fannie Mae", 
                "count": 5799, 
                "value": 1077426
            }, 
            {
                "name": "Ginnie Mae", 
                "count": 3728, 
                "value": 577511
            }, 
            {
                "name": "Freddie Mac", 
                "count": 1187, 
                "value": 215678
            }, 
            {
                "name": "Farmer Mac", 
                "count": 0, 
                "value": 0
            }, 
            {
                "name": "Private Securitization", 
                "count": 28, 
                "value": 5891
            }, 
            {
                "name": "Commercial bank, savings bank or association", 
                "count": 2980, 
                "value": 565961
            }, 
            {
                "name": "Life insurance co., credit union, finance co.", 
                "count": 649, 
                "value": 116234
            }, 
            {
                "name": "Affiliate institution", 
                "count": 276, 
                "value": 41599
            }, 
            {
                "name": "Other", 
                "count": 12831, 
                "value": 1780415
            }
        ]
    }
}