{
    "table": "3-1", 
    "type": "aggregate", 
    "desc": "Loans sold. By characteristics of borrower and census tract in which property is located and by type of purchaser (includes originations and purchased loans).", 
    "year": "2012", 
    "msa": {
        "id": "16940", 
        "name": "Cheyenne", 
        "state": "WY", 
        "state_name": "Wyoming"
    }, 
    "borrowercharacteristics": [
        {
            "characteristic": "Race", 
            "races": [
                {
                    "race": "American Indian/Alaska Native", 
                    "purchasers": [
                        {
                            "name": "Fannie Mae", 
                            "count": 0, 
                            "value": 0
                        }, 
                        {
                            "name": "Ginnie Mae", 
                            "count": 0, 
                            "value": 0
                        }, 
                        {
                            "name": "Freddie Mac", 
                            "count": 0, 
                            "value": 0
                        }, 
                        {
                            "name": "Farmer Mac", 
                            "count": 0, 
                            "value": 0
                        }, 
                        {
                            "name": "Private Securitization", 
                            "count": 0, 
                            "value": 0
                        }, 
                        {
                            "name": "Commercial bank, savings bank or association", 
                            "count": 0, 
                            "value": 0
                        }, 
                        {
                            "name": "Life insurance co., credit union, finance co.", 
                            "count": 0, 
                            "value": 0
                        }, 
                        {
                            "name": "Affiliate institution", 
                            "count": 0, 
                            "value": 0
                        }, 
                        {
                            "name": "Other", 
                            "count": 0, 
                            "value": 0
                        }
                    ]
                }, 
                {
                    "race": "Asian", 
                    "purchasers": [
                        {
                            "name": "Fannie Mae", 
                            "count": 1, 
                            "value": 120.0
                        }, 
                        {
                            "name": "Ginnie Mae", 
                            "count": 0, 
                            "value": 0
                        }, 
                        {
                            "name": "Freddie Mac", 
                            "count": 0, 
                            "value": 0
                        }, 
                        {
                            "name": "Farmer Mac", 
                            "count": 0, 
                            "value": 0
                        }, 
                        {
                            "name": "Private Securitization", 
                            "count": 0, 
                            "value": 0
                        }, 
                        {
                            "name": "Commercial bank, savings bank or association", 
                            "count": 1, 
                            "value": 123.0
                        }, 
                        {
                            "name": "Life insurance co., credit union, finance co.", 
                            "count": 0, 
                            "value": 0
                        }, 
                        {
                            "name": "Affiliate institution", 
                            "count": 0, 
                            "value": 0
                        }, 
                        {
                            "name": "Other", 
                            "count": 2, 
                            "value": 266.0
                        }
                    ]
                }, 
                {
                    "race": "Black or African American", 
                    "purchasers": [
                        {
                            "name": "Fannie Mae", 
                            "count": 2, 
                            "value": 414.0
                        }, 
                        {
                            "name": "Ginnie Mae", 
                            "count": 0, 
                            "value": 0
                        }, 
                        {
                            "name": "Freddie Mac", 
                            "count": 3, 
                            "value": 513.0
                        }, 
                        {
                            "name": "Farmer Mac", 
                            "count": 0, 
                            "value": 0
                        }, 
                        {
                            "name": "Private Securitization", 
                            "count": 0, 
                            "value": 0
                        }, 
                        {
                            "name": "Commercial bank, savings bank or association", 
                            "count": 0, 
                            "value": 0
                        }, 
                        {
                            "name": "Life insurance co., credit union, finance co.", 
                            "count": 0, 
                            "value": 0
                        }, 
                        {
                            "name": "Affiliate institution", 
                            "count": 0, 
                            "value": 0
                        }, 
                        {
                            "name": "Other", 
                            "count": 4, 
                            "value": 500.0
                        }
                    ]
                }, 
                {
                    "race": "Native Hawaiian or Pacific Islander", 
                    "purchasers": [
                        {
                            "name": "Fannie Mae", 
                            "count": 0, 
                            "value": 0
                        }, 
                        {
                            "name": "Ginnie Mae", 
                            "count": 2, 
                            "value": 607.0
                        }, 
                        {
                            "name": "Freddie Mac", 
                            "count": 0, 
                            "value": 0
                        }, 
                        {
                            "name": "Farmer Mac", 
                            "count": 0, 
                            "value": 0
                        }, 
                        {
                            "name": "Private Securitization", 
                            "count": 0, 
                            "value": 0
                        }, 
                        {
                            "name": "Commercial bank, savings bank or association", 
                            "count": 1, 
                            "value": 274.0
                        }, 
                        {
                            "name": "Life insurance co., credit union, finance co.", 
                            "count": 1, 
                            "value": 158.0
                        }, 
                        {
                            "name": "Affiliate institution", 
                            "count": 0, 
                            "value": 0
                        }, 
                        {
                            "name": "Other", 
                            "count": 9, 
                            "value": 1659.0
                        }
                    ]
                }, 
                {
                    "race": "White", 
                    "purchasers": [
                        {
                            "name": "Fannie Mae", 
                            "count": 0, 
                            "value": 0
                        }, 
                        {
                            "name": "Ginnie Mae", 
                            "count": 0, 
                            "value": 0
                        }, 
                        {
                            "name": "Freddie Mac", 
                            "count": 0, 
                            "value": 0
                        }, 
                        {
                            "name": "Farmer Mac", 
                            "count": 0, 
                            "value": 0
                        }, 
                        {
                            "name": "Private Securitization", 
                            "count": 0, 
                            "value": 0
                        }, 
                        {
                            "name": "Commercial bank, savings bank or association", 
                            "count": 1, 
                            "value": 254.0
                        }, 
                        {
                            "name": "Life insurance co., credit union, finance co.", 
                            "count": 0, 
                            "value": 0
                        }, 
                        {
                            "name": "Affiliate institution", 
                            "count": 0, 
                            "value": 0
                        }, 
                        {
                            "name": "Other", 
                            "count": 1, 
                            "value": 230.0
                        }
                    ]
                }, 
                {
                    "race": "2 or more minority races", 
                    "purchasers": [
                        {
                            "name": "Fannie Mae", 
                            "count": 766, 
                            "value": 146274.0
                        }, 
                        {
                            "name": "Ginnie Mae", 
                            "count": 483, 
                            "value": 103189.0
                        }, 
                        {
                            "name": "Freddie Mac", 
                            "count": 179, 
                            "value": 33989.0
                        }, 
                        {
                            "name": "Farmer Mac", 
                            "count": 0, 
                            "value": 0
                        }, 
                        {
                            "name": "Private Securitization", 
                            "count": 1, 
                            "value": 90.0
                        }, 
                        {
                            "name": "Commercial bank, savings bank or association", 
                            "count": 352, 
                            "value": 75062.0
                        }, 
                        {
                            "name": "Life insurance co., credit union, finance co.", 
                            "count": 178, 
                            "value": 35659.0
                        }, 
                        {
                            "name": "Affiliate institution", 
                            "count": 44, 
                            "value": 7357.0
                        }, 
                        {
                            "name": "Other", 
                            "count": 1707, 
                            "value": 277904.0
                        }
                    ]
                }, 
                {
                    "race": "Joint", 
                    "purchasers": [
                        {
                            "name": "Fannie Mae", 
                            "count": 54, 
                            "value": 10233.0
                        }, 
                        {
                            "name": "Ginnie Mae", 
                            "count": 44, 
                            "value": 9958.0
                        }, 
                        {
                            "name": "Freddie Mac", 
                            "count": 16, 
                            "value": 2560.0
                        }, 
                        {
                            "name": "Farmer Mac", 
                            "count": 0, 
                            "value": 0
                        }, 
                        {
                            "name": "Private Securitization", 
                            "count": 1, 
                            "value": 171.0
                        }, 
                        {
                            "name": "Commercial bank, savings bank or association", 
                            "count": 14, 
                            "value": 2854.0
                        }, 
                        {
                            "name": "Life insurance co., credit union, finance co.", 
                            "count": 13, 
                            "value": 3021.0
                        }, 
                        {
                            "name": "Affiliate institution", 
                            "count": 3, 
                            "value": 296.0
                        }, 
                        {
                            "name": "Other", 
                            "count": 189, 
                            "value": 29508.0
                        }
                    ]
                }, 
                {
                    "race": "Not Provided", 
                    "purchasers": [
                        {
                            "name": "Fannie Mae", 
                            "count": 131, 
                            "value": 21767.0
                        }, 
                        {
                            "name": "Ginnie Mae", 
                            "count": 288, 
                            "value": 59686.0
                        }, 
                        {
                            "name": "Freddie Mac", 
                            "count": 184, 
                            "value": 33850.0
                        }, 
                        {
                            "name": "Farmer Mac", 
                            "count": 0, 
                            "value": 0
                        }, 
                        {
                            "name": "Private Securitization", 
                            "count": 0, 
                            "value": 0
                        }, 
                        {
                            "name": "Commercial bank, savings bank or association", 
                            "count": 3, 
                            "value": 829.0
                        }, 
                        {
                            "name": "Life insurance co., credit union, finance co.", 
                            "count": 0, 
                            "value": 0
                        }, 
                        {
                            "name": "Affiliate institution", 
                            "count": 10, 
                            "value": 1919.0
                        }, 
                        {
                            "name": "Other", 
                            "count": 159, 
                            "value": 28255.0
                        }
                    ]
                }, 
                {
                    "race": "Not Applicable", 
                    "purchasers": [
                        {
                            "name": "Fannie Mae", 
                            "count": 539, 
                            "value": 82444.0
                        }, 
                        {
                            "name": "Ginnie Mae", 
                            "count": 483, 
                            "value": 84538.0
                        }, 
                        {
                            "name": "Freddie Mac", 
                            "count": 136, 
                            "value": 21033.0
                        }, 
                        {
                            "name": "Farmer Mac", 
                            "count": 0, 
                            "value": 0
                        }, 
                        {
                            "name": "Private Securitization", 
                            "count": 1, 
                            "value": 78.0
                        }, 
                        {
                            "name": "Commercial bank, savings bank or association", 
                            "count": 258, 
                            "value": 43502.0
                        }, 
                        {
                            "name": "Life insurance co., credit union, finance co.", 
                            "count": 141, 
                            "value": 24033.0
                        }, 
                        {
                            "name": "Affiliate institution", 
                            "count": 42, 
                            "value": 5328.0
                        }, 
                        {
                            "name": "Other", 
                            "count": 1895, 
                            "value": 277729.0
                        }
                    ]
                }, 
                {
                    "race": "No co-applicant", 
                    "purchasers": [
                        {
                            "name": "Fannie Mae", 
                            "count": 0, 
                            "value": 0
                        }, 
                        {
                            "name": "Ginnie Mae", 
                            "count": 0, 
                            "value": 0
                        }, 
                        {
                            "name": "Freddie Mac", 
                            "count": 0, 
                            "value": 0
                        }, 
                        {
                            "name": "Farmer Mac", 
                            "count": 0, 
                            "value": 0
                        }, 
                        {
                            "name": "Private Securitization", 
                            "count": 0, 
                            "value": 0
                        }, 
                        {
                            "name": "Commercial bank, savings bank or association", 
                            "count": 0, 
                            "value": 0
                        }, 
                        {
                            "name": "Life insurance co., credit union, finance co.", 
                            "count": 0, 
                            "value": 0
                        }, 
                        {
                            "name": "Affiliate institution", 
                            "count": 0, 
                            "value": 0
                        }, 
                        {
                            "name": "Other", 
                            "count": 0, 
                            "value": 0
                        }
                    ]
                }
            ]
        }, 
        {
            "characteristic": "Ethnicity", 
            "ethnicities": [
                {
                    "ethnicitie": "Hispanic or Latino", 
                    "purchasers": [
                        {
                            "name": "Fannie Mae", 
                            "count": 11, 
                            "value": 1716
                        }, 
                        {
                            "name": "Ginnie Mae", 
                            "count": 15, 
                            "value": 2829
                        }, 
                        {
                            "name": "Freddie Mac", 
                            "count": 6, 
                            "value": 944
                        }, 
                        {
                            "name": "Farmer Mac", 
                            "count": 0, 
                            "value": 0
                        }, 
                        {
                            "name": "Private Securitization", 
                            "count": 0, 
                            "value": 0
                        }, 
                        {
                            "name": "Commercial bank, savings bank or association", 
                            "count": 10, 
                            "value": 2127
                        }, 
                        {
                            "name": "Life insurance co., credit union, finance co.", 
                            "count": 4, 
                            "value": 429
                        }, 
                        {
                            "name": "Affiliate institution", 
                            "count": 1, 
                            "value": 210
                        }, 
                        {
                            "name": "Other", 
                            "count": 92, 
                            "value": 11248
                        }
                    ]
                }, 
                {
                    "ethnicitie": "Not Hispanic or Latino", 
                    "purchasers": [
                        {
                            "name": "Fannie Mae", 
                            "count": 1213, 
                            "value": 215227
                        }, 
                        {
                            "name": "Ginnie Mae", 
                            "count": 853, 
                            "value": 167546
                        }, 
                        {
                            "name": "Freddie Mac", 
                            "count": 286, 
                            "value": 50726
                        }, 
                        {
                            "name": "Farmer Mac", 
                            "count": 0, 
                            "value": 0
                        }, 
                        {
                            "name": "Private Securitization", 
                            "count": 1, 
                            "value": 78
                        }, 
                        {
                            "name": "Commercial bank, savings bank or association", 
                            "count": 555, 
                            "value": 107946
                        }, 
                        {
                            "name": "Life insurance co., credit union, finance co.", 
                            "count": 291, 
                            "value": 55469
                        }, 
                        {
                            "name": "Affiliate institution", 
                            "count": 70, 
                            "value": 10267
                        }, 
                        {
                            "name": "Other", 
                            "count": 3020, 
                            "value": 455856
                        }
                    ]
                }, 
                {
                    "ethnicitie": "Not provided", 
                    "purchasers": [
                        {
                            "name": "Fannie Mae", 
                            "count": 60, 
                            "value": 9433
                        }, 
                        {
                            "name": "Ginnie Mae", 
                            "count": 61, 
                            "value": 11562
                        }, 
                        {
                            "name": "Freddie Mac", 
                            "count": 15, 
                            "value": 2345
                        }, 
                        {
                            "name": "Farmer Mac", 
                            "count": 0, 
                            "value": 0
                        }, 
                        {
                            "name": "Private Securitization", 
                            "count": 0, 
                            "value": 0
                        }, 
                        {
                            "name": "Commercial bank, savings bank or association", 
                            "count": 39, 
                            "value": 7616
                        }, 
                        {
                            "name": "Life insurance co., credit union, finance co.", 
                            "count": 15, 
                            "value": 2773
                        }, 
                        {
                            "name": "Affiliate institution", 
                            "count": 6, 
                            "value": 755
                        }, 
                        {
                            "name": "Other", 
                            "count": 247, 
                            "value": 31910
                        }
                    ]
                }, 
                {
                    "ethnicitie": "Not applicable", 
                    "purchasers": [
                        {
                            "name": "Fannie Mae", 
                            "count": 209, 
                            "value": 34876
                        }, 
                        {
                            "name": "Ginnie Mae", 
                            "count": 371, 
                            "value": 76041
                        }, 
                        {
                            "name": "Freddie Mac", 
                            "count": 211, 
                            "value": 37930
                        }, 
                        {
                            "name": "Farmer Mac", 
                            "count": 0, 
                            "value": 0
                        }, 
                        {
                            "name": "Private Securitization", 
                            "count": 2, 
                            "value": 261
                        }, 
                        {
                            "name": "Commercial bank, savings bank or association", 
                            "count": 26, 
                            "value": 5209
                        }, 
                        {
                            "name": "Life insurance co., credit union, finance co.", 
                            "count": 23, 
                            "value": 4200
                        }, 
                        {
                            "name": "Affiliate institution", 
                            "count": 22, 
                            "value": 3668
                        }, 
                        {
                            "name": "Other", 
                            "count": 607, 
                            "value": 117037
                        }
                    ]
                }, 
                {
                    "ethnicitie": "No co-applicant", 
                    "purchasers": [
                        {
                            "name": "Fannie Mae", 
                            "count": 0, 
                            "value": 0
                        }, 
                        {
                            "name": "Ginnie Mae", 
                            "count": 0, 
                            "value": 0
                        }, 
                        {
                            "name": "Freddie Mac", 
                            "count": 0, 
                            "value": 0
                        }, 
                        {
                            "name": "Farmer Mac", 
                            "count": 0, 
                            "value": 0
                        }, 
                        {
                            "name": "Private Securitization", 
                            "count": 0, 
                            "value": 0
                        }, 
                        {
                            "name": "Commercial bank, savings bank or association", 
                            "count": 0, 
                            "value": 0
                        }, 
                        {
                            "name": "Life insurance co., credit union, finance co.", 
                            "count": 0, 
                            "value": 0
                        }, 
                        {
                            "name": "Affiliate institution", 
                            "count": 0, 
                            "value": 0
                        }, 
                        {
                            "name": "Other", 
                            "count": 0, 
                            "value": 0
                        }
                    ]
                }
            ]
        }, 
        {
            "characteristic": "Minority Status", 
            "minoritystatuses": [
                {
                    "minoritystatuse": "White Non-Hispanic", 
                    "purchasers": [
                        {
                            "name": "Fannie Mae", 
                            "count": 1399, 
                            "value": 245993
                        }, 
                        {
                            "name": "Ginnie Mae", 
                            "count": 1193, 
                            "value": 237416
                        }, 
                        {
                            "name": "Freddie Mac", 
                            "count": 483, 
                            "value": 86175
                        }, 
                        {
                            "name": "Farmer Mac", 
                            "count": 0, 
                            "value": 0
                        }, 
                        {
                            "name": "Private Securitization", 
                            "count": 3, 
                            "value": 339
                        }, 
                        {
                            "name": "Commercial bank, savings bank or association", 
                            "count": 559, 
                            "value": 108454
                        }, 
                        {
                            "name": "Life insurance co., credit union, finance co.", 
                            "count": 302, 
                            "value": 57339
                        }, 
                        {
                            "name": "Affiliate institution", 
                            "count": 89, 
                            "value": 13528
                        }, 
                        {
                            "name": "Other", 
                            "count": 3544, 
                            "value": 559863
                        }
                    ]
                }, 
                {
                    "minoritystatuse": "Others, Including Hispanic", 
                    "purchasers": [
                        {
                            "name": "Fannie Mae", 
                            "count": 94, 
                            "value": 15259
                        }, 
                        {
                            "name": "Ginnie Mae", 
                            "count": 107, 
                            "value": 20562
                        }, 
                        {
                            "name": "Freddie Mac", 
                            "count": 35, 
                            "value": 5770
                        }, 
                        {
                            "name": "Farmer Mac", 
                            "count": 0, 
                            "value": 0
                        }, 
                        {
                            "name": "Private Securitization", 
                            "count": 0, 
                            "value": 0
                        }, 
                        {
                            "name": "Commercial bank, savings bank or association", 
                            "count": 71, 
                            "value": 14444
                        }, 
                        {
                            "name": "Life insurance co., credit union, finance co.", 
                            "count": 31, 
                            "value": 5532
                        }, 
                        {
                            "name": "Affiliate institution", 
                            "count": 10, 
                            "value": 1372
                        }, 
                        {
                            "name": "Other", 
                            "count": 422, 
                            "value": 56188
                        }
                    ]
                }
            ]
        }, 
        {
            "characteristic": "Applicant Income", 
            "applicantincomes": [
                {
                    "applicantincome": "Less than 50% of MSA/MD median", 
                    "purchasers": [
                        {
                            "name": "Fannie Mae", 
                            "count": 102, 
                            "value": 10016
                        }, 
                        {
                            "name": "Ginnie Mae", 
                            "count": 38, 
                            "value": 4778
                        }, 
                        {
                            "name": "Freddie Mac", 
                            "count": 22, 
                            "value": 2094
                        }, 
                        {
                            "name": "Farmer Mac", 
                            "count": 0, 
                            "value": 0
                        }, 
                        {
                            "name": "Private Securitization", 
                            "count": 0, 
                            "value": 0
                        }, 
                        {
                            "name": "Commercial bank, savings bank or association", 
                            "count": 32, 
                            "value": 3870
                        }, 
                        {
                            "name": "Life insurance co., credit union, finance co.", 
                            "count": 16, 
                            "value": 1646
                        }, 
                        {
                            "name": "Affiliate institution", 
                            "count": 6, 
                            "value": 394
                        }, 
                        {
                            "name": "Other", 
                            "count": 381, 
                            "value": 33411
                        }
                    ]
                }, 
                {
                    "applicantincome": "50-79% of MSA/MD median", 
                    "purchasers": [
                        {
                            "name": "Fannie Mae", 
                            "count": 219, 
                            "value": 29026
                        }, 
                        {
                            "name": "Ginnie Mae", 
                            "count": 175, 
                            "value": 27659
                        }, 
                        {
                            "name": "Freddie Mac", 
                            "count": 34, 
                            "value": 4122
                        }, 
                        {
                            "name": "Farmer Mac", 
                            "count": 0, 
                            "value": 0
                        }, 
                        {
                            "name": "Private Securitization", 
                            "count": 1, 
                            "value": 171
                        }, 
                        {
                            "name": "Commercial bank, savings bank or association", 
                            "count": 88, 
                            "value": 12337
                        }, 
                        {
                            "name": "Life insurance co., credit union, finance co.", 
                            "count": 66, 
                            "value": 9643
                        }, 
                        {
                            "name": "Affiliate institution", 
                            "count": 8, 
                            "value": 1083
                        }, 
                        {
                            "name": "Other", 
                            "count": 760, 
                            "value": 87137
                        }
                    ]
                }, 
                {
                    "applicantincome": "80-99% of MSA/MD median", 
                    "purchasers": [
                        {
                            "name": "Fannie Mae", 
                            "count": 205, 
                            "value": 30544
                        }, 
                        {
                            "name": "Ginnie Mae", 
                            "count": 154, 
                            "value": 29706
                        }, 
                        {
                            "name": "Freddie Mac", 
                            "count": 62, 
                            "value": 10072
                        }, 
                        {
                            "name": "Farmer Mac", 
                            "count": 0, 
                            "value": 0
                        }, 
                        {
                            "name": "Private Securitization", 
                            "count": 0, 
                            "value": 0
                        }, 
                        {
                            "name": "Commercial bank, savings bank or association", 
                            "count": 96, 
                            "value": 17004
                        }, 
                        {
                            "name": "Life insurance co., credit union, finance co.", 
                            "count": 40, 
                            "value": 6061
                        }, 
                        {
                            "name": "Affiliate institution", 
                            "count": 14, 
                            "value": 2163
                        }, 
                        {
                            "name": "Other", 
                            "count": 518, 
                            "value": 71111
                        }
                    ]
                }, 
                {
                    "applicantincome": "100-119% of MSA/MD median", 
                    "purchasers": [
                        {
                            "name": "Fannie Mae", 
                            "count": 172, 
                            "value": 28575
                        }, 
                        {
                            "name": "Ginnie Mae", 
                            "count": 99, 
                            "value": 19885
                        }, 
                        {
                            "name": "Freddie Mac", 
                            "count": 53, 
                            "value": 9227
                        }, 
                        {
                            "name": "Farmer Mac", 
                            "count": 0, 
                            "value": 0
                        }, 
                        {
                            "name": "Private Securitization", 
                            "count": 0, 
                            "value": 0
                        }, 
                        {
                            "name": "Commercial bank, savings bank or association", 
                            "count": 76, 
                            "value": 14468
                        }, 
                        {
                            "name": "Life insurance co., credit union, finance co.", 
                            "count": 32, 
                            "value": 5404
                        }, 
                        {
                            "name": "Affiliate institution", 
                            "count": 12, 
                            "value": 1469
                        }, 
                        {
                            "name": "Other", 
                            "count": 409, 
                            "value": 58948
                        }
                    ]
                }, 
                {
                    "applicantincome": "120% or more of MSA/MD median", 
                    "purchasers": [
                        {
                            "name": "Fannie Mae", 
                            "count": 685, 
                            "value": 144145
                        }, 
                        {
                            "name": "Ginnie Mae", 
                            "count": 218, 
                            "value": 51924
                        }, 
                        {
                            "name": "Freddie Mac", 
                            "count": 183, 
                            "value": 34640
                        }, 
                        {
                            "name": "Farmer Mac", 
                            "count": 0, 
                            "value": 0
                        }, 
                        {
                            "name": "Private Securitization", 
                            "count": 2, 
                            "value": 168
                        }, 
                        {
                            "name": "Commercial bank, savings bank or association", 
                            "count": 258, 
                            "value": 58508
                        }, 
                        {
                            "name": "Life insurance co., credit union, finance co.", 
                            "count": 143, 
                            "value": 31969
                        }, 
                        {
                            "name": "Affiliate institution", 
                            "count": 46, 
                            "value": 7012
                        }, 
                        {
                            "name": "Other", 
                            "count": 1251, 
                            "value": 219641
                        }
                    ]
                }, 
                {
                    "applicantincome": "income not available", 
                    "purchasers": [
                        {
                            "name": "Fannie Mae", 
                            "count": 110, 
                            "value": 18946
                        }, 
                        {
                            "name": "Ginnie Mae", 
                            "count": 616, 
                            "value": 124026
                        }, 
                        {
                            "name": "Freddie Mac", 
                            "count": 164, 
                            "value": 31790
                        }, 
                        {
                            "name": "Farmer Mac", 
                            "count": 0, 
                            "value": 0
                        }, 
                        {
                            "name": "Private Securitization", 
                            "count": 0, 
                            "value": 0
                        }, 
                        {
                            "name": "Commercial bank, savings bank or association", 
                            "count": 80, 
                            "value": 16711
                        }, 
                        {
                            "name": "Life insurance co., credit union, finance co.", 
                            "count": 36, 
                            "value": 8148
                        }, 
                        {
                            "name": "Affiliate institution", 
                            "count": 13, 
                            "value": 2779
                        }, 
                        {
                            "name": "Other", 
                            "count": 647, 
                            "value": 145803
                        }
                    ]
                }
            ]
        }
    ], 
    "censuscharacteristics": [
        {
            "characteristic": "Racial/Ethnic Composition", 
            "tractpctminority": [
                {
                    "tractpctminorit": "Less than 10% minority", 
                    "purchasers": [
                        {
                            "name": "Fannie Mae", 
                            "count": 260, 
                            "value": 60754
                        }, 
                        {
                            "name": "Ginnie Mae", 
                            "count": 188, 
                            "value": 49694
                        }, 
                        {
                            "name": "Freddie Mac", 
                            "count": 98, 
                            "value": 24253
                        }, 
                        {
                            "name": "Farmer Mac", 
                            "count": 0, 
                            "value": 0
                        }, 
                        {
                            "name": "Private Securitization", 
                            "count": 0, 
                            "value": 0
                        }, 
                        {
                            "name": "Commercial bank, savings bank or association", 
                            "count": 116, 
                            "value": 29775
                        }, 
                        {
                            "name": "Life insurance co., credit union, finance co.", 
                            "count": 52, 
                            "value": 14106
                        }, 
                        {
                            "name": "Affiliate institution", 
                            "count": 13, 
                            "value": 3286
                        }, 
                        {
                            "name": "Other", 
                            "count": 573, 
                            "value": 119891
                        }
                    ]
                }, 
                {
                    "tractpctminorit": "10-19% minority", 
                    "purchasers": [
                        {
                            "name": "Fannie Mae", 
                            "count": 1233, 
                            "value": 200498
                        }, 
                        {
                            "name": "Ginnie Mae", 
                            "count": 1112, 
                            "value": 208284
                        }, 
                        {
                            "name": "Freddie Mac", 
                            "count": 420, 
                            "value": 67692
                        }, 
                        {
                            "name": "Farmer Mac", 
                            "count": 0, 
                            "value": 0
                        }, 
                        {
                            "name": "Private Securitization", 
                            "count": 3, 
                            "value": 339
                        }, 
                        {
                            "name": "Commercial bank, savings bank or association", 
                            "count": 514, 
                            "value": 93123
                        }, 
                        {
                            "name": "Life insurance co., credit union, finance co.", 
                            "count": 281, 
                            "value": 48765
                        }, 
                        {
                            "name": "Affiliate institution", 
                            "count": 86, 
                            "value": 11614
                        }, 
                        {
                            "name": "Other", 
                            "count": 3393, 
                            "value": 496160
                        }
                    ]
                }, 
                {
                    "tractpctminorit": "20-49% minority", 
                    "purchasers": [
                        {
                            "name": "Fannie Mae", 
                            "count": 0, 
                            "value": 0
                        }, 
                        {
                            "name": "Ginnie Mae", 
                            "count": 0, 
                            "value": 0
                        }, 
                        {
                            "name": "Freddie Mac", 
                            "count": 0, 
                            "value": 0
                        }, 
                        {
                            "name": "Farmer Mac", 
                            "count": 0, 
                            "value": 0
                        }, 
                        {
                            "name": "Private Securitization", 
                            "count": 0, 
                            "value": 0
                        }, 
                        {
                            "name": "Commercial bank, savings bank or association", 
                            "count": 0, 
                            "value": 0
                        }, 
                        {
                            "name": "Life insurance co., credit union, finance co.", 
                            "count": 0, 
                            "value": 0
                        }, 
                        {
                            "name": "Affiliate institution", 
                            "count": 0, 
                            "value": 0
                        }, 
                        {
                            "name": "Other", 
                            "count": 0, 
                            "value": 0
                        }
                    ]
                }, 
                {
                    "tractpctminorit": "50-79% minority", 
                    "purchasers": [
                        {
                            "name": "Fannie Mae", 
                            "count": 0, 
                            "value": 0
                        }, 
                        {
                            "name": "Ginnie Mae", 
                            "count": 0, 
                            "value": 0
                        }, 
                        {
                            "name": "Freddie Mac", 
                            "count": 0, 
                            "value": 0
                        }, 
                        {
                            "name": "Farmer Mac", 
                            "count": 0, 
                            "value": 0
                        }, 
                        {
                            "name": "Private Securitization", 
                            "count": 0, 
                            "value": 0
                        }, 
                        {
                            "name": "Commercial bank, savings bank or association", 
                            "count": 0, 
                            "value": 0
                        }, 
                        {
                            "name": "Life insurance co., credit union, finance co.", 
                            "count": 0, 
                            "value": 0
                        }, 
                        {
                            "name": "Affiliate institution", 
                            "count": 0, 
                            "value": 0
                        }, 
                        {
                            "name": "Other", 
                            "count": 0, 
                            "value": 0
                        }
                    ]
                }, 
                {
                    "tractpctminorit": "80-100% minority", 
                    "purchasers": [
                        {
                            "name": "Fannie Mae", 
                            "count": 0, 
                            "value": 0
                        }, 
                        {
                            "name": "Ginnie Mae", 
                            "count": 0, 
                            "value": 0
                        }, 
                        {
                            "name": "Freddie Mac", 
                            "count": 0, 
                            "value": 0
                        }, 
                        {
                            "name": "Farmer Mac", 
                            "count": 0, 
                            "value": 0
                        }, 
                        {
                            "name": "Private Securitization", 
                            "count": 0, 
                            "value": 0
                        }, 
                        {
                            "name": "Commercial bank, savings bank or association", 
                            "count": 0, 
                            "value": 0
                        }, 
                        {
                            "name": "Life insurance co., credit union, finance co.", 
                            "count": 0, 
                            "value": 0
                        }, 
                        {
                            "name": "Affiliate institution", 
                            "count": 0, 
                            "value": 0
                        }, 
                        {
                            "name": "Other", 
                            "count": 0, 
                            "value": 0
                        }
                    ]
                }
            ]
        }, 
        {
            "characteristic": "Income", 
            "incomelevel": [
                {
                    "incomeleve": "Low income", 
                    "purchasers": [
                        {
                            "name": "Fannie Mae", 
                            "count": 0, 
                            "value": 0
                        }, 
                        {
                            "name": "Ginnie Mae", 
                            "count": 0, 
                            "value": 0
                        }, 
                        {
                            "name": "Freddie Mac", 
                            "count": 0, 
                            "value": 0
                        }, 
                        {
                            "name": "Farmer Mac", 
                            "count": 0, 
                            "value": 0
                        }, 
                        {
                            "name": "Private Securitization", 
                            "count": 0, 
                            "value": 0
                        }, 
                        {
                            "name": "Commercial bank, savings bank or association", 
                            "count": 0, 
                            "value": 0
                        }, 
                        {
                            "name": "Life insurance co., credit union, finance co.", 
                            "count": 0, 
                            "value": 0
                        }, 
                        {
                            "name": "Affiliate institution", 
                            "count": 0, 
                            "value": 0
                        }, 
                        {
                            "name": "Other", 
                            "count": 0, 
                            "value": 0
                        }
                    ]
                }, 
                {
                    "incomeleve": "Moderate income", 
                    "purchasers": [
                        {
                            "name": "Fannie Mae", 
                            "count": 197, 
                            "value": 23327
                        }, 
                        {
                            "name": "Ginnie Mae", 
                            "count": 170, 
                            "value": 25400
                        }, 
                        {
                            "name": "Freddie Mac", 
                            "count": 53, 
                            "value": 6692
                        }, 
                        {
                            "name": "Farmer Mac", 
                            "count": 0, 
                            "value": 0
                        }, 
                        {
                            "name": "Private Securitization", 
                            "count": 0, 
                            "value": 0
                        }, 
                        {
                            "name": "Commercial bank, savings bank or association", 
                            "count": 59, 
                            "value": 8195
                        }, 
                        {
                            "name": "Life insurance co., credit union, finance co.", 
                            "count": 43, 
                            "value": 5400
                        }, 
                        {
                            "name": "Affiliate institution", 
                            "count": 14, 
                            "value": 1586
                        }, 
                        {
                            "name": "Other", 
                            "count": 663, 
                            "value": 74178
                        }
                    ]
                }, 
                {
                    "incomeleve": "Middle income", 
                    "purchasers": [
                        {
                            "name": "Fannie Mae", 
                            "count": 623, 
                            "value": 94601
                        }, 
                        {
                            "name": "Ginnie Mae", 
                            "count": 700, 
                            "value": 130183
                        }, 
                        {
                            "name": "Freddie Mac", 
                            "count": 219, 
                            "value": 33166
                        }, 
                        {
                            "name": "Farmer Mac", 
                            "count": 0, 
                            "value": 0
                        }, 
                        {
                            "name": "Private Securitization", 
                            "count": 2, 
                            "value": 168
                        }, 
                        {
                            "name": "Commercial bank, savings bank or association", 
                            "count": 289, 
                            "value": 50884
                        }, 
                        {
                            "name": "Life insurance co., credit union, finance co.", 
                            "count": 161, 
                            "value": 27278
                        }, 
                        {
                            "name": "Affiliate institution", 
                            "count": 58, 
                            "value": 7910
                        }, 
                        {
                            "name": "Other", 
                            "count": 1938, 
                            "value": 266701
                        }
                    ]
                }, 
                {
                    "incomeleve": "Upper income", 
                    "purchasers": [
                        {
                            "name": "Fannie Mae", 
                            "count": 673, 
                            "value": 143324
                        }, 
                        {
                            "name": "Ginnie Mae", 
                            "count": 430, 
                            "value": 102395
                        }, 
                        {
                            "name": "Freddie Mac", 
                            "count": 246, 
                            "value": 52087
                        }, 
                        {
                            "name": "Farmer Mac", 
                            "count": 0, 
                            "value": 0
                        }, 
                        {
                            "name": "Private Securitization", 
                            "count": 1, 
                            "value": 171
                        }, 
                        {
                            "name": "Commercial bank, savings bank or association", 
                            "count": 282, 
                            "value": 63819
                        }, 
                        {
                            "name": "Life insurance co., credit union, finance co.", 
                            "count": 129, 
                            "value": 30193
                        }, 
                        {
                            "name": "Affiliate institution", 
                            "count": 27, 
                            "value": 5404
                        }, 
                        {
                            "name": "Other", 
                            "count": 1365, 
                            "value": 275172
                        }
                    ]
                }
            ]
        }
    ], 
    "total": {
        "purchasers": [
            {
                "name": "Fannie Mae", 
                "count": 1493, 
                "value": 261252
            }, 
            {
                "name": "Ginnie Mae", 
                "count": 1300, 
                "value": 257978
            }, 
            {
                "name": "Freddie Mac", 
                "count": 518, 
                "value": 91945
            }, 
            {
                "name": "Farmer Mac", 
                "count": 0, 
                "value": 0
            }, 
            {
                "name": "Private Securitization", 
                "count": 3, 
                "value": 339
            }, 
            {
                "name": "Commercial bank, savings bank or association", 
                "count": 630, 
                "value": 122898
            }, 
            {
                "name": "Life insurance co., credit union, finance co.", 
                "count": 333, 
                "value": 62871
            }, 
            {
                "name": "Affiliate institution", 
                "count": 99, 
                "value": 14900
            }, 
            {
                "name": "Other", 
                "count": 3966, 
                "value": 616051
            }
        ]
    }
}