{
    "table": "3-1", 
    "type": "Aggregate", 
    "desc": "Loans sold, by characteristics of borrower and census tract in which property is located and by type of purchaser (includes originations and purchased loans),", 
    "year": "2012", 
    "msa": {
        "id": "42340", 
        "name": "Savannah", 
        "state": "GA", 
        "state_name": "Georgia"
    }, 
    "borrowercharacteristics": [
        {
            "characteristic": "Race", 
            "races": [
                {
                    "race": "American Indian/Alaska Native", 
                    "purchasers": [
                        {
                            "name": "Fannie Mae", 
                            "count": 9, 
                            "value": 1420.0
                        }, 
                        {
                            "name": "Ginnie Mae", 
                            "count": 5, 
                            "value": 791.0
                        }, 
                        {
                            "name": "Freddie Mac", 
                            "count": 2, 
                            "value": 190.0
                        }, 
                        {
                            "name": "Farmer Mac", 
                            "count": 0, 
                            "value": 0
                        }, 
                        {
                            "name": "Private Securitization", 
                            "count": 1, 
                            "value": 65.0
                        }, 
                        {
                            "name": "Commercial bank, savings bank or association", 
                            "count": 4, 
                            "value": 828.0
                        }, 
                        {
                            "name": "Life insurance co., credit union, finance co.", 
                            "count": 2, 
                            "value": 327.0
                        }, 
                        {
                            "name": "Affiliate institution", 
                            "count": 1, 
                            "value": 291.0
                        }, 
                        {
                            "name": "Other", 
                            "count": 27, 
                            "value": 4547.0
                        }
                    ]
                }, 
                {
                    "race": "Asian", 
                    "purchasers": [
                        {
                            "name": "Fannie Mae", 
                            "count": 1, 
                            "value": 84.0
                        }, 
                        {
                            "name": "Ginnie Mae", 
                            "count": 6, 
                            "value": 1170.0
                        }, 
                        {
                            "name": "Freddie Mac", 
                            "count": 2, 
                            "value": 507.0
                        }, 
                        {
                            "name": "Farmer Mac", 
                            "count": 0, 
                            "value": 0
                        }, 
                        {
                            "name": "Private Securitization", 
                            "count": 0, 
                            "value": 0
                        }, 
                        {
                            "name": "Commercial bank, savings bank or association", 
                            "count": 1, 
                            "value": 167.0
                        }, 
                        {
                            "name": "Life insurance co., credit union, finance co.", 
                            "count": 0, 
                            "value": 0
                        }, 
                        {
                            "name": "Affiliate institution", 
                            "count": 0, 
                            "value": 0
                        }, 
                        {
                            "name": "Other", 
                            "count": 17, 
                            "value": 2643.0
                        }
                    ]
                }, 
                {
                    "race": "Black or African American", 
                    "purchasers": [
                        {
                            "name": "Fannie Mae", 
                            "count": 53, 
                            "value": 8828.0
                        }, 
                        {
                            "name": "Ginnie Mae", 
                            "count": 29, 
                            "value": 5131.0
                        }, 
                        {
                            "name": "Freddie Mac", 
                            "count": 32, 
                            "value": 5975.0
                        }, 
                        {
                            "name": "Farmer Mac", 
                            "count": 0, 
                            "value": 0
                        }, 
                        {
                            "name": "Private Securitization", 
                            "count": 2, 
                            "value": 540.0
                        }, 
                        {
                            "name": "Commercial bank, savings bank or association", 
                            "count": 36, 
                            "value": 5992.0
                        }, 
                        {
                            "name": "Life insurance co., credit union, finance co.", 
                            "count": 7, 
                            "value": 1473.0
                        }, 
                        {
                            "name": "Affiliate institution", 
                            "count": 2, 
                            "value": 283.0
                        }, 
                        {
                            "name": "Other", 
                            "count": 151, 
                            "value": 27199.0
                        }
                    ]
                }, 
                {
                    "race": "Native Hawaiian or Other Pacific Islander", 
                    "purchasers": [
                        {
                            "name": "Fannie Mae", 
                            "count": 205, 
                            "value": 25951.0
                        }, 
                        {
                            "name": "Ginnie Mae", 
                            "count": 663, 
                            "value": 109820.0
                        }, 
                        {
                            "name": "Freddie Mac", 
                            "count": 79, 
                            "value": 10514.0
                        }, 
                        {
                            "name": "Farmer Mac", 
                            "count": 0, 
                            "value": 0
                        }, 
                        {
                            "name": "Private Securitization", 
                            "count": 9, 
                            "value": 1462.0
                        }, 
                        {
                            "name": "Commercial bank, savings bank or association", 
                            "count": 312, 
                            "value": 49910.0
                        }, 
                        {
                            "name": "Life insurance co., credit union, finance co.", 
                            "count": 44, 
                            "value": 7126.0
                        }, 
                        {
                            "name": "Affiliate institution", 
                            "count": 12, 
                            "value": 2075.0
                        }, 
                        {
                            "name": "Other", 
                            "count": 1467, 
                            "value": 176531.0
                        }
                    ]
                }, 
                {
                    "race": "White", 
                    "purchasers": [
                        {
                            "name": "Fannie Mae", 
                            "count": 3, 
                            "value": 409.0
                        }, 
                        {
                            "name": "Ginnie Mae", 
                            "count": 8, 
                            "value": 1346.0
                        }, 
                        {
                            "name": "Freddie Mac", 
                            "count": 1, 
                            "value": 403.0
                        }, 
                        {
                            "name": "Farmer Mac", 
                            "count": 0, 
                            "value": 0
                        }, 
                        {
                            "name": "Private Securitization", 
                            "count": 1, 
                            "value": 159.0
                        }, 
                        {
                            "name": "Commercial bank, savings bank or association", 
                            "count": 2, 
                            "value": 328.0
                        }, 
                        {
                            "name": "Life insurance co., credit union, finance co.", 
                            "count": 0, 
                            "value": 0
                        }, 
                        {
                            "name": "Affiliate institution", 
                            "count": 2, 
                            "value": 267.0
                        }, 
                        {
                            "name": "Other", 
                            "count": 28, 
                            "value": 4471.0
                        }
                    ]
                }, 
                {
                    "race": "2 or more minority races", 
                    "purchasers": [
                        {
                            "name": "Fannie Mae", 
                            "count": 2164, 
                            "value": 383594.0
                        }, 
                        {
                            "name": "Ginnie Mae", 
                            "count": 2391, 
                            "value": 419979.0
                        }, 
                        {
                            "name": "Freddie Mac", 
                            "count": 1083, 
                            "value": 198988.0
                        }, 
                        {
                            "name": "Farmer Mac", 
                            "count": 0, 
                            "value": 0
                        }, 
                        {
                            "name": "Private Securitization", 
                            "count": 78, 
                            "value": 16561.0
                        }, 
                        {
                            "name": "Commercial bank, savings bank or association", 
                            "count": 1909, 
                            "value": 355183.0
                        }, 
                        {
                            "name": "Life insurance co., credit union, finance co.", 
                            "count": 301, 
                            "value": 56604.0
                        }, 
                        {
                            "name": "Affiliate institution", 
                            "count": 148, 
                            "value": 30348.0
                        }, 
                        {
                            "name": "Other", 
                            "count": 6180, 
                            "value": 1152288.0
                        }
                    ]
                }, 
                {
                    "race": "Joint (White/Minority Race", 
                    "purchasers": [
                        {
                            "name": "Fannie Mae", 
                            "count": 22, 
                            "value": 4243.0
                        }, 
                        {
                            "name": "Ginnie Mae", 
                            "count": 50, 
                            "value": 9917.0
                        }, 
                        {
                            "name": "Freddie Mac", 
                            "count": 15, 
                            "value": 2638.0
                        }, 
                        {
                            "name": "Farmer Mac", 
                            "count": 0, 
                            "value": 0
                        }, 
                        {
                            "name": "Private Securitization", 
                            "count": 1, 
                            "value": 158.0
                        }, 
                        {
                            "name": "Commercial bank, savings bank or association", 
                            "count": 26, 
                            "value": 5196.0
                        }, 
                        {
                            "name": "Life insurance co., credit union, finance co.", 
                            "count": 8, 
                            "value": 1253.0
                        }, 
                        {
                            "name": "Affiliate institution", 
                            "count": 6, 
                            "value": 1276.0
                        }, 
                        {
                            "name": "Other", 
                            "count": 105, 
                            "value": 17460.0
                        }
                    ]
                }, 
                {
                    "race": "Not Available", 
                    "purchasers": [
                        {
                            "name": "Fannie Mae", 
                            "count": 522, 
                            "value": 114892.0
                        }, 
                        {
                            "name": "Ginnie Mae", 
                            "count": 630, 
                            "value": 118884.0
                        }, 
                        {
                            "name": "Freddie Mac", 
                            "count": 445, 
                            "value": 98402.0
                        }, 
                        {
                            "name": "Farmer Mac", 
                            "count": 0, 
                            "value": 0
                        }, 
                        {
                            "name": "Private Securitization", 
                            "count": 98, 
                            "value": 22553.0
                        }, 
                        {
                            "name": "Commercial bank, savings bank or association", 
                            "count": 106, 
                            "value": 19870.0
                        }, 
                        {
                            "name": "Life insurance co., credit union, finance co.", 
                            "count": 27, 
                            "value": 4986.0
                        }, 
                        {
                            "name": "Affiliate institution", 
                            "count": 94, 
                            "value": 19406.0
                        }, 
                        {
                            "name": "Other", 
                            "count": 2207, 
                            "value": 619450.0
                        }
                    ]
                }
            ]
        }, 
        {
            "characteristic": "Ethnicity", 
            "ethnicities": [
                {
                    "ethnicity": "Hispanic or Latino", 
                    "purchasers": [
                        {
                            "name": "Fannie Mae", 
                            "count": 44, 
                            "value": 6481
                        }, 
                        {
                            "name": "Ginnie Mae", 
                            "count": 143, 
                            "value": 25940
                        }, 
                        {
                            "name": "Freddie Mac", 
                            "count": 21, 
                            "value": 3650
                        }, 
                        {
                            "name": "Farmer Mac", 
                            "count": 0, 
                            "value": 0
                        }, 
                        {
                            "name": "Private Securitization", 
                            "count": 3, 
                            "value": 675
                        }, 
                        {
                            "name": "Commercial bank, savings bank or association", 
                            "count": 60, 
                            "value": 10885
                        }, 
                        {
                            "name": "Life insurance co., credit union, finance co.", 
                            "count": 15, 
                            "value": 2535
                        }, 
                        {
                            "name": "Affiliate institution", 
                            "count": 5, 
                            "value": 975
                        }, 
                        {
                            "name": "Other", 
                            "count": 213, 
                            "value": 35495
                        }
                    ]
                }, 
                {
                    "ethnicity": "Not Hispanic or Latino", 
                    "purchasers": [
                        {
                            "name": "Fannie Mae", 
                            "count": 2380, 
                            "value": 412535
                        }, 
                        {
                            "name": "Ginnie Mae", 
                            "count": 3001, 
                            "value": 521605
                        }, 
                        {
                            "name": "Freddie Mac", 
                            "count": 1183, 
                            "value": 213695
                        }, 
                        {
                            "name": "Farmer Mac", 
                            "count": 0, 
                            "value": 0
                        }, 
                        {
                            "name": "Private Securitization", 
                            "count": 92, 
                            "value": 18896
                        }, 
                        {
                            "name": "Commercial bank, savings bank or association", 
                            "count": 2181, 
                            "value": 398776
                        }, 
                        {
                            "name": "Life insurance co., credit union, finance co.", 
                            "count": 338, 
                            "value": 62588
                        }, 
                        {
                            "name": "Affiliate institution", 
                            "count": 160, 
                            "value": 32928
                        }, 
                        {
                            "name": "Other", 
                            "count": 7706, 
                            "value": 1342122
                        }
                    ]
                }, 
                {
                    "ethnicity": "Joint (Hispanic or Latino/Not Hispanic or Latino", 
                    "purchasers": [
                        {
                            "name": "Fannie Mae", 
                            "count": 22, 
                            "value": 4120
                        }, 
                        {
                            "name": "Ginnie Mae", 
                            "count": 42, 
                            "value": 7963
                        }, 
                        {
                            "name": "Freddie Mac", 
                            "count": 8, 
                            "value": 1565
                        }, 
                        {
                            "name": "Farmer Mac", 
                            "count": 0, 
                            "value": 0
                        }, 
                        {
                            "name": "Private Securitization", 
                            "count": 0, 
                            "value": 0
                        }, 
                        {
                            "name": "Commercial bank, savings bank or association", 
                            "count": 20, 
                            "value": 3542
                        }, 
                        {
                            "name": "Life insurance co., credit union, finance co.", 
                            "count": 2, 
                            "value": 270
                        }, 
                        {
                            "name": "Affiliate institution", 
                            "count": 2, 
                            "value": 272
                        }, 
                        {
                            "name": "Other", 
                            "count": 71, 
                            "value": 12771
                        }
                    ]
                }, 
                {
                    "ethnicity": "Ethnicity Not Available", 
                    "purchasers": [
                        {
                            "name": "Fannie Mae", 
                            "count": 533, 
                            "value": 116285
                        }, 
                        {
                            "name": "Ginnie Mae", 
                            "count": 596, 
                            "value": 111530
                        }, 
                        {
                            "name": "Freddie Mac", 
                            "count": 447, 
                            "value": 98707
                        }, 
                        {
                            "name": "Farmer Mac", 
                            "count": 0, 
                            "value": 0
                        }, 
                        {
                            "name": "Private Securitization", 
                            "count": 95, 
                            "value": 21927
                        }, 
                        {
                            "name": "Commercial bank, savings bank or association", 
                            "count": 135, 
                            "value": 24271
                        }, 
                        {
                            "name": "Life insurance co., credit union, finance co.", 
                            "count": 34, 
                            "value": 6376
                        }, 
                        {
                            "name": "Affiliate institution", 
                            "count": 98, 
                            "value": 19771
                        }, 
                        {
                            "name": "Other", 
                            "count": 2192, 
                            "value": 614201
                        }
                    ]
                }
            ]
        }, 
        {
            "characteristic": "Minority Status", 
            "minoritystatuses": [
                {
                    "minoritystatus": "White Non-Hispanic", 
                    "purchasers": [
                        {
                            "name": "Fannie Mae", 
                            "count": 2629, 
                            "value": 489142
                        }, 
                        {
                            "name": "Ginnie Mae", 
                            "count": 2849, 
                            "value": 506947
                        }, 
                        {
                            "name": "Freddie Mac", 
                            "count": 1505, 
                            "value": 292916
                        }, 
                        {
                            "name": "Farmer Mac", 
                            "count": 0, 
                            "value": 0
                        }, 
                        {
                            "name": "Private Securitization", 
                            "count": 173, 
                            "value": 38439
                        }, 
                        {
                            "name": "Commercial bank, savings bank or association", 
                            "count": 1941, 
                            "value": 361622
                        }, 
                        {
                            "name": "Life insurance co., credit union, finance co.", 
                            "count": 311, 
                            "value": 58833
                        }, 
                        {
                            "name": "Affiliate institution", 
                            "count": 234, 
                            "value": 48434
                        }, 
                        {
                            "name": "Other", 
                            "count": 8149, 
                            "value": 1728371
                        }
                    ]
                }, 
                {
                    "minoritystatus": "Others, Including Hispanic", 
                    "purchasers": [
                        {
                            "name": "Fannie Mae", 
                            "count": 350, 
                            "value": 50279
                        }, 
                        {
                            "name": "Ginnie Mae", 
                            "count": 933, 
                            "value": 160091
                        }, 
                        {
                            "name": "Freddie Mac", 
                            "count": 154, 
                            "value": 24701
                        }, 
                        {
                            "name": "Farmer Mac", 
                            "count": 0, 
                            "value": 0
                        }, 
                        {
                            "name": "Private Securitization", 
                            "count": 17, 
                            "value": 3059
                        }, 
                        {
                            "name": "Commercial bank, savings bank or association", 
                            "count": 455, 
                            "value": 75852
                        }, 
                        {
                            "name": "Life insurance co., credit union, finance co.", 
                            "count": 78, 
                            "value": 12936
                        }, 
                        {
                            "name": "Affiliate institution", 
                            "count": 31, 
                            "value": 5512
                        }, 
                        {
                            "name": "Other", 
                            "count": 2033, 
                            "value": 276218
                        }
                    ]
                }
            ]
        }, 
        {
            "characteristic": "Applicant Income", 
            "applicantincomes": [
                {
                    "applicantincome": "Less than 50% of MSA/MD median", 
                    "purchasers": [
                        {
                            "name": "Fannie Mae", 
                            "count": 161, 
                            "value": 15917
                        }, 
                        {
                            "name": "Ginnie Mae", 
                            "count": 164, 
                            "value": 16008
                        }, 
                        {
                            "name": "Freddie Mac", 
                            "count": 71, 
                            "value": 6851
                        }, 
                        {
                            "name": "Farmer Mac", 
                            "count": 0, 
                            "value": 0
                        }, 
                        {
                            "name": "Private Securitization", 
                            "count": 6, 
                            "value": 656
                        }, 
                        {
                            "name": "Commercial bank, savings bank or association", 
                            "count": 138, 
                            "value": 12268
                        }, 
                        {
                            "name": "Life insurance co., credit union, finance co.", 
                            "count": 21, 
                            "value": 2044
                        }, 
                        {
                            "name": "Affiliate institution", 
                            "count": 10, 
                            "value": 716
                        }, 
                        {
                            "name": "Other", 
                            "count": 868, 
                            "value": 66679
                        }
                    ]
                }, 
                {
                    "applicantincome": "50-79% of MSA/MD median", 
                    "purchasers": [
                        {
                            "name": "Fannie Mae", 
                            "count": 318, 
                            "value": 37188
                        }, 
                        {
                            "name": "Ginnie Mae", 
                            "count": 560, 
                            "value": 73184
                        }, 
                        {
                            "name": "Freddie Mac", 
                            "count": 153, 
                            "value": 18859
                        }, 
                        {
                            "name": "Farmer Mac", 
                            "count": 0, 
                            "value": 0
                        }, 
                        {
                            "name": "Private Securitization", 
                            "count": 21, 
                            "value": 2912
                        }, 
                        {
                            "name": "Commercial bank, savings bank or association", 
                            "count": 456, 
                            "value": 59329
                        }, 
                        {
                            "name": "Life insurance co., credit union, finance co.", 
                            "count": 54, 
                            "value": 7185
                        }, 
                        {
                            "name": "Affiliate institution", 
                            "count": 24, 
                            "value": 2668
                        }, 
                        {
                            "name": "Other", 
                            "count": 1409, 
                            "value": 153222
                        }
                    ]
                }, 
                {
                    "applicantincome": "80-99% of MSA/MD median", 
                    "purchasers": [
                        {
                            "name": "Fannie Mae", 
                            "count": 323, 
                            "value": 43333
                        }, 
                        {
                            "name": "Ginnie Mae", 
                            "count": 442, 
                            "value": 71224
                        }, 
                        {
                            "name": "Freddie Mac", 
                            "count": 152, 
                            "value": 20919
                        }, 
                        {
                            "name": "Farmer Mac", 
                            "count": 0, 
                            "value": 0
                        }, 
                        {
                            "name": "Private Securitization", 
                            "count": 23, 
                            "value": 3936
                        }, 
                        {
                            "name": "Commercial bank, savings bank or association", 
                            "count": 354, 
                            "value": 55843
                        }, 
                        {
                            "name": "Life insurance co., credit union, finance co.", 
                            "count": 38, 
                            "value": 5768
                        }, 
                        {
                            "name": "Affiliate institution", 
                            "count": 21, 
                            "value": 2918
                        }, 
                        {
                            "name": "Other", 
                            "count": 994, 
                            "value": 126922
                        }
                    ]
                }, 
                {
                    "applicantincome": "100-119% of MSA/MD median", 
                    "purchasers": [
                        {
                            "name": "Fannie Mae", 
                            "count": 284, 
                            "value": 41787
                        }, 
                        {
                            "name": "Ginnie Mae", 
                            "count": 342, 
                            "value": 61775
                        }, 
                        {
                            "name": "Freddie Mac", 
                            "count": 141, 
                            "value": 20849
                        }, 
                        {
                            "name": "Farmer Mac", 
                            "count": 0, 
                            "value": 0
                        }, 
                        {
                            "name": "Private Securitization", 
                            "count": 20, 
                            "value": 4037
                        }, 
                        {
                            "name": "Commercial bank, savings bank or association", 
                            "count": 272, 
                            "value": 47886
                        }, 
                        {
                            "name": "Life insurance co., credit union, finance co.", 
                            "count": 41, 
                            "value": 6900
                        }, 
                        {
                            "name": "Affiliate institution", 
                            "count": 16, 
                            "value": 2491
                        }, 
                        {
                            "name": "Other", 
                            "count": 849, 
                            "value": 123020
                        }
                    ]
                }, 
                {
                    "applicantincome": "120% or more of MSA/MD median", 
                    "purchasers": [
                        {
                            "name": "Fannie Mae", 
                            "count": 1722, 
                            "value": 350392
                        }, 
                        {
                            "name": "Ginnie Mae", 
                            "count": 786, 
                            "value": 171146
                        }, 
                        {
                            "name": "Freddie Mac", 
                            "count": 836, 
                            "value": 176752
                        }, 
                        {
                            "name": "Farmer Mac", 
                            "count": 0, 
                            "value": 0
                        }, 
                        {
                            "name": "Private Securitization", 
                            "count": 120, 
                            "value": 29957
                        }, 
                        {
                            "name": "Commercial bank, savings bank or association", 
                            "count": 1022, 
                            "value": 232558
                        }, 
                        {
                            "name": "Life insurance co., credit union, finance co.", 
                            "count": 152, 
                            "value": 34514
                        }, 
                        {
                            "name": "Affiliate institution", 
                            "count": 154, 
                            "value": 37010
                        }, 
                        {
                            "name": "Other", 
                            "count": 4222, 
                            "value": 987594
                        }
                    ]
                }, 
                {
                    "applicantincome": "income not available", 
                    "purchasers": [
                        {
                            "name": "Fannie Mae", 
                            "count": 171, 
                            "value": 50804
                        }, 
                        {
                            "name": "Ginnie Mae", 
                            "count": 1488, 
                            "value": 273701
                        }, 
                        {
                            "name": "Freddie Mac", 
                            "count": 306, 
                            "value": 73387
                        }, 
                        {
                            "name": "Farmer Mac", 
                            "count": 0, 
                            "value": 0
                        }, 
                        {
                            "name": "Private Securitization", 
                            "count": 0, 
                            "value": 0
                        }, 
                        {
                            "name": "Commercial bank, savings bank or association", 
                            "count": 154, 
                            "value": 29590
                        }, 
                        {
                            "name": "Life insurance co., credit union, finance co.", 
                            "count": 83, 
                            "value": 15358
                        }, 
                        {
                            "name": "Affiliate institution", 
                            "count": 40, 
                            "value": 8143
                        }, 
                        {
                            "name": "Other", 
                            "count": 1840, 
                            "value": 547152
                        }
                    ]
                }
            ]
        }
    ], 
    "censuscharacteristics": [
        {
            "characteristic": "Racial/Ethnic Composition", 
            "tractpctminorities": [
                {
                    "tractpctminority": "Less than 10% minority", 
                    "purchasers": [
                        {
                            "name": "Fannie Mae", 
                            "count": 727, 
                            "value": 160215
                        }, 
                        {
                            "name": "Ginnie Mae", 
                            "count": 352, 
                            "value": 70567
                        }, 
                        {
                            "name": "Freddie Mac", 
                            "count": 409, 
                            "value": 94513
                        }, 
                        {
                            "name": "Farmer Mac", 
                            "count": 0, 
                            "value": 0
                        }, 
                        {
                            "name": "Private Securitization", 
                            "count": 71, 
                            "value": 17407
                        }, 
                        {
                            "name": "Commercial bank, savings bank or association", 
                            "count": 420, 
                            "value": 93638
                        }, 
                        {
                            "name": "Life insurance co., credit union, finance co.", 
                            "count": 64, 
                            "value": 14413
                        }, 
                        {
                            "name": "Affiliate institution", 
                            "count": 54, 
                            "value": 15000
                        }, 
                        {
                            "name": "Other", 
                            "count": 1653, 
                            "value": 413460
                        }
                    ]
                }, 
                {
                    "tractpctminority": "10-19% minority", 
                    "purchasers": [
                        {
                            "name": "Fannie Mae", 
                            "count": 1752, 
                            "value": 304224
                        }, 
                        {
                            "name": "Ginnie Mae", 
                            "count": 2763, 
                            "value": 501619
                        }, 
                        {
                            "name": "Freddie Mac", 
                            "count": 999, 
                            "value": 188245
                        }, 
                        {
                            "name": "Farmer Mac", 
                            "count": 0, 
                            "value": 0
                        }, 
                        {
                            "name": "Private Securitization", 
                            "count": 95, 
                            "value": 20126
                        }, 
                        {
                            "name": "Commercial bank, savings bank or association", 
                            "count": 1558, 
                            "value": 284740
                        }, 
                        {
                            "name": "Life insurance co., credit union, finance co.", 
                            "count": 255, 
                            "value": 47475
                        }, 
                        {
                            "name": "Affiliate institution", 
                            "count": 161, 
                            "value": 33051
                        }, 
                        {
                            "name": "Other", 
                            "count": 6143, 
                            "value": 1238275
                        }
                    ]
                }, 
                {
                    "tractpctminority": "20-49% minority", 
                    "purchasers": [
                        {
                            "name": "Fannie Mae", 
                            "count": 417, 
                            "value": 64586
                        }, 
                        {
                            "name": "Ginnie Mae", 
                            "count": 582, 
                            "value": 85055
                        }, 
                        {
                            "name": "Freddie Mac", 
                            "count": 209, 
                            "value": 29182
                        }, 
                        {
                            "name": "Farmer Mac", 
                            "count": 0, 
                            "value": 0
                        }, 
                        {
                            "name": "Private Securitization", 
                            "count": 18, 
                            "value": 2718
                        }, 
                        {
                            "name": "Commercial bank, savings bank or association", 
                            "count": 356, 
                            "value": 52584
                        }, 
                        {
                            "name": "Life insurance co., credit union, finance co.", 
                            "count": 65, 
                            "value": 9525
                        }, 
                        {
                            "name": "Affiliate institution", 
                            "count": 44, 
                            "value": 4870
                        }, 
                        {
                            "name": "Other", 
                            "count": 1855, 
                            "value": 300520
                        }
                    ]
                }, 
                {
                    "tractpctminority": "50-79% minority", 
                    "purchasers": [
                        {
                            "name": "Fannie Mae", 
                            "count": 83, 
                            "value": 10396
                        }, 
                        {
                            "name": "Ginnie Mae", 
                            "count": 85, 
                            "value": 9797
                        }, 
                        {
                            "name": "Freddie Mac", 
                            "count": 42, 
                            "value": 5677
                        }, 
                        {
                            "name": "Farmer Mac", 
                            "count": 0, 
                            "value": 0
                        }, 
                        {
                            "name": "Private Securitization", 
                            "count": 6, 
                            "value": 1247
                        }, 
                        {
                            "name": "Commercial bank, savings bank or association", 
                            "count": 62, 
                            "value": 6512
                        }, 
                        {
                            "name": "Life insurance co., credit union, finance co.", 
                            "count": 5, 
                            "value": 356
                        }, 
                        {
                            "name": "Affiliate institution", 
                            "count": 6, 
                            "value": 1025
                        }, 
                        {
                            "name": "Other", 
                            "count": 531, 
                            "value": 52334
                        }
                    ]
                }, 
                {
                    "tractpctminority": "80-100% minority", 
                    "purchasers": [
                        {
                            "name": "Fannie Mae", 
                            "count": 0, 
                            "value": 0
                        }, 
                        {
                            "name": "Ginnie Mae", 
                            "count": 0, 
                            "value": 0
                        }, 
                        {
                            "name": "Freddie Mac", 
                            "count": 0, 
                            "value": 0
                        }, 
                        {
                            "name": "Farmer Mac", 
                            "count": 0, 
                            "value": 0
                        }, 
                        {
                            "name": "Private Securitization", 
                            "count": 0, 
                            "value": 0
                        }, 
                        {
                            "name": "Commercial bank, savings bank or association", 
                            "count": 0, 
                            "value": 0
                        }, 
                        {
                            "name": "Life insurance co., credit union, finance co.", 
                            "count": 0, 
                            "value": 0
                        }, 
                        {
                            "name": "Affiliate institution", 
                            "count": 0, 
                            "value": 0
                        }, 
                        {
                            "name": "Other", 
                            "count": 0, 
                            "value": 0
                        }
                    ]
                }
            ]
        }, 
        {
            "characteristic": "Income", 
            "incomelevels": [
                {
                    "incomelevel": "Low income", 
                    "purchasers": [
                        {
                            "name": "Fannie Mae", 
                            "count": 78, 
                            "value": 11485
                        }, 
                        {
                            "name": "Ginnie Mae", 
                            "count": 47, 
                            "value": 6270
                        }, 
                        {
                            "name": "Freddie Mac", 
                            "count": 50, 
                            "value": 8673
                        }, 
                        {
                            "name": "Farmer Mac", 
                            "count": 0, 
                            "value": 0
                        }, 
                        {
                            "name": "Private Securitization", 
                            "count": 5, 
                            "value": 982
                        }, 
                        {
                            "name": "Commercial bank, savings bank or association", 
                            "count": 56, 
                            "value": 9013
                        }, 
                        {
                            "name": "Life insurance co., credit union, finance co.", 
                            "count": 4, 
                            "value": 492
                        }, 
                        {
                            "name": "Affiliate institution", 
                            "count": 6, 
                            "value": 1029
                        }, 
                        {
                            "name": "Other", 
                            "count": 368, 
                            "value": 56224
                        }
                    ]
                }, 
                {
                    "incomelevel": "Moderate income", 
                    "purchasers": [
                        {
                            "name": "Fannie Mae", 
                            "count": 239, 
                            "value": 39746
                        }, 
                        {
                            "name": "Ginnie Mae", 
                            "count": 260, 
                            "value": 31924
                        }, 
                        {
                            "name": "Freddie Mac", 
                            "count": 109, 
                            "value": 11708
                        }, 
                        {
                            "name": "Farmer Mac", 
                            "count": 0, 
                            "value": 0
                        }, 
                        {
                            "name": "Private Securitization", 
                            "count": 13, 
                            "value": 2037
                        }, 
                        {
                            "name": "Commercial bank, savings bank or association", 
                            "count": 176, 
                            "value": 21492
                        }, 
                        {
                            "name": "Life insurance co., credit union, finance co.", 
                            "count": 30, 
                            "value": 3408
                        }, 
                        {
                            "name": "Affiliate institution", 
                            "count": 33, 
                            "value": 3466
                        }, 
                        {
                            "name": "Other", 
                            "count": 1162, 
                            "value": 154592
                        }
                    ]
                }, 
                {
                    "incomelevel": "Middle income", 
                    "purchasers": [
                        {
                            "name": "Fannie Mae", 
                            "count": 993, 
                            "value": 169535
                        }, 
                        {
                            "name": "Ginnie Mae", 
                            "count": 1554, 
                            "value": 253271
                        }, 
                        {
                            "name": "Freddie Mac", 
                            "count": 544, 
                            "value": 94615
                        }, 
                        {
                            "name": "Farmer Mac", 
                            "count": 0, 
                            "value": 0
                        }, 
                        {
                            "name": "Private Securitization", 
                            "count": 52, 
                            "value": 11658
                        }, 
                        {
                            "name": "Commercial bank, savings bank or association", 
                            "count": 875, 
                            "value": 142943
                        }, 
                        {
                            "name": "Life insurance co., credit union, finance co.", 
                            "count": 138, 
                            "value": 23599
                        }, 
                        {
                            "name": "Affiliate institution", 
                            "count": 76, 
                            "value": 13529
                        }, 
                        {
                            "name": "Other", 
                            "count": 3965, 
                            "value": 784478
                        }
                    ]
                }, 
                {
                    "incomelevel": "Upper income", 
                    "purchasers": [
                        {
                            "name": "Fannie Mae", 
                            "count": 1669, 
                            "value": 318655
                        }, 
                        {
                            "name": "Ginnie Mae", 
                            "count": 1921, 
                            "value": 375573
                        }, 
                        {
                            "name": "Freddie Mac", 
                            "count": 956, 
                            "value": 202621
                        }, 
                        {
                            "name": "Farmer Mac", 
                            "count": 0, 
                            "value": 0
                        }, 
                        {
                            "name": "Private Securitization", 
                            "count": 120, 
                            "value": 26821
                        }, 
                        {
                            "name": "Commercial bank, savings bank or association", 
                            "count": 1289, 
                            "value": 264026
                        }, 
                        {
                            "name": "Life insurance co., credit union, finance co.", 
                            "count": 217, 
                            "value": 44270
                        }, 
                        {
                            "name": "Affiliate institution", 
                            "count": 150, 
                            "value": 35922
                        }, 
                        {
                            "name": "Other", 
                            "count": 4687, 
                            "value": 1009295
                        }
                    ]
                }
            ]
        }
    ], 
    "total": {
        "purchasers": [
            {
                "name": "Fannie Mae", 
                "count": 2979, 
                "value": 539421
            }, 
            {
                "name": "Ginnie Mae", 
                "count": 3782, 
                "value": 667038
            }, 
            {
                "name": "Freddie Mac", 
                "count": 1659, 
                "value": 317617
            }, 
            {
                "name": "Farmer Mac", 
                "count": 0, 
                "value": 0
            }, 
            {
                "name": "Private Securitization", 
                "count": 190, 
                "value": 41498
            }, 
            {
                "name": "Commercial bank, savings bank or association", 
                "count": 2396, 
                "value": 437474
            }, 
            {
                "name": "Life insurance co., credit union, finance co.", 
                "count": 389, 
                "value": 71769
            }, 
            {
                "name": "Affiliate institution", 
                "count": 265, 
                "value": 53946
            }, 
            {
                "name": "Other", 
                "count": 10182, 
                "value": 2004589
            }
        ]
    }
}