{
    "table": "3-1", 
    "type": "aggregate", 
    "desc": "Loans sold. By characteristics of borrower and census tract in which property is located and by type of purchaser (includes originations and purchased loans).", 
    "year": "2012", 
    "msa": {
        "id": "21500", 
        "name": "Erie", 
        "state": "PA", 
        "state_name": "Pennsylvania"
    }, 
    "borrowercharacteristics": [
        {
            "characteristic": "Race", 
            "races": [
                {
                    "race": "American Indian/Alaska Native", 
                    "purchasers": [
                        {
                            "name": "Fannie Mae", 
                            "count": 0, 
                            "value": 0
                        }, 
                        {
                            "name": "Ginnie Mae", 
                            "count": 0, 
                            "value": 0
                        }, 
                        {
                            "name": "Freddie Mac", 
                            "count": 0, 
                            "value": 0
                        }, 
                        {
                            "name": "Farmer Mac", 
                            "count": 0, 
                            "value": 0
                        }, 
                        {
                            "name": "Private Securitization", 
                            "count": 0, 
                            "value": 0
                        }, 
                        {
                            "name": "Commercial bank, savings bank or association", 
                            "count": 0, 
                            "value": 0
                        }, 
                        {
                            "name": "Life insurance co., credit union, finance co.", 
                            "count": 0, 
                            "value": 0
                        }, 
                        {
                            "name": "Affiliate institution", 
                            "count": 0, 
                            "value": 0
                        }, 
                        {
                            "name": "Other", 
                            "count": 0, 
                            "value": 0
                        }
                    ]
                }, 
                {
                    "race": "Asian", 
                    "purchasers": [
                        {
                            "name": "Fannie Mae", 
                            "count": 1, 
                            "value": 64.0
                        }, 
                        {
                            "name": "Ginnie Mae", 
                            "count": 1, 
                            "value": 70.0
                        }, 
                        {
                            "name": "Freddie Mac", 
                            "count": 0, 
                            "value": 0
                        }, 
                        {
                            "name": "Farmer Mac", 
                            "count": 0, 
                            "value": 0
                        }, 
                        {
                            "name": "Private Securitization", 
                            "count": 0, 
                            "value": 0
                        }, 
                        {
                            "name": "Commercial bank, savings bank or association", 
                            "count": 0, 
                            "value": 0
                        }, 
                        {
                            "name": "Life insurance co., credit union, finance co.", 
                            "count": 0, 
                            "value": 0
                        }, 
                        {
                            "name": "Affiliate institution", 
                            "count": 0, 
                            "value": 0
                        }, 
                        {
                            "name": "Other", 
                            "count": 2, 
                            "value": 162.0
                        }
                    ]
                }, 
                {
                    "race": "Black or African American", 
                    "purchasers": [
                        {
                            "name": "Fannie Mae", 
                            "count": 2, 
                            "value": 162.0
                        }, 
                        {
                            "name": "Ginnie Mae", 
                            "count": 2, 
                            "value": 174.0
                        }, 
                        {
                            "name": "Freddie Mac", 
                            "count": 2, 
                            "value": 492.0
                        }, 
                        {
                            "name": "Farmer Mac", 
                            "count": 0, 
                            "value": 0
                        }, 
                        {
                            "name": "Private Securitization", 
                            "count": 0, 
                            "value": 0
                        }, 
                        {
                            "name": "Commercial bank, savings bank or association", 
                            "count": 2, 
                            "value": 195.0
                        }, 
                        {
                            "name": "Life insurance co., credit union, finance co.", 
                            "count": 0, 
                            "value": 0
                        }, 
                        {
                            "name": "Affiliate institution", 
                            "count": 0, 
                            "value": 0
                        }, 
                        {
                            "name": "Other", 
                            "count": 13, 
                            "value": 1454.0
                        }
                    ]
                }, 
                {
                    "race": "Native Hawaiian or Pacific Islander", 
                    "purchasers": [
                        {
                            "name": "Fannie Mae", 
                            "count": 1, 
                            "value": 135.0
                        }, 
                        {
                            "name": "Ginnie Mae", 
                            "count": 3, 
                            "value": 220.0
                        }, 
                        {
                            "name": "Freddie Mac", 
                            "count": 0, 
                            "value": 0
                        }, 
                        {
                            "name": "Farmer Mac", 
                            "count": 0, 
                            "value": 0
                        }, 
                        {
                            "name": "Private Securitization", 
                            "count": 0, 
                            "value": 0
                        }, 
                        {
                            "name": "Commercial bank, savings bank or association", 
                            "count": 2, 
                            "value": 139.0
                        }, 
                        {
                            "name": "Life insurance co., credit union, finance co.", 
                            "count": 0, 
                            "value": 0
                        }, 
                        {
                            "name": "Affiliate institution", 
                            "count": 1, 
                            "value": 163.0
                        }, 
                        {
                            "name": "Other", 
                            "count": 43, 
                            "value": 3066.0
                        }
                    ]
                }, 
                {
                    "race": "White", 
                    "purchasers": [
                        {
                            "name": "Fannie Mae", 
                            "count": 0, 
                            "value": 0
                        }, 
                        {
                            "name": "Ginnie Mae", 
                            "count": 1, 
                            "value": 41.0
                        }, 
                        {
                            "name": "Freddie Mac", 
                            "count": 0, 
                            "value": 0
                        }, 
                        {
                            "name": "Farmer Mac", 
                            "count": 0, 
                            "value": 0
                        }, 
                        {
                            "name": "Private Securitization", 
                            "count": 0, 
                            "value": 0
                        }, 
                        {
                            "name": "Commercial bank, savings bank or association", 
                            "count": 0, 
                            "value": 0
                        }, 
                        {
                            "name": "Life insurance co., credit union, finance co.", 
                            "count": 0, 
                            "value": 0
                        }, 
                        {
                            "name": "Affiliate institution", 
                            "count": 0, 
                            "value": 0
                        }, 
                        {
                            "name": "Other", 
                            "count": 2, 
                            "value": 482.0
                        }
                    ]
                }, 
                {
                    "race": "2 or more minority races", 
                    "purchasers": [
                        {
                            "name": "Fannie Mae", 
                            "count": 513, 
                            "value": 74997.0
                        }, 
                        {
                            "name": "Ginnie Mae", 
                            "count": 302, 
                            "value": 45782.0
                        }, 
                        {
                            "name": "Freddie Mac", 
                            "count": 294, 
                            "value": 45996.0
                        }, 
                        {
                            "name": "Farmer Mac", 
                            "count": 0, 
                            "value": 0
                        }, 
                        {
                            "name": "Private Securitization", 
                            "count": 6, 
                            "value": 1166.0
                        }, 
                        {
                            "name": "Commercial bank, savings bank or association", 
                            "count": 215, 
                            "value": 33730.0
                        }, 
                        {
                            "name": "Life insurance co., credit union, finance co.", 
                            "count": 58, 
                            "value": 6558.0
                        }, 
                        {
                            "name": "Affiliate institution", 
                            "count": 45, 
                            "value": 5131.0
                        }, 
                        {
                            "name": "Other", 
                            "count": 4125, 
                            "value": 461871.0
                        }
                    ]
                }, 
                {
                    "race": "Joint", 
                    "purchasers": [
                        {
                            "name": "Fannie Mae", 
                            "count": 64, 
                            "value": 9929.0
                        }, 
                        {
                            "name": "Ginnie Mae", 
                            "count": 16, 
                            "value": 2101.0
                        }, 
                        {
                            "name": "Freddie Mac", 
                            "count": 14, 
                            "value": 2160.0
                        }, 
                        {
                            "name": "Farmer Mac", 
                            "count": 0, 
                            "value": 0
                        }, 
                        {
                            "name": "Private Securitization", 
                            "count": 1, 
                            "value": 161.0
                        }, 
                        {
                            "name": "Commercial bank, savings bank or association", 
                            "count": 5, 
                            "value": 920.0
                        }, 
                        {
                            "name": "Life insurance co., credit union, finance co.", 
                            "count": 2, 
                            "value": 339.0
                        }, 
                        {
                            "name": "Affiliate institution", 
                            "count": 1, 
                            "value": 99.0
                        }, 
                        {
                            "name": "Other", 
                            "count": 311, 
                            "value": 35983.0
                        }
                    ]
                }, 
                {
                    "race": "Not Provided", 
                    "purchasers": [
                        {
                            "name": "Fannie Mae", 
                            "count": 85, 
                            "value": 11403.0
                        }, 
                        {
                            "name": "Ginnie Mae", 
                            "count": 118, 
                            "value": 28912.0
                        }, 
                        {
                            "name": "Freddie Mac", 
                            "count": 97, 
                            "value": 14123.0
                        }, 
                        {
                            "name": "Farmer Mac", 
                            "count": 0, 
                            "value": 0
                        }, 
                        {
                            "name": "Private Securitization", 
                            "count": 0, 
                            "value": 0
                        }, 
                        {
                            "name": "Commercial bank, savings bank or association", 
                            "count": 3, 
                            "value": 290.0
                        }, 
                        {
                            "name": "Life insurance co., credit union, finance co.", 
                            "count": 2, 
                            "value": 118.0
                        }, 
                        {
                            "name": "Affiliate institution", 
                            "count": 5, 
                            "value": 664.0
                        }, 
                        {
                            "name": "Other", 
                            "count": 163, 
                            "value": 22009.0
                        }
                    ]
                }, 
                {
                    "race": "Not Applicable", 
                    "purchasers": [
                        {
                            "name": "Fannie Mae", 
                            "count": 420, 
                            "value": 48438.0
                        }, 
                        {
                            "name": "Ginnie Mae", 
                            "count": 474, 
                            "value": 55859.0
                        }, 
                        {
                            "name": "Freddie Mac", 
                            "count": 237, 
                            "value": 29404.0
                        }, 
                        {
                            "name": "Farmer Mac", 
                            "count": 0, 
                            "value": 0
                        }, 
                        {
                            "name": "Private Securitization", 
                            "count": 0, 
                            "value": 0
                        }, 
                        {
                            "name": "Commercial bank, savings bank or association", 
                            "count": 244, 
                            "value": 27573.0
                        }, 
                        {
                            "name": "Life insurance co., credit union, finance co.", 
                            "count": 46, 
                            "value": 4755.0
                        }, 
                        {
                            "name": "Affiliate institution", 
                            "count": 33, 
                            "value": 3773.0
                        }, 
                        {
                            "name": "Other", 
                            "count": 4210, 
                            "value": 403852.0
                        }
                    ]
                }, 
                {
                    "race": "No co-applicant", 
                    "purchasers": [
                        {
                            "name": "Fannie Mae", 
                            "count": 0, 
                            "value": 0
                        }, 
                        {
                            "name": "Ginnie Mae", 
                            "count": 0, 
                            "value": 0
                        }, 
                        {
                            "name": "Freddie Mac", 
                            "count": 0, 
                            "value": 0
                        }, 
                        {
                            "name": "Farmer Mac", 
                            "count": 0, 
                            "value": 0
                        }, 
                        {
                            "name": "Private Securitization", 
                            "count": 0, 
                            "value": 0
                        }, 
                        {
                            "name": "Commercial bank, savings bank or association", 
                            "count": 0, 
                            "value": 0
                        }, 
                        {
                            "name": "Life insurance co., credit union, finance co.", 
                            "count": 0, 
                            "value": 0
                        }, 
                        {
                            "name": "Affiliate institution", 
                            "count": 0, 
                            "value": 0
                        }, 
                        {
                            "name": "Other", 
                            "count": 0, 
                            "value": 0
                        }
                    ]
                }
            ]
        }, 
        {
            "characteristic": "Ethnicity", 
            "ethnicities": [
                {
                    "ethnicitie": "Hispanic or Latino", 
                    "purchasers": [
                        {
                            "name": "Fannie Mae", 
                            "count": 0, 
                            "value": 0
                        }, 
                        {
                            "name": "Ginnie Mae", 
                            "count": 2, 
                            "value": 281
                        }, 
                        {
                            "name": "Freddie Mac", 
                            "count": 0, 
                            "value": 0
                        }, 
                        {
                            "name": "Farmer Mac", 
                            "count": 0, 
                            "value": 0
                        }, 
                        {
                            "name": "Private Securitization", 
                            "count": 0, 
                            "value": 0
                        }, 
                        {
                            "name": "Commercial bank, savings bank or association", 
                            "count": 0, 
                            "value": 0
                        }, 
                        {
                            "name": "Life insurance co., credit union, finance co.", 
                            "count": 0, 
                            "value": 0
                        }, 
                        {
                            "name": "Affiliate institution", 
                            "count": 0, 
                            "value": 0
                        }, 
                        {
                            "name": "Other", 
                            "count": 15, 
                            "value": 1572
                        }
                    ]
                }, 
                {
                    "ethnicitie": "Not Hispanic or Latino", 
                    "purchasers": [
                        {
                            "name": "Fannie Mae", 
                            "count": 906, 
                            "value": 120299
                        }, 
                        {
                            "name": "Ginnie Mae", 
                            "count": 694, 
                            "value": 92958
                        }, 
                        {
                            "name": "Freddie Mac", 
                            "count": 522, 
                            "value": 74348
                        }, 
                        {
                            "name": "Farmer Mac", 
                            "count": 0, 
                            "value": 0
                        }, 
                        {
                            "name": "Private Securitization", 
                            "count": 6, 
                            "value": 1166
                        }, 
                        {
                            "name": "Commercial bank, savings bank or association", 
                            "count": 445, 
                            "value": 59240
                        }, 
                        {
                            "name": "Life insurance co., credit union, finance co.", 
                            "count": 102, 
                            "value": 11168
                        }, 
                        {
                            "name": "Affiliate institution", 
                            "count": 63, 
                            "value": 7330
                        }, 
                        {
                            "name": "Other", 
                            "count": 7885, 
                            "value": 779043
                        }
                    ]
                }, 
                {
                    "ethnicitie": "Not provided", 
                    "purchasers": [
                        {
                            "name": "Fannie Mae", 
                            "count": 5, 
                            "value": 722
                        }, 
                        {
                            "name": "Ginnie Mae", 
                            "count": 12, 
                            "value": 1224
                        }, 
                        {
                            "name": "Freddie Mac", 
                            "count": 1, 
                            "value": 157
                        }, 
                        {
                            "name": "Farmer Mac", 
                            "count": 0, 
                            "value": 0
                        }, 
                        {
                            "name": "Private Securitization", 
                            "count": 0, 
                            "value": 0
                        }, 
                        {
                            "name": "Commercial bank, savings bank or association", 
                            "count": 10, 
                            "value": 1386
                        }, 
                        {
                            "name": "Life insurance co., credit union, finance co.", 
                            "count": 2, 
                            "value": 145
                        }, 
                        {
                            "name": "Affiliate institution", 
                            "count": 0, 
                            "value": 0
                        }, 
                        {
                            "name": "Other", 
                            "count": 120, 
                            "value": 9318
                        }
                    ]
                }, 
                {
                    "ethnicitie": "Not applicable", 
                    "purchasers": [
                        {
                            "name": "Fannie Mae", 
                            "count": 175, 
                            "value": 24107
                        }, 
                        {
                            "name": "Ginnie Mae", 
                            "count": 209, 
                            "value": 38696
                        }, 
                        {
                            "name": "Freddie Mac", 
                            "count": 121, 
                            "value": 17670
                        }, 
                        {
                            "name": "Farmer Mac", 
                            "count": 0, 
                            "value": 0
                        }, 
                        {
                            "name": "Private Securitization", 
                            "count": 1, 
                            "value": 161
                        }, 
                        {
                            "name": "Commercial bank, savings bank or association", 
                            "count": 16, 
                            "value": 2221
                        }, 
                        {
                            "name": "Life insurance co., credit union, finance co.", 
                            "count": 4, 
                            "value": 457
                        }, 
                        {
                            "name": "Affiliate institution", 
                            "count": 22, 
                            "value": 2500
                        }, 
                        {
                            "name": "Other", 
                            "count": 849, 
                            "value": 138946
                        }
                    ]
                }, 
                {
                    "ethnicitie": "No co-applicant", 
                    "purchasers": [
                        {
                            "name": "Fannie Mae", 
                            "count": 0, 
                            "value": 0
                        }, 
                        {
                            "name": "Ginnie Mae", 
                            "count": 0, 
                            "value": 0
                        }, 
                        {
                            "name": "Freddie Mac", 
                            "count": 0, 
                            "value": 0
                        }, 
                        {
                            "name": "Farmer Mac", 
                            "count": 0, 
                            "value": 0
                        }, 
                        {
                            "name": "Private Securitization", 
                            "count": 0, 
                            "value": 0
                        }, 
                        {
                            "name": "Commercial bank, savings bank or association", 
                            "count": 0, 
                            "value": 0
                        }, 
                        {
                            "name": "Life insurance co., credit union, finance co.", 
                            "count": 0, 
                            "value": 0
                        }, 
                        {
                            "name": "Affiliate institution", 
                            "count": 0, 
                            "value": 0
                        }, 
                        {
                            "name": "Other", 
                            "count": 0, 
                            "value": 0
                        }
                    ]
                }
            ]
        }, 
        {
            "characteristic": "Minority Status", 
            "minoritystatuses": [
                {
                    "minoritystatuse": "White Non-Hispanic", 
                    "purchasers": [
                        {
                            "name": "Fannie Mae", 
                            "count": 1061, 
                            "value": 141552
                        }, 
                        {
                            "name": "Ginnie Mae", 
                            "count": 881, 
                            "value": 129130
                        }, 
                        {
                            "name": "Freddie Mac", 
                            "count": 629, 
                            "value": 89472
                        }, 
                        {
                            "name": "Farmer Mac", 
                            "count": 0, 
                            "value": 0
                        }, 
                        {
                            "name": "Private Securitization", 
                            "count": 7, 
                            "value": 1327
                        }, 
                        {
                            "name": "Commercial bank, savings bank or association", 
                            "count": 446, 
                            "value": 59598
                        }, 
                        {
                            "name": "Life insurance co., credit union, finance co.", 
                            "count": 99, 
                            "value": 10560
                        }, 
                        {
                            "name": "Affiliate institution", 
                            "count": 77, 
                            "value": 8620
                        }, 
                        {
                            "name": "Other", 
                            "count": 8421, 
                            "value": 892515
                        }
                    ]
                }, 
                {
                    "minoritystatuse": "Others, Including Hispanic", 
                    "purchasers": [
                        {
                            "name": "Fannie Mae", 
                            "count": 25, 
                            "value": 3576
                        }, 
                        {
                            "name": "Ginnie Mae", 
                            "count": 36, 
                            "value": 4029
                        }, 
                        {
                            "name": "Freddie Mac", 
                            "count": 15, 
                            "value": 2703
                        }, 
                        {
                            "name": "Farmer Mac", 
                            "count": 0, 
                            "value": 0
                        }, 
                        {
                            "name": "Private Securitization", 
                            "count": 0, 
                            "value": 0
                        }, 
                        {
                            "name": "Commercial bank, savings bank or association", 
                            "count": 25, 
                            "value": 3249
                        }, 
                        {
                            "name": "Life insurance co., credit union, finance co.", 
                            "count": 9, 
                            "value": 1210
                        }, 
                        {
                            "name": "Affiliate institution", 
                            "count": 8, 
                            "value": 1210
                        }, 
                        {
                            "name": "Other", 
                            "count": 448, 
                            "value": 36364
                        }
                    ]
                }
            ]
        }, 
        {
            "characteristic": "Applicant Income", 
            "applicantincomes": [
                {
                    "applicantincome": "Less than 50% of MSA/MD median", 
                    "purchasers": [
                        {
                            "name": "Fannie Mae", 
                            "count": 54, 
                            "value": 4165
                        }, 
                        {
                            "name": "Ginnie Mae", 
                            "count": 56, 
                            "value": 4470
                        }, 
                        {
                            "name": "Freddie Mac", 
                            "count": 23, 
                            "value": 1627
                        }, 
                        {
                            "name": "Farmer Mac", 
                            "count": 0, 
                            "value": 0
                        }, 
                        {
                            "name": "Private Securitization", 
                            "count": 0, 
                            "value": 0
                        }, 
                        {
                            "name": "Commercial bank, savings bank or association", 
                            "count": 38, 
                            "value": 2765
                        }, 
                        {
                            "name": "Life insurance co., credit union, finance co.", 
                            "count": 16, 
                            "value": 1074
                        }, 
                        {
                            "name": "Affiliate institution", 
                            "count": 8, 
                            "value": 498
                        }, 
                        {
                            "name": "Other", 
                            "count": 911, 
                            "value": 46069
                        }
                    ]
                }, 
                {
                    "applicantincome": "50-79% of MSA/MD median", 
                    "purchasers": [
                        {
                            "name": "Fannie Mae", 
                            "count": 154, 
                            "value": 13491
                        }, 
                        {
                            "name": "Ginnie Mae", 
                            "count": 147, 
                            "value": 14732
                        }, 
                        {
                            "name": "Freddie Mac", 
                            "count": 67, 
                            "value": 5684
                        }, 
                        {
                            "name": "Farmer Mac", 
                            "count": 0, 
                            "value": 0
                        }, 
                        {
                            "name": "Private Securitization", 
                            "count": 1, 
                            "value": 150
                        }, 
                        {
                            "name": "Commercial bank, savings bank or association", 
                            "count": 98, 
                            "value": 9205
                        }, 
                        {
                            "name": "Life insurance co., credit union, finance co.", 
                            "count": 21, 
                            "value": 1788
                        }, 
                        {
                            "name": "Affiliate institution", 
                            "count": 19, 
                            "value": 1486
                        }, 
                        {
                            "name": "Other", 
                            "count": 1607, 
                            "value": 110546
                        }
                    ]
                }, 
                {
                    "applicantincome": "80-99% of MSA/MD median", 
                    "purchasers": [
                        {
                            "name": "Fannie Mae", 
                            "count": 159, 
                            "value": 16387
                        }, 
                        {
                            "name": "Ginnie Mae", 
                            "count": 103, 
                            "value": 12537
                        }, 
                        {
                            "name": "Freddie Mac", 
                            "count": 64, 
                            "value": 6746
                        }, 
                        {
                            "name": "Farmer Mac", 
                            "count": 0, 
                            "value": 0
                        }, 
                        {
                            "name": "Private Securitization", 
                            "count": 0, 
                            "value": 0
                        }, 
                        {
                            "name": "Commercial bank, savings bank or association", 
                            "count": 70, 
                            "value": 7862
                        }, 
                        {
                            "name": "Life insurance co., credit union, finance co.", 
                            "count": 11, 
                            "value": 825
                        }, 
                        {
                            "name": "Affiliate institution", 
                            "count": 7, 
                            "value": 600
                        }, 
                        {
                            "name": "Other", 
                            "count": 1089, 
                            "value": 85216
                        }
                    ]
                }, 
                {
                    "applicantincome": "100-119% of MSA/MD median", 
                    "purchasers": [
                        {
                            "name": "Fannie Mae", 
                            "count": 138, 
                            "value": 16059
                        }, 
                        {
                            "name": "Ginnie Mae", 
                            "count": 95, 
                            "value": 13270
                        }, 
                        {
                            "name": "Freddie Mac", 
                            "count": 68, 
                            "value": 8092
                        }, 
                        {
                            "name": "Farmer Mac", 
                            "count": 0, 
                            "value": 0
                        }, 
                        {
                            "name": "Private Securitization", 
                            "count": 1, 
                            "value": 150
                        }, 
                        {
                            "name": "Commercial bank, savings bank or association", 
                            "count": 64, 
                            "value": 8180
                        }, 
                        {
                            "name": "Life insurance co., credit union, finance co.", 
                            "count": 15, 
                            "value": 1640
                        }, 
                        {
                            "name": "Affiliate institution", 
                            "count": 5, 
                            "value": 557
                        }, 
                        {
                            "name": "Other", 
                            "count": 1039, 
                            "value": 93154
                        }
                    ]
                }, 
                {
                    "applicantincome": "120% or more of MSA/MD median", 
                    "purchasers": [
                        {
                            "name": "Fannie Mae", 
                            "count": 543, 
                            "value": 89095
                        }, 
                        {
                            "name": "Ginnie Mae", 
                            "count": 194, 
                            "value": 34012
                        }, 
                        {
                            "name": "Freddie Mac", 
                            "count": 305, 
                            "value": 52463
                        }, 
                        {
                            "name": "Farmer Mac", 
                            "count": 0, 
                            "value": 0
                        }, 
                        {
                            "name": "Private Securitization", 
                            "count": 5, 
                            "value": 1027
                        }, 
                        {
                            "name": "Commercial bank, savings bank or association", 
                            "count": 175, 
                            "value": 31170
                        }, 
                        {
                            "name": "Life insurance co., credit union, finance co.", 
                            "count": 35, 
                            "value": 4711
                        }, 
                        {
                            "name": "Affiliate institution", 
                            "count": 45, 
                            "value": 6607
                        }, 
                        {
                            "name": "Other", 
                            "count": 3503, 
                            "value": 464806
                        }
                    ]
                }, 
                {
                    "applicantincome": "income not available", 
                    "purchasers": [
                        {
                            "name": "Fannie Mae", 
                            "count": 38, 
                            "value": 5931
                        }, 
                        {
                            "name": "Ginnie Mae", 
                            "count": 322, 
                            "value": 54138
                        }, 
                        {
                            "name": "Freddie Mac", 
                            "count": 117, 
                            "value": 17563
                        }, 
                        {
                            "name": "Farmer Mac", 
                            "count": 0, 
                            "value": 0
                        }, 
                        {
                            "name": "Private Securitization", 
                            "count": 0, 
                            "value": 0
                        }, 
                        {
                            "name": "Commercial bank, savings bank or association", 
                            "count": 26, 
                            "value": 3665
                        }, 
                        {
                            "name": "Life insurance co., credit union, finance co.", 
                            "count": 10, 
                            "value": 1732
                        }, 
                        {
                            "name": "Affiliate institution", 
                            "count": 1, 
                            "value": 82
                        }, 
                        {
                            "name": "Other", 
                            "count": 720, 
                            "value": 129088
                        }
                    ]
                }
            ]
        }
    ], 
    "censuscharacteristics": [
        {
            "characteristic": "Racial/Ethnic Composition", 
            "tractpctminority": [
                {
                    "tractpctminorit": "Less than 10% minority", 
                    "purchasers": [
                        {
                            "name": "Fannie Mae", 
                            "count": 987, 
                            "value": 137009
                        }, 
                        {
                            "name": "Ginnie Mae", 
                            "count": 760, 
                            "value": 120103
                        }, 
                        {
                            "name": "Freddie Mac", 
                            "count": 597, 
                            "value": 88764
                        }, 
                        {
                            "name": "Farmer Mac", 
                            "count": 0, 
                            "value": 0
                        }, 
                        {
                            "name": "Private Securitization", 
                            "count": 7, 
                            "value": 1327
                        }, 
                        {
                            "name": "Commercial bank, savings bank or association", 
                            "count": 394, 
                            "value": 56434
                        }, 
                        {
                            "name": "Life insurance co., credit union, finance co.", 
                            "count": 92, 
                            "value": 10654
                        }, 
                        {
                            "name": "Affiliate institution", 
                            "count": 72, 
                            "value": 8632
                        }, 
                        {
                            "name": "Other", 
                            "count": 7329, 
                            "value": 835532
                        }
                    ]
                }, 
                {
                    "tractpctminorit": "10-19% minority", 
                    "purchasers": [
                        {
                            "name": "Fannie Mae", 
                            "count": 98, 
                            "value": 8066
                        }, 
                        {
                            "name": "Ginnie Mae", 
                            "count": 151, 
                            "value": 12698
                        }, 
                        {
                            "name": "Freddie Mac", 
                            "count": 46, 
                            "value": 3367
                        }, 
                        {
                            "name": "Farmer Mac", 
                            "count": 0, 
                            "value": 0
                        }, 
                        {
                            "name": "Private Securitization", 
                            "count": 0, 
                            "value": 0
                        }, 
                        {
                            "name": "Commercial bank, savings bank or association", 
                            "count": 75, 
                            "value": 6314
                        }, 
                        {
                            "name": "Life insurance co., credit union, finance co.", 
                            "count": 16, 
                            "value": 1116
                        }, 
                        {
                            "name": "Affiliate institution", 
                            "count": 13, 
                            "value": 1198
                        }, 
                        {
                            "name": "Other", 
                            "count": 1369, 
                            "value": 88030
                        }
                    ]
                }, 
                {
                    "tractpctminorit": "20-49% minority", 
                    "purchasers": [
                        {
                            "name": "Fannie Mae", 
                            "count": 1, 
                            "value": 53
                        }, 
                        {
                            "name": "Ginnie Mae", 
                            "count": 6, 
                            "value": 358
                        }, 
                        {
                            "name": "Freddie Mac", 
                            "count": 1, 
                            "value": 44
                        }, 
                        {
                            "name": "Farmer Mac", 
                            "count": 0, 
                            "value": 0
                        }, 
                        {
                            "name": "Private Securitization", 
                            "count": 0, 
                            "value": 0
                        }, 
                        {
                            "name": "Commercial bank, savings bank or association", 
                            "count": 2, 
                            "value": 99
                        }, 
                        {
                            "name": "Life insurance co., credit union, finance co.", 
                            "count": 0, 
                            "value": 0
                        }, 
                        {
                            "name": "Affiliate institution", 
                            "count": 0, 
                            "value": 0
                        }, 
                        {
                            "name": "Other", 
                            "count": 171, 
                            "value": 5317
                        }
                    ]
                }, 
                {
                    "tractpctminorit": "50-79% minority", 
                    "purchasers": [
                        {
                            "name": "Fannie Mae", 
                            "count": 0, 
                            "value": 0
                        }, 
                        {
                            "name": "Ginnie Mae", 
                            "count": 0, 
                            "value": 0
                        }, 
                        {
                            "name": "Freddie Mac", 
                            "count": 0, 
                            "value": 0
                        }, 
                        {
                            "name": "Farmer Mac", 
                            "count": 0, 
                            "value": 0
                        }, 
                        {
                            "name": "Private Securitization", 
                            "count": 0, 
                            "value": 0
                        }, 
                        {
                            "name": "Commercial bank, savings bank or association", 
                            "count": 0, 
                            "value": 0
                        }, 
                        {
                            "name": "Life insurance co., credit union, finance co.", 
                            "count": 0, 
                            "value": 0
                        }, 
                        {
                            "name": "Affiliate institution", 
                            "count": 0, 
                            "value": 0
                        }, 
                        {
                            "name": "Other", 
                            "count": 0, 
                            "value": 0
                        }
                    ]
                }, 
                {
                    "tractpctminorit": "80-100% minority", 
                    "purchasers": [
                        {
                            "name": "Fannie Mae", 
                            "count": 0, 
                            "value": 0
                        }, 
                        {
                            "name": "Ginnie Mae", 
                            "count": 0, 
                            "value": 0
                        }, 
                        {
                            "name": "Freddie Mac", 
                            "count": 0, 
                            "value": 0
                        }, 
                        {
                            "name": "Farmer Mac", 
                            "count": 0, 
                            "value": 0
                        }, 
                        {
                            "name": "Private Securitization", 
                            "count": 0, 
                            "value": 0
                        }, 
                        {
                            "name": "Commercial bank, savings bank or association", 
                            "count": 0, 
                            "value": 0
                        }, 
                        {
                            "name": "Life insurance co., credit union, finance co.", 
                            "count": 0, 
                            "value": 0
                        }, 
                        {
                            "name": "Affiliate institution", 
                            "count": 0, 
                            "value": 0
                        }, 
                        {
                            "name": "Other", 
                            "count": 0, 
                            "value": 0
                        }
                    ]
                }
            ]
        }, 
        {
            "characteristic": "Income", 
            "incomelevel": [
                {
                    "incomeleve": "Low income", 
                    "purchasers": [
                        {
                            "name": "Fannie Mae", 
                            "count": 8, 
                            "value": 499
                        }, 
                        {
                            "name": "Ginnie Mae", 
                            "count": 11, 
                            "value": 659
                        }, 
                        {
                            "name": "Freddie Mac", 
                            "count": 8, 
                            "value": 603
                        }, 
                        {
                            "name": "Farmer Mac", 
                            "count": 0, 
                            "value": 0
                        }, 
                        {
                            "name": "Private Securitization", 
                            "count": 0, 
                            "value": 0
                        }, 
                        {
                            "name": "Commercial bank, savings bank or association", 
                            "count": 3, 
                            "value": 179
                        }, 
                        {
                            "name": "Life insurance co., credit union, finance co.", 
                            "count": 2, 
                            "value": 117
                        }, 
                        {
                            "name": "Affiliate institution", 
                            "count": 1, 
                            "value": 126
                        }, 
                        {
                            "name": "Other", 
                            "count": 208, 
                            "value": 10695
                        }
                    ]
                }, 
                {
                    "incomeleve": "Moderate income", 
                    "purchasers": [
                        {
                            "name": "Fannie Mae", 
                            "count": 45, 
                            "value": 4121
                        }, 
                        {
                            "name": "Ginnie Mae", 
                            "count": 77, 
                            "value": 6327
                        }, 
                        {
                            "name": "Freddie Mac", 
                            "count": 29, 
                            "value": 2538
                        }, 
                        {
                            "name": "Farmer Mac", 
                            "count": 0, 
                            "value": 0
                        }, 
                        {
                            "name": "Private Securitization", 
                            "count": 0, 
                            "value": 0
                        }, 
                        {
                            "name": "Commercial bank, savings bank or association", 
                            "count": 40, 
                            "value": 3372
                        }, 
                        {
                            "name": "Life insurance co., credit union, finance co.", 
                            "count": 8, 
                            "value": 674
                        }, 
                        {
                            "name": "Affiliate institution", 
                            "count": 4, 
                            "value": 274
                        }, 
                        {
                            "name": "Other", 
                            "count": 987, 
                            "value": 65116
                        }
                    ]
                }, 
                {
                    "incomeleve": "Middle income", 
                    "purchasers": [
                        {
                            "name": "Fannie Mae", 
                            "count": 387, 
                            "value": 41261
                        }, 
                        {
                            "name": "Ginnie Mae", 
                            "count": 453, 
                            "value": 52229
                        }, 
                        {
                            "name": "Freddie Mac", 
                            "count": 216, 
                            "value": 23524
                        }, 
                        {
                            "name": "Farmer Mac", 
                            "count": 0, 
                            "value": 0
                        }, 
                        {
                            "name": "Private Securitization", 
                            "count": 1, 
                            "value": 88
                        }, 
                        {
                            "name": "Commercial bank, savings bank or association", 
                            "count": 207, 
                            "value": 23054
                        }, 
                        {
                            "name": "Life insurance co., credit union, finance co.", 
                            "count": 55, 
                            "value": 5562
                        }, 
                        {
                            "name": "Affiliate institution", 
                            "count": 37, 
                            "value": 3744
                        }, 
                        {
                            "name": "Other", 
                            "count": 4127, 
                            "value": 350985
                        }
                    ]
                }, 
                {
                    "incomeleve": "Upper income", 
                    "purchasers": [
                        {
                            "name": "Fannie Mae", 
                            "count": 646, 
                            "value": 99247
                        }, 
                        {
                            "name": "Ginnie Mae", 
                            "count": 376, 
                            "value": 73944
                        }, 
                        {
                            "name": "Freddie Mac", 
                            "count": 391, 
                            "value": 65510
                        }, 
                        {
                            "name": "Farmer Mac", 
                            "count": 0, 
                            "value": 0
                        }, 
                        {
                            "name": "Private Securitization", 
                            "count": 6, 
                            "value": 1239
                        }, 
                        {
                            "name": "Commercial bank, savings bank or association", 
                            "count": 221, 
                            "value": 36242
                        }, 
                        {
                            "name": "Life insurance co., credit union, finance co.", 
                            "count": 43, 
                            "value": 5417
                        }, 
                        {
                            "name": "Affiliate institution", 
                            "count": 43, 
                            "value": 5686
                        }, 
                        {
                            "name": "Other", 
                            "count": 3546, 
                            "value": 501997
                        }
                    ]
                }
            ]
        }
    ], 
    "total": {
        "purchasers": [
            {
                "name": "Fannie Mae", 
                "count": 1086, 
                "value": 145128
            }, 
            {
                "name": "Ginnie Mae", 
                "count": 917, 
                "value": 133159
            }, 
            {
                "name": "Freddie Mac", 
                "count": 644, 
                "value": 92175
            }, 
            {
                "name": "Farmer Mac", 
                "count": 0, 
                "value": 0
            }, 
            {
                "name": "Private Securitization", 
                "count": 7, 
                "value": 1327
            }, 
            {
                "name": "Commercial bank, savings bank or association", 
                "count": 471, 
                "value": 62847
            }, 
            {
                "name": "Life insurance co., credit union, finance co.", 
                "count": 108, 
                "value": 11770
            }, 
            {
                "name": "Affiliate institution", 
                "count": 85, 
                "value": 9830
            }, 
            {
                "name": "Other", 
                "count": 8869, 
                "value": 928879
            }
        ]
    }
}