{
    "table": "3-1", 
    "type": "aggregate", 
    "desc": "Loans sold. By characteristics of borrower and census tract in which property is located and by type of purchaser (includes originations and purchased loans).", 
    "year": "2012", 
    "msa": {
        "id": "17660", 
        "name": "Coeur-d'Alene", 
        "state": "ID", 
        "state_name": "Idaho"
    }, 
    "borrowercharacteristics": [
        {
            "characteristic": "Race", 
            "races": [
                {
                    "race": "American Indian/Alaska Native", 
                    "purchasers": [
                        {
                            "name": "Fannie Mae", 
                            "count": 0, 
                            "value": 0
                        }, 
                        {
                            "name": "Ginnie Mae", 
                            "count": 0, 
                            "value": 0
                        }, 
                        {
                            "name": "Freddie Mac", 
                            "count": 0, 
                            "value": 0
                        }, 
                        {
                            "name": "Farmer Mac", 
                            "count": 0, 
                            "value": 0
                        }, 
                        {
                            "name": "Private Securitization", 
                            "count": 0, 
                            "value": 0
                        }, 
                        {
                            "name": "Commercial bank, savings bank or association", 
                            "count": 0, 
                            "value": 0
                        }, 
                        {
                            "name": "Life insurance co., credit union, finance co.", 
                            "count": 0, 
                            "value": 0
                        }, 
                        {
                            "name": "Affiliate institution", 
                            "count": 0, 
                            "value": 0
                        }, 
                        {
                            "name": "Other", 
                            "count": 0, 
                            "value": 0
                        }
                    ]
                }, 
                {
                    "race": "Asian", 
                    "purchasers": [
                        {
                            "name": "Fannie Mae", 
                            "count": 1, 
                            "value": 205.0
                        }, 
                        {
                            "name": "Ginnie Mae", 
                            "count": 3, 
                            "value": 550.0
                        }, 
                        {
                            "name": "Freddie Mac", 
                            "count": 0, 
                            "value": 0
                        }, 
                        {
                            "name": "Farmer Mac", 
                            "count": 0, 
                            "value": 0
                        }, 
                        {
                            "name": "Private Securitization", 
                            "count": 0, 
                            "value": 0
                        }, 
                        {
                            "name": "Commercial bank, savings bank or association", 
                            "count": 3, 
                            "value": 497.0
                        }, 
                        {
                            "name": "Life insurance co., credit union, finance co.", 
                            "count": 0, 
                            "value": 0
                        }, 
                        {
                            "name": "Affiliate institution", 
                            "count": 0, 
                            "value": 0
                        }, 
                        {
                            "name": "Other", 
                            "count": 7, 
                            "value": 934.0
                        }
                    ]
                }, 
                {
                    "race": "Black or African American", 
                    "purchasers": [
                        {
                            "name": "Fannie Mae", 
                            "count": 6, 
                            "value": 886.0
                        }, 
                        {
                            "name": "Ginnie Mae", 
                            "count": 2, 
                            "value": 350.0
                        }, 
                        {
                            "name": "Freddie Mac", 
                            "count": 0, 
                            "value": 0
                        }, 
                        {
                            "name": "Farmer Mac", 
                            "count": 0, 
                            "value": 0
                        }, 
                        {
                            "name": "Private Securitization", 
                            "count": 0, 
                            "value": 0
                        }, 
                        {
                            "name": "Commercial bank, savings bank or association", 
                            "count": 0, 
                            "value": 0
                        }, 
                        {
                            "name": "Life insurance co., credit union, finance co.", 
                            "count": 2, 
                            "value": 280.0
                        }, 
                        {
                            "name": "Affiliate institution", 
                            "count": 0, 
                            "value": 0
                        }, 
                        {
                            "name": "Other", 
                            "count": 8, 
                            "value": 1191.0
                        }
                    ]
                }, 
                {
                    "race": "Native Hawaiian or Pacific Islander", 
                    "purchasers": [
                        {
                            "name": "Fannie Mae", 
                            "count": 0, 
                            "value": 0
                        }, 
                        {
                            "name": "Ginnie Mae", 
                            "count": 0, 
                            "value": 0
                        }, 
                        {
                            "name": "Freddie Mac", 
                            "count": 0, 
                            "value": 0
                        }, 
                        {
                            "name": "Farmer Mac", 
                            "count": 0, 
                            "value": 0
                        }, 
                        {
                            "name": "Private Securitization", 
                            "count": 0, 
                            "value": 0
                        }, 
                        {
                            "name": "Commercial bank, savings bank or association", 
                            "count": 0, 
                            "value": 0
                        }, 
                        {
                            "name": "Life insurance co., credit union, finance co.", 
                            "count": 0, 
                            "value": 0
                        }, 
                        {
                            "name": "Affiliate institution", 
                            "count": 0, 
                            "value": 0
                        }, 
                        {
                            "name": "Other", 
                            "count": 1, 
                            "value": 311.0
                        }
                    ]
                }, 
                {
                    "race": "White", 
                    "purchasers": [
                        {
                            "name": "Fannie Mae", 
                            "count": 0, 
                            "value": 0
                        }, 
                        {
                            "name": "Ginnie Mae", 
                            "count": 0, 
                            "value": 0
                        }, 
                        {
                            "name": "Freddie Mac", 
                            "count": 0, 
                            "value": 0
                        }, 
                        {
                            "name": "Farmer Mac", 
                            "count": 0, 
                            "value": 0
                        }, 
                        {
                            "name": "Private Securitization", 
                            "count": 0, 
                            "value": 0
                        }, 
                        {
                            "name": "Commercial bank, savings bank or association", 
                            "count": 0, 
                            "value": 0
                        }, 
                        {
                            "name": "Life insurance co., credit union, finance co.", 
                            "count": 0, 
                            "value": 0
                        }, 
                        {
                            "name": "Affiliate institution", 
                            "count": 0, 
                            "value": 0
                        }, 
                        {
                            "name": "Other", 
                            "count": 1, 
                            "value": 115.0
                        }
                    ]
                }, 
                {
                    "race": "2 or more minority races", 
                    "purchasers": [
                        {
                            "name": "Fannie Mae", 
                            "count": 1114, 
                            "value": 215644.0
                        }, 
                        {
                            "name": "Ginnie Mae", 
                            "count": 597, 
                            "value": 111421.0
                        }, 
                        {
                            "name": "Freddie Mac", 
                            "count": 703, 
                            "value": 131050.0
                        }, 
                        {
                            "name": "Farmer Mac", 
                            "count": 0, 
                            "value": 0
                        }, 
                        {
                            "name": "Private Securitization", 
                            "count": 24, 
                            "value": 5152.0
                        }, 
                        {
                            "name": "Commercial bank, savings bank or association", 
                            "count": 469, 
                            "value": 92646.0
                        }, 
                        {
                            "name": "Life insurance co., credit union, finance co.", 
                            "count": 103, 
                            "value": 21527.0
                        }, 
                        {
                            "name": "Affiliate institution", 
                            "count": 65, 
                            "value": 12446.0
                        }, 
                        {
                            "name": "Other", 
                            "count": 2469, 
                            "value": 499718.0
                        }
                    ]
                }, 
                {
                    "race": "Joint", 
                    "purchasers": [
                        {
                            "name": "Fannie Mae", 
                            "count": 92, 
                            "value": 16382.0
                        }, 
                        {
                            "name": "Ginnie Mae", 
                            "count": 41, 
                            "value": 7983.0
                        }, 
                        {
                            "name": "Freddie Mac", 
                            "count": 50, 
                            "value": 10040.0
                        }, 
                        {
                            "name": "Farmer Mac", 
                            "count": 0, 
                            "value": 0
                        }, 
                        {
                            "name": "Private Securitization", 
                            "count": 3, 
                            "value": 856.0
                        }, 
                        {
                            "name": "Commercial bank, savings bank or association", 
                            "count": 27, 
                            "value": 5010.0
                        }, 
                        {
                            "name": "Life insurance co., credit union, finance co.", 
                            "count": 14, 
                            "value": 2653.0
                        }, 
                        {
                            "name": "Affiliate institution", 
                            "count": 12, 
                            "value": 2287.0
                        }, 
                        {
                            "name": "Other", 
                            "count": 462, 
                            "value": 80620.0
                        }
                    ]
                }, 
                {
                    "race": "Not Provided", 
                    "purchasers": [
                        {
                            "name": "Fannie Mae", 
                            "count": 245, 
                            "value": 48566.0
                        }, 
                        {
                            "name": "Ginnie Mae", 
                            "count": 114, 
                            "value": 21066.0
                        }, 
                        {
                            "name": "Freddie Mac", 
                            "count": 215, 
                            "value": 39851.0
                        }, 
                        {
                            "name": "Farmer Mac", 
                            "count": 0, 
                            "value": 0
                        }, 
                        {
                            "name": "Private Securitization", 
                            "count": 0, 
                            "value": 0
                        }, 
                        {
                            "name": "Commercial bank, savings bank or association", 
                            "count": 0, 
                            "value": 0
                        }, 
                        {
                            "name": "Life insurance co., credit union, finance co.", 
                            "count": 2, 
                            "value": 598.0
                        }, 
                        {
                            "name": "Affiliate institution", 
                            "count": 9, 
                            "value": 1727.0
                        }, 
                        {
                            "name": "Other", 
                            "count": 213, 
                            "value": 36884.0
                        }
                    ]
                }, 
                {
                    "race": "Not Applicable", 
                    "purchasers": [
                        {
                            "name": "Fannie Mae", 
                            "count": 628, 
                            "value": 103271.0
                        }, 
                        {
                            "name": "Ginnie Mae", 
                            "count": 459, 
                            "value": 76746.0
                        }, 
                        {
                            "name": "Freddie Mac", 
                            "count": 373, 
                            "value": 58289.0
                        }, 
                        {
                            "name": "Farmer Mac", 
                            "count": 0, 
                            "value": 0
                        }, 
                        {
                            "name": "Private Securitization", 
                            "count": 18, 
                            "value": 3642.0
                        }, 
                        {
                            "name": "Commercial bank, savings bank or association", 
                            "count": 302, 
                            "value": 47620.0
                        }, 
                        {
                            "name": "Life insurance co., credit union, finance co.", 
                            "count": 93, 
                            "value": 15259.0
                        }, 
                        {
                            "name": "Affiliate institution", 
                            "count": 43, 
                            "value": 6717.0
                        }, 
                        {
                            "name": "Other", 
                            "count": 2008, 
                            "value": 344589.0
                        }
                    ]
                }, 
                {
                    "race": "No co-applicant", 
                    "purchasers": [
                        {
                            "name": "Fannie Mae", 
                            "count": 0, 
                            "value": 0
                        }, 
                        {
                            "name": "Ginnie Mae", 
                            "count": 0, 
                            "value": 0
                        }, 
                        {
                            "name": "Freddie Mac", 
                            "count": 0, 
                            "value": 0
                        }, 
                        {
                            "name": "Farmer Mac", 
                            "count": 0, 
                            "value": 0
                        }, 
                        {
                            "name": "Private Securitization", 
                            "count": 0, 
                            "value": 0
                        }, 
                        {
                            "name": "Commercial bank, savings bank or association", 
                            "count": 0, 
                            "value": 0
                        }, 
                        {
                            "name": "Life insurance co., credit union, finance co.", 
                            "count": 0, 
                            "value": 0
                        }, 
                        {
                            "name": "Affiliate institution", 
                            "count": 0, 
                            "value": 0
                        }, 
                        {
                            "name": "Other", 
                            "count": 0, 
                            "value": 0
                        }
                    ]
                }
            ]
        }, 
        {
            "characteristic": "Ethnicity", 
            "ethnicities": [
                {
                    "ethnicitie": "Hispanic or Latino", 
                    "purchasers": [
                        {
                            "name": "Fannie Mae", 
                            "count": 7, 
                            "value": 1259
                        }, 
                        {
                            "name": "Ginnie Mae", 
                            "count": 1, 
                            "value": 113
                        }, 
                        {
                            "name": "Freddie Mac", 
                            "count": 4, 
                            "value": 1120
                        }, 
                        {
                            "name": "Farmer Mac", 
                            "count": 0, 
                            "value": 0
                        }, 
                        {
                            "name": "Private Securitization", 
                            "count": 0, 
                            "value": 0
                        }, 
                        {
                            "name": "Commercial bank, savings bank or association", 
                            "count": 5, 
                            "value": 1114
                        }, 
                        {
                            "name": "Life insurance co., credit union, finance co.", 
                            "count": 0, 
                            "value": 0
                        }, 
                        {
                            "name": "Affiliate institution", 
                            "count": 1, 
                            "value": 124
                        }, 
                        {
                            "name": "Other", 
                            "count": 19, 
                            "value": 3505
                        }
                    ]
                }, 
                {
                    "ethnicitie": "Not Hispanic or Latino", 
                    "purchasers": [
                        {
                            "name": "Fannie Mae", 
                            "count": 1673, 
                            "value": 304602
                        }, 
                        {
                            "name": "Ginnie Mae", 
                            "count": 1008, 
                            "value": 176766
                        }, 
                        {
                            "name": "Freddie Mac", 
                            "count": 1032, 
                            "value": 181447
                        }, 
                        {
                            "name": "Farmer Mac", 
                            "count": 0, 
                            "value": 0
                        }, 
                        {
                            "name": "Private Securitization", 
                            "count": 38, 
                            "value": 7811
                        }, 
                        {
                            "name": "Commercial bank, savings bank or association", 
                            "count": 738, 
                            "value": 134186
                        }, 
                        {
                            "name": "Life insurance co., credit union, finance co.", 
                            "count": 185, 
                            "value": 35419
                        }, 
                        {
                            "name": "Affiliate institution", 
                            "count": 96, 
                            "value": 17689
                        }, 
                        {
                            "name": "Other", 
                            "count": 4162, 
                            "value": 776083
                        }
                    ]
                }, 
                {
                    "ethnicitie": "Not provided", 
                    "purchasers": [
                        {
                            "name": "Fannie Mae", 
                            "count": 22, 
                            "value": 4793
                        }, 
                        {
                            "name": "Ginnie Mae", 
                            "count": 27, 
                            "value": 5024
                        }, 
                        {
                            "name": "Freddie Mac", 
                            "count": 25, 
                            "value": 4249
                        }, 
                        {
                            "name": "Farmer Mac", 
                            "count": 0, 
                            "value": 0
                        }, 
                        {
                            "name": "Private Securitization", 
                            "count": 1, 
                            "value": 380
                        }, 
                        {
                            "name": "Commercial bank, savings bank or association", 
                            "count": 14, 
                            "value": 2755
                        }, 
                        {
                            "name": "Life insurance co., credit union, finance co.", 
                            "count": 5, 
                            "value": 571
                        }, 
                        {
                            "name": "Affiliate institution", 
                            "count": 4, 
                            "value": 697
                        }, 
                        {
                            "name": "Other", 
                            "count": 89, 
                            "value": 19587
                        }
                    ]
                }, 
                {
                    "ethnicitie": "Not applicable", 
                    "purchasers": [
                        {
                            "name": "Fannie Mae", 
                            "count": 384, 
                            "value": 74300
                        }, 
                        {
                            "name": "Ginnie Mae", 
                            "count": 180, 
                            "value": 36213
                        }, 
                        {
                            "name": "Freddie Mac", 
                            "count": 280, 
                            "value": 52414
                        }, 
                        {
                            "name": "Farmer Mac", 
                            "count": 0, 
                            "value": 0
                        }, 
                        {
                            "name": "Private Securitization", 
                            "count": 6, 
                            "value": 1459
                        }, 
                        {
                            "name": "Commercial bank, savings bank or association", 
                            "count": 44, 
                            "value": 7718
                        }, 
                        {
                            "name": "Life insurance co., credit union, finance co.", 
                            "count": 24, 
                            "value": 4327
                        }, 
                        {
                            "name": "Affiliate institution", 
                            "count": 28, 
                            "value": 4667
                        }, 
                        {
                            "name": "Other", 
                            "count": 899, 
                            "value": 165187
                        }
                    ]
                }, 
                {
                    "ethnicitie": "No co-applicant", 
                    "purchasers": [
                        {
                            "name": "Fannie Mae", 
                            "count": 0, 
                            "value": 0
                        }, 
                        {
                            "name": "Ginnie Mae", 
                            "count": 0, 
                            "value": 0
                        }, 
                        {
                            "name": "Freddie Mac", 
                            "count": 0, 
                            "value": 0
                        }, 
                        {
                            "name": "Farmer Mac", 
                            "count": 0, 
                            "value": 0
                        }, 
                        {
                            "name": "Private Securitization", 
                            "count": 0, 
                            "value": 0
                        }, 
                        {
                            "name": "Commercial bank, savings bank or association", 
                            "count": 0, 
                            "value": 0
                        }, 
                        {
                            "name": "Life insurance co., credit union, finance co.", 
                            "count": 0, 
                            "value": 0
                        }, 
                        {
                            "name": "Affiliate institution", 
                            "count": 0, 
                            "value": 0
                        }, 
                        {
                            "name": "Other", 
                            "count": 0, 
                            "value": 0
                        }
                    ]
                }
            ]
        }, 
        {
            "characteristic": "Minority Status", 
            "minoritystatuses": [
                {
                    "minoritystatuse": "White Non-Hispanic", 
                    "purchasers": [
                        {
                            "name": "Fannie Mae", 
                            "count": 2024, 
                            "value": 373170
                        }, 
                        {
                            "name": "Ginnie Mae", 
                            "count": 1158, 
                            "value": 207710
                        }, 
                        {
                            "name": "Freddie Mac", 
                            "count": 1297, 
                            "value": 231544
                        }, 
                        {
                            "name": "Farmer Mac", 
                            "count": 0, 
                            "value": 0
                        }, 
                        {
                            "name": "Private Securitization", 
                            "count": 43, 
                            "value": 9145
                        }, 
                        {
                            "name": "Commercial bank, savings bank or association", 
                            "count": 766, 
                            "value": 138509
                        }, 
                        {
                            "name": "Life insurance co., credit union, finance co.", 
                            "count": 206, 
                            "value": 39354
                        }, 
                        {
                            "name": "Affiliate institution", 
                            "count": 123, 
                            "value": 22185
                        }, 
                        {
                            "name": "Other", 
                            "count": 4948, 
                            "value": 920905
                        }
                    ]
                }, 
                {
                    "minoritystatuse": "Others, Including Hispanic", 
                    "purchasers": [
                        {
                            "name": "Fannie Mae", 
                            "count": 62, 
                            "value": 11784
                        }, 
                        {
                            "name": "Ginnie Mae", 
                            "count": 58, 
                            "value": 10406
                        }, 
                        {
                            "name": "Freddie Mac", 
                            "count": 44, 
                            "value": 7686
                        }, 
                        {
                            "name": "Farmer Mac", 
                            "count": 0, 
                            "value": 0
                        }, 
                        {
                            "name": "Private Securitization", 
                            "count": 2, 
                            "value": 505
                        }, 
                        {
                            "name": "Commercial bank, savings bank or association", 
                            "count": 35, 
                            "value": 7264
                        }, 
                        {
                            "name": "Life insurance co., credit union, finance co.", 
                            "count": 8, 
                            "value": 963
                        }, 
                        {
                            "name": "Affiliate institution", 
                            "count": 6, 
                            "value": 992
                        }, 
                        {
                            "name": "Other", 
                            "count": 221, 
                            "value": 43457
                        }
                    ]
                }
            ]
        }, 
        {
            "characteristic": "Applicant Income", 
            "applicantincomes": [
                {
                    "applicantincome": "Less than 50% of MSA/MD median", 
                    "purchasers": [
                        {
                            "name": "Fannie Mae", 
                            "count": 128, 
                            "value": 14562
                        }, 
                        {
                            "name": "Ginnie Mae", 
                            "count": 60, 
                            "value": 6964
                        }, 
                        {
                            "name": "Freddie Mac", 
                            "count": 74, 
                            "value": 8330
                        }, 
                        {
                            "name": "Farmer Mac", 
                            "count": 0, 
                            "value": 0
                        }, 
                        {
                            "name": "Private Securitization", 
                            "count": 2, 
                            "value": 216
                        }, 
                        {
                            "name": "Commercial bank, savings bank or association", 
                            "count": 71, 
                            "value": 8242
                        }, 
                        {
                            "name": "Life insurance co., credit union, finance co.", 
                            "count": 16, 
                            "value": 1671
                        }, 
                        {
                            "name": "Affiliate institution", 
                            "count": 8, 
                            "value": 1117
                        }, 
                        {
                            "name": "Other", 
                            "count": 442, 
                            "value": 48270
                        }
                    ]
                }, 
                {
                    "applicantincome": "50-79% of MSA/MD median", 
                    "purchasers": [
                        {
                            "name": "Fannie Mae", 
                            "count": 319, 
                            "value": 43572
                        }, 
                        {
                            "name": "Ginnie Mae", 
                            "count": 202, 
                            "value": 28602
                        }, 
                        {
                            "name": "Freddie Mac", 
                            "count": 171, 
                            "value": 21941
                        }, 
                        {
                            "name": "Farmer Mac", 
                            "count": 0, 
                            "value": 0
                        }, 
                        {
                            "name": "Private Securitization", 
                            "count": 7, 
                            "value": 944
                        }, 
                        {
                            "name": "Commercial bank, savings bank or association", 
                            "count": 162, 
                            "value": 22508
                        }, 
                        {
                            "name": "Life insurance co., credit union, finance co.", 
                            "count": 47, 
                            "value": 6336
                        }, 
                        {
                            "name": "Affiliate institution", 
                            "count": 21, 
                            "value": 3135
                        }, 
                        {
                            "name": "Other", 
                            "count": 919, 
                            "value": 111855
                        }
                    ]
                }, 
                {
                    "applicantincome": "80-99% of MSA/MD median", 
                    "purchasers": [
                        {
                            "name": "Fannie Mae", 
                            "count": 261, 
                            "value": 39750
                        }, 
                        {
                            "name": "Ginnie Mae", 
                            "count": 135, 
                            "value": 21947
                        }, 
                        {
                            "name": "Freddie Mac", 
                            "count": 150, 
                            "value": 22573
                        }, 
                        {
                            "name": "Farmer Mac", 
                            "count": 0, 
                            "value": 0
                        }, 
                        {
                            "name": "Private Securitization", 
                            "count": 7, 
                            "value": 1156
                        }, 
                        {
                            "name": "Commercial bank, savings bank or association", 
                            "count": 101, 
                            "value": 15268
                        }, 
                        {
                            "name": "Life insurance co., credit union, finance co.", 
                            "count": 33, 
                            "value": 4755
                        }, 
                        {
                            "name": "Affiliate institution", 
                            "count": 13, 
                            "value": 1889
                        }, 
                        {
                            "name": "Other", 
                            "count": 629, 
                            "value": 89664
                        }
                    ]
                }, 
                {
                    "applicantincome": "100-119% of MSA/MD median", 
                    "purchasers": [
                        {
                            "name": "Fannie Mae", 
                            "count": 201, 
                            "value": 33426
                        }, 
                        {
                            "name": "Ginnie Mae", 
                            "count": 95, 
                            "value": 17676
                        }, 
                        {
                            "name": "Freddie Mac", 
                            "count": 99, 
                            "value": 15756
                        }, 
                        {
                            "name": "Farmer Mac", 
                            "count": 0, 
                            "value": 0
                        }, 
                        {
                            "name": "Private Securitization", 
                            "count": 8, 
                            "value": 1513
                        }, 
                        {
                            "name": "Commercial bank, savings bank or association", 
                            "count": 88, 
                            "value": 15540
                        }, 
                        {
                            "name": "Life insurance co., credit union, finance co.", 
                            "count": 25, 
                            "value": 4772
                        }, 
                        {
                            "name": "Affiliate institution", 
                            "count": 15, 
                            "value": 2315
                        }, 
                        {
                            "name": "Other", 
                            "count": 463, 
                            "value": 73648
                        }
                    ]
                }, 
                {
                    "applicantincome": "120% or more of MSA/MD median", 
                    "purchasers": [
                        {
                            "name": "Fannie Mae", 
                            "count": 1021, 
                            "value": 222744
                        }, 
                        {
                            "name": "Ginnie Mae", 
                            "count": 187, 
                            "value": 41796
                        }, 
                        {
                            "name": "Freddie Mac", 
                            "count": 629, 
                            "value": 129984
                        }, 
                        {
                            "name": "Farmer Mac", 
                            "count": 0, 
                            "value": 0
                        }, 
                        {
                            "name": "Private Securitization", 
                            "count": 21, 
                            "value": 5821
                        }, 
                        {
                            "name": "Commercial bank, savings bank or association", 
                            "count": 315, 
                            "value": 72656
                        }, 
                        {
                            "name": "Life insurance co., credit union, finance co.", 
                            "count": 78, 
                            "value": 20258
                        }, 
                        {
                            "name": "Affiliate institution", 
                            "count": 65, 
                            "value": 13707
                        }, 
                        {
                            "name": "Other", 
                            "count": 2161, 
                            "value": 531780
                        }
                    ]
                }, 
                {
                    "applicantincome": "income not available", 
                    "purchasers": [
                        {
                            "name": "Fannie Mae", 
                            "count": 156, 
                            "value": 30900
                        }, 
                        {
                            "name": "Ginnie Mae", 
                            "count": 537, 
                            "value": 101131
                        }, 
                        {
                            "name": "Freddie Mac", 
                            "count": 218, 
                            "value": 40646
                        }, 
                        {
                            "name": "Farmer Mac", 
                            "count": 0, 
                            "value": 0
                        }, 
                        {
                            "name": "Private Securitization", 
                            "count": 0, 
                            "value": 0
                        }, 
                        {
                            "name": "Commercial bank, savings bank or association", 
                            "count": 64, 
                            "value": 11559
                        }, 
                        {
                            "name": "Life insurance co., credit union, finance co.", 
                            "count": 15, 
                            "value": 2525
                        }, 
                        {
                            "name": "Affiliate institution", 
                            "count": 7, 
                            "value": 1014
                        }, 
                        {
                            "name": "Other", 
                            "count": 555, 
                            "value": 109145
                        }
                    ]
                }
            ]
        }
    ], 
    "censuscharacteristics": [
        {
            "characteristic": "Racial/Ethnic Composition", 
            "tractpctminority": [
                {
                    "tractpctminorit": "Less than 10% minority", 
                    "purchasers": [
                        {
                            "name": "Fannie Mae", 
                            "count": 2028, 
                            "value": 370009
                        }, 
                        {
                            "name": "Ginnie Mae", 
                            "count": 1208, 
                            "value": 216624
                        }, 
                        {
                            "name": "Freddie Mac", 
                            "count": 1310, 
                            "value": 231585
                        }, 
                        {
                            "name": "Farmer Mac", 
                            "count": 0, 
                            "value": 0
                        }, 
                        {
                            "name": "Private Securitization", 
                            "count": 43, 
                            "value": 9127
                        }, 
                        {
                            "name": "Commercial bank, savings bank or association", 
                            "count": 782, 
                            "value": 140788
                        }, 
                        {
                            "name": "Life insurance co., credit union, finance co.", 
                            "count": 212, 
                            "value": 39680
                        }, 
                        {
                            "name": "Affiliate institution", 
                            "count": 126, 
                            "value": 22355
                        }, 
                        {
                            "name": "Other", 
                            "count": 5016, 
                            "value": 921103
                        }
                    ]
                }, 
                {
                    "tractpctminorit": "10-19% minority", 
                    "purchasers": [
                        {
                            "name": "Fannie Mae", 
                            "count": 58, 
                            "value": 14945
                        }, 
                        {
                            "name": "Ginnie Mae", 
                            "count": 8, 
                            "value": 1492
                        }, 
                        {
                            "name": "Freddie Mac", 
                            "count": 31, 
                            "value": 7645
                        }, 
                        {
                            "name": "Farmer Mac", 
                            "count": 0, 
                            "value": 0
                        }, 
                        {
                            "name": "Private Securitization", 
                            "count": 2, 
                            "value": 523
                        }, 
                        {
                            "name": "Commercial bank, savings bank or association", 
                            "count": 19, 
                            "value": 4985
                        }, 
                        {
                            "name": "Life insurance co., credit union, finance co.", 
                            "count": 2, 
                            "value": 637
                        }, 
                        {
                            "name": "Affiliate institution", 
                            "count": 3, 
                            "value": 822
                        }, 
                        {
                            "name": "Other", 
                            "count": 153, 
                            "value": 43259
                        }
                    ]
                }, 
                {
                    "tractpctminorit": "20-49% minority", 
                    "purchasers": [
                        {
                            "name": "Fannie Mae", 
                            "count": 0, 
                            "value": 0
                        }, 
                        {
                            "name": "Ginnie Mae", 
                            "count": 0, 
                            "value": 0
                        }, 
                        {
                            "name": "Freddie Mac", 
                            "count": 0, 
                            "value": 0
                        }, 
                        {
                            "name": "Farmer Mac", 
                            "count": 0, 
                            "value": 0
                        }, 
                        {
                            "name": "Private Securitization", 
                            "count": 0, 
                            "value": 0
                        }, 
                        {
                            "name": "Commercial bank, savings bank or association", 
                            "count": 0, 
                            "value": 0
                        }, 
                        {
                            "name": "Life insurance co., credit union, finance co.", 
                            "count": 0, 
                            "value": 0
                        }, 
                        {
                            "name": "Affiliate institution", 
                            "count": 0, 
                            "value": 0
                        }, 
                        {
                            "name": "Other", 
                            "count": 0, 
                            "value": 0
                        }
                    ]
                }, 
                {
                    "tractpctminorit": "50-79% minority", 
                    "purchasers": [
                        {
                            "name": "Fannie Mae", 
                            "count": 0, 
                            "value": 0
                        }, 
                        {
                            "name": "Ginnie Mae", 
                            "count": 0, 
                            "value": 0
                        }, 
                        {
                            "name": "Freddie Mac", 
                            "count": 0, 
                            "value": 0
                        }, 
                        {
                            "name": "Farmer Mac", 
                            "count": 0, 
                            "value": 0
                        }, 
                        {
                            "name": "Private Securitization", 
                            "count": 0, 
                            "value": 0
                        }, 
                        {
                            "name": "Commercial bank, savings bank or association", 
                            "count": 0, 
                            "value": 0
                        }, 
                        {
                            "name": "Life insurance co., credit union, finance co.", 
                            "count": 0, 
                            "value": 0
                        }, 
                        {
                            "name": "Affiliate institution", 
                            "count": 0, 
                            "value": 0
                        }, 
                        {
                            "name": "Other", 
                            "count": 0, 
                            "value": 0
                        }
                    ]
                }, 
                {
                    "tractpctminorit": "80-100% minority", 
                    "purchasers": [
                        {
                            "name": "Fannie Mae", 
                            "count": 0, 
                            "value": 0
                        }, 
                        {
                            "name": "Ginnie Mae", 
                            "count": 0, 
                            "value": 0
                        }, 
                        {
                            "name": "Freddie Mac", 
                            "count": 0, 
                            "value": 0
                        }, 
                        {
                            "name": "Farmer Mac", 
                            "count": 0, 
                            "value": 0
                        }, 
                        {
                            "name": "Private Securitization", 
                            "count": 0, 
                            "value": 0
                        }, 
                        {
                            "name": "Commercial bank, savings bank or association", 
                            "count": 0, 
                            "value": 0
                        }, 
                        {
                            "name": "Life insurance co., credit union, finance co.", 
                            "count": 0, 
                            "value": 0
                        }, 
                        {
                            "name": "Affiliate institution", 
                            "count": 0, 
                            "value": 0
                        }, 
                        {
                            "name": "Other", 
                            "count": 0, 
                            "value": 0
                        }
                    ]
                }
            ]
        }, 
        {
            "characteristic": "Income", 
            "incomelevel": [
                {
                    "incomeleve": "Low income", 
                    "purchasers": [
                        {
                            "name": "Fannie Mae", 
                            "count": 24, 
                            "value": 2869
                        }, 
                        {
                            "name": "Ginnie Mae", 
                            "count": 8, 
                            "value": 4303
                        }, 
                        {
                            "name": "Freddie Mac", 
                            "count": 14, 
                            "value": 1999
                        }, 
                        {
                            "name": "Farmer Mac", 
                            "count": 0, 
                            "value": 0
                        }, 
                        {
                            "name": "Private Securitization", 
                            "count": 1, 
                            "value": 58
                        }, 
                        {
                            "name": "Commercial bank, savings bank or association", 
                            "count": 8, 
                            "value": 1180
                        }, 
                        {
                            "name": "Life insurance co., credit union, finance co.", 
                            "count": 1, 
                            "value": 128
                        }, 
                        {
                            "name": "Affiliate institution", 
                            "count": 0, 
                            "value": 0
                        }, 
                        {
                            "name": "Other", 
                            "count": 51, 
                            "value": 6984
                        }
                    ]
                }, 
                {
                    "incomeleve": "Moderate income", 
                    "purchasers": [
                        {
                            "name": "Fannie Mae", 
                            "count": 183, 
                            "value": 29160
                        }, 
                        {
                            "name": "Ginnie Mae", 
                            "count": 90, 
                            "value": 13866
                        }, 
                        {
                            "name": "Freddie Mac", 
                            "count": 120, 
                            "value": 18918
                        }, 
                        {
                            "name": "Farmer Mac", 
                            "count": 0, 
                            "value": 0
                        }, 
                        {
                            "name": "Private Securitization", 
                            "count": 2, 
                            "value": 277
                        }, 
                        {
                            "name": "Commercial bank, savings bank or association", 
                            "count": 73, 
                            "value": 12537
                        }, 
                        {
                            "name": "Life insurance co., credit union, finance co.", 
                            "count": 17, 
                            "value": 2338
                        }, 
                        {
                            "name": "Affiliate institution", 
                            "count": 27, 
                            "value": 3976
                        }, 
                        {
                            "name": "Other", 
                            "count": 460, 
                            "value": 76006
                        }
                    ]
                }, 
                {
                    "incomeleve": "Middle income", 
                    "purchasers": [
                        {
                            "name": "Fannie Mae", 
                            "count": 1328, 
                            "value": 230778
                        }, 
                        {
                            "name": "Ginnie Mae", 
                            "count": 955, 
                            "value": 164476
                        }, 
                        {
                            "name": "Freddie Mac", 
                            "count": 838, 
                            "value": 139190
                        }, 
                        {
                            "name": "Farmer Mac", 
                            "count": 0, 
                            "value": 0
                        }, 
                        {
                            "name": "Private Securitization", 
                            "count": 27, 
                            "value": 5235
                        }, 
                        {
                            "name": "Commercial bank, savings bank or association", 
                            "count": 540, 
                            "value": 92565
                        }, 
                        {
                            "name": "Life insurance co., credit union, finance co.", 
                            "count": 149, 
                            "value": 26391
                        }, 
                        {
                            "name": "Affiliate institution", 
                            "count": 74, 
                            "value": 12935
                        }, 
                        {
                            "name": "Other", 
                            "count": 3559, 
                            "value": 606680
                        }
                    ]
                }, 
                {
                    "incomeleve": "Upper income", 
                    "purchasers": [
                        {
                            "name": "Fannie Mae", 
                            "count": 551, 
                            "value": 122147
                        }, 
                        {
                            "name": "Ginnie Mae", 
                            "count": 163, 
                            "value": 35471
                        }, 
                        {
                            "name": "Freddie Mac", 
                            "count": 369, 
                            "value": 79123
                        }, 
                        {
                            "name": "Farmer Mac", 
                            "count": 0, 
                            "value": 0
                        }, 
                        {
                            "name": "Private Securitization", 
                            "count": 15, 
                            "value": 4080
                        }, 
                        {
                            "name": "Commercial bank, savings bank or association", 
                            "count": 180, 
                            "value": 39491
                        }, 
                        {
                            "name": "Life insurance co., credit union, finance co.", 
                            "count": 47, 
                            "value": 11460
                        }, 
                        {
                            "name": "Affiliate institution", 
                            "count": 28, 
                            "value": 6266
                        }, 
                        {
                            "name": "Other", 
                            "count": 1099, 
                            "value": 274692
                        }
                    ]
                }
            ]
        }
    ], 
    "total": {
        "purchasers": [
            {
                "name": "Fannie Mae", 
                "count": 2086, 
                "value": 384954
            }, 
            {
                "name": "Ginnie Mae", 
                "count": 1216, 
                "value": 218116
            }, 
            {
                "name": "Freddie Mac", 
                "count": 1341, 
                "value": 239230
            }, 
            {
                "name": "Farmer Mac", 
                "count": 0, 
                "value": 0
            }, 
            {
                "name": "Private Securitization", 
                "count": 45, 
                "value": 9650
            }, 
            {
                "name": "Commercial bank, savings bank or association", 
                "count": 801, 
                "value": 145773
            }, 
            {
                "name": "Life insurance co., credit union, finance co.", 
                "count": 214, 
                "value": 40317
            }, 
            {
                "name": "Affiliate institution", 
                "count": 129, 
                "value": 23177
            }, 
            {
                "name": "Other", 
                "count": 5169, 
                "value": 964362
            }
        ]
    }
}