{
    "table": "4-3", 
    "type": "Aggregate", 
    "desc": "Disposition of applications to refinnace loans on 1- to 4- family and manufactured home dwellings, by race, ethnicity, gender and income of applicant", 
    "year": "2013", 
    "report-date": "06/03/2015", 
    "msa": {
        "id": "11500", 
        "name": "Anniston-Oxford", 
        "state": "AL", 
        "state_name": "Alabama"
    }, 
    "races": [
        {
            "race": "American Indian/Alaska Native", 
            "dispositions": [
                {
                    "disposition": "Applications Received", 
                    "count": 7, 
                    "value": 703
                }, 
                {
                    "disposition": "Loans Originated", 
                    "count": 6, 
                    "value": 597
                }, 
                {
                    "disposition": "Apps. Approved But Not Accepted", 
                    "count": 0, 
                    "value": 0
                }, 
                {
                    "disposition": "Aplications Denied", 
                    "count": 0, 
                    "value": 0
                }, 
                {
                    "disposition": "Applications Withdrawn", 
                    "count": 1, 
                    "value": 106
                }, 
                {
                    "disposition": "Files Closed For Incompleteness", 
                    "count": 0, 
                    "value": 0
                }
            ], 
            "genders": [
                {
                    "gender": "Male", 
                    "dispositions": [
                        {
                            "disposition": "Applications Received", 
                            "count": 5, 
                            "value": 460
                        }, 
                        {
                            "disposition": "Loans Originated", 
                            "count": 4, 
                            "value": 354
                        }, 
                        {
                            "disposition": "Apps. Approved But Not Accepted", 
                            "count": 0, 
                            "value": 0
                        }, 
                        {
                            "disposition": "Aplications Denied", 
                            "count": 0, 
                            "value": 0
                        }, 
                        {
                            "disposition": "Applications Withdrawn", 
                            "count": 1, 
                            "value": 106
                        }, 
                        {
                            "disposition": "Files Closed For Incompleteness", 
                            "count": 0, 
                            "value": 0
                        }
                    ]
                }, 
                {
                    "gender": "Female", 
                    "dispositions": [
                        {
                            "disposition": "Applications Received", 
                            "count": 0, 
                            "value": 0
                        }, 
                        {
                            "disposition": "Loans Originated", 
                            "count": 0, 
                            "value": 0
                        }, 
                        {
                            "disposition": "Apps. Approved But Not Accepted", 
                            "count": 0, 
                            "value": 0
                        }, 
                        {
                            "disposition": "Aplications Denied", 
                            "count": 0, 
                            "value": 0
                        }, 
                        {
                            "disposition": "Applications Withdrawn", 
                            "count": 0, 
                            "value": 0
                        }, 
                        {
                            "disposition": "Files Closed For Incompleteness", 
                            "count": 0, 
                            "value": 0
                        }
                    ]
                }, 
                {
                    "gender": "Joint (Male/Female)", 
                    "dispositions": [
                        {
                            "disposition": "Applications Received", 
                            "count": 2, 
                            "value": 243
                        }, 
                        {
                            "disposition": "Loans Originated", 
                            "count": 2, 
                            "value": 243
                        }, 
                        {
                            "disposition": "Apps. Approved But Not Accepted", 
                            "count": 0, 
                            "value": 0
                        }, 
                        {
                            "disposition": "Aplications Denied", 
                            "count": 0, 
                            "value": 0
                        }, 
                        {
                            "disposition": "Applications Withdrawn", 
                            "count": 0, 
                            "value": 0
                        }, 
                        {
                            "disposition": "Files Closed For Incompleteness", 
                            "count": 0, 
                            "value": 0
                        }
                    ]
                }
            ]
        }, 
        {
            "race": "Asian", 
            "dispositions": [
                {
                    "disposition": "Applications Received", 
                    "count": 8, 
                    "value": 851
                }, 
                {
                    "disposition": "Loans Originated", 
                    "count": 4, 
                    "value": 337
                }, 
                {
                    "disposition": "Apps. Approved But Not Accepted", 
                    "count": 0, 
                    "value": 0
                }, 
                {
                    "disposition": "Aplications Denied", 
                    "count": 2, 
                    "value": 303
                }, 
                {
                    "disposition": "Applications Withdrawn", 
                    "count": 1, 
                    "value": 86
                }, 
                {
                    "disposition": "Files Closed For Incompleteness", 
                    "count": 1, 
                    "value": 125
                }
            ], 
            "genders": [
                {
                    "gender": "Male", 
                    "dispositions": [
                        {
                            "disposition": "Applications Received", 
                            "count": 4, 
                            "value": 426
                        }, 
                        {
                            "disposition": "Loans Originated", 
                            "count": 2, 
                            "value": 215
                        }, 
                        {
                            "disposition": "Apps. Approved But Not Accepted", 
                            "count": 0, 
                            "value": 0
                        }, 
                        {
                            "disposition": "Aplications Denied", 
                            "count": 1, 
                            "value": 125
                        }, 
                        {
                            "disposition": "Applications Withdrawn", 
                            "count": 1, 
                            "value": 86
                        }, 
                        {
                            "disposition": "Files Closed For Incompleteness", 
                            "count": 0, 
                            "value": 0
                        }
                    ]
                }, 
                {
                    "gender": "Female", 
                    "dispositions": [
                        {
                            "disposition": "Applications Received", 
                            "count": 3, 
                            "value": 300
                        }, 
                        {
                            "disposition": "Loans Originated", 
                            "count": 2, 
                            "value": 122
                        }, 
                        {
                            "disposition": "Apps. Approved But Not Accepted", 
                            "count": 0, 
                            "value": 0
                        }, 
                        {
                            "disposition": "Aplications Denied", 
                            "count": 1, 
                            "value": 178
                        }, 
                        {
                            "disposition": "Applications Withdrawn", 
                            "count": 0, 
                            "value": 0
                        }, 
                        {
                            "disposition": "Files Closed For Incompleteness", 
                            "count": 0, 
                            "value": 0
                        }
                    ]
                }, 
                {
                    "gender": "Joint (Male/Female)", 
                    "dispositions": [
                        {
                            "disposition": "Applications Received", 
                            "count": 0, 
                            "value": 0
                        }, 
                        {
                            "disposition": "Loans Originated", 
                            "count": 0, 
                            "value": 0
                        }, 
                        {
                            "disposition": "Apps. Approved But Not Accepted", 
                            "count": 0, 
                            "value": 0
                        }, 
                        {
                            "disposition": "Aplications Denied", 
                            "count": 0, 
                            "value": 0
                        }, 
                        {
                            "disposition": "Applications Withdrawn", 
                            "count": 0, 
                            "value": 0
                        }, 
                        {
                            "disposition": "Files Closed For Incompleteness", 
                            "count": 0, 
                            "value": 0
                        }
                    ]
                }
            ]
        }, 
        {
            "race": "Black or African American", 
            "dispositions": [
                {
                    "disposition": "Applications Received", 
                    "count": 13, 
                    "value": 1924
                }, 
                {
                    "disposition": "Loans Originated", 
                    "count": 7, 
                    "value": 925
                }, 
                {
                    "disposition": "Apps. Approved But Not Accepted", 
                    "count": 0, 
                    "value": 0
                }, 
                {
                    "disposition": "Aplications Denied", 
                    "count": 3, 
                    "value": 419
                }, 
                {
                    "disposition": "Applications Withdrawn", 
                    "count": 3, 
                    "value": 580
                }, 
                {
                    "disposition": "Files Closed For Incompleteness", 
                    "count": 0, 
                    "value": 0
                }
            ], 
            "genders": [
                {
                    "gender": "Male", 
                    "dispositions": [
                        {
                            "disposition": "Applications Received", 
                            "count": 6, 
                            "value": 807
                        }, 
                        {
                            "disposition": "Loans Originated", 
                            "count": 3, 
                            "value": 236
                        }, 
                        {
                            "disposition": "Apps. Approved But Not Accepted", 
                            "count": 0, 
                            "value": 0
                        }, 
                        {
                            "disposition": "Aplications Denied", 
                            "count": 1, 
                            "value": 129
                        }, 
                        {
                            "disposition": "Applications Withdrawn", 
                            "count": 2, 
                            "value": 442
                        }, 
                        {
                            "disposition": "Files Closed For Incompleteness", 
                            "count": 0, 
                            "value": 0
                        }
                    ]
                }, 
                {
                    "gender": "Female", 
                    "dispositions": [
                        {
                            "disposition": "Applications Received", 
                            "count": 3, 
                            "value": 292
                        }, 
                        {
                            "disposition": "Loans Originated", 
                            "count": 2, 
                            "value": 187
                        }, 
                        {
                            "disposition": "Apps. Approved But Not Accepted", 
                            "count": 0, 
                            "value": 0
                        }, 
                        {
                            "disposition": "Aplications Denied", 
                            "count": 1, 
                            "value": 105
                        }, 
                        {
                            "disposition": "Applications Withdrawn", 
                            "count": 0, 
                            "value": 0
                        }, 
                        {
                            "disposition": "Files Closed For Incompleteness", 
                            "count": 0, 
                            "value": 0
                        }
                    ]
                }, 
                {
                    "gender": "Joint (Male/Female)", 
                    "dispositions": [
                        {
                            "disposition": "Applications Received", 
                            "count": 4, 
                            "value": 825
                        }, 
                        {
                            "disposition": "Loans Originated", 
                            "count": 2, 
                            "value": 502
                        }, 
                        {
                            "disposition": "Apps. Approved But Not Accepted", 
                            "count": 0, 
                            "value": 0
                        }, 
                        {
                            "disposition": "Aplications Denied", 
                            "count": 1, 
                            "value": 185
                        }, 
                        {
                            "disposition": "Applications Withdrawn", 
                            "count": 1, 
                            "value": 138
                        }, 
                        {
                            "disposition": "Files Closed For Incompleteness", 
                            "count": 0, 
                            "value": 0
                        }
                    ]
                }
            ]
        }, 
        {
            "race": "Native Hawaiian or Other Pacific Islander", 
            "dispositions": [
                {
                    "disposition": "Applications Received", 
                    "count": 259, 
                    "value": 26648
                }, 
                {
                    "disposition": "Loans Originated", 
                    "count": 111, 
                    "value": 11957
                }, 
                {
                    "disposition": "Apps. Approved But Not Accepted", 
                    "count": 23, 
                    "value": 2309
                }, 
                {
                    "disposition": "Aplications Denied", 
                    "count": 76, 
                    "value": 6954
                }, 
                {
                    "disposition": "Applications Withdrawn", 
                    "count": 31, 
                    "value": 3180
                }, 
                {
                    "disposition": "Files Closed For Incompleteness", 
                    "count": 18, 
                    "value": 2248
                }
            ], 
            "genders": [
                {
                    "gender": "Male", 
                    "dispositions": [
                        {
                            "disposition": "Applications Received", 
                            "count": 110, 
                            "value": 11420
                        }, 
                        {
                            "disposition": "Loans Originated", 
                            "count": 46, 
                            "value": 4932
                        }, 
                        {
                            "disposition": "Apps. Approved But Not Accepted", 
                            "count": 10, 
                            "value": 1047
                        }, 
                        {
                            "disposition": "Aplications Denied", 
                            "count": 29, 
                            "value": 2743
                        }, 
                        {
                            "disposition": "Applications Withdrawn", 
                            "count": 14, 
                            "value": 1344
                        }, 
                        {
                            "disposition": "Files Closed For Incompleteness", 
                            "count": 11, 
                            "value": 1354
                        }
                    ]
                }, 
                {
                    "gender": "Female", 
                    "dispositions": [
                        {
                            "disposition": "Applications Received", 
                            "count": 72, 
                            "value": 6621
                        }, 
                        {
                            "disposition": "Loans Originated", 
                            "count": 31, 
                            "value": 3000
                        }, 
                        {
                            "disposition": "Apps. Approved But Not Accepted", 
                            "count": 5, 
                            "value": 402
                        }, 
                        {
                            "disposition": "Aplications Denied", 
                            "count": 25, 
                            "value": 2080
                        }, 
                        {
                            "disposition": "Applications Withdrawn", 
                            "count": 7, 
                            "value": 655
                        }, 
                        {
                            "disposition": "Files Closed For Incompleteness", 
                            "count": 4, 
                            "value": 484
                        }
                    ]
                }, 
                {
                    "gender": "Joint (Male/Female)", 
                    "dispositions": [
                        {
                            "disposition": "Applications Received", 
                            "count": 77, 
                            "value": 8607
                        }, 
                        {
                            "disposition": "Loans Originated", 
                            "count": 34, 
                            "value": 4025
                        }, 
                        {
                            "disposition": "Apps. Approved But Not Accepted", 
                            "count": 8, 
                            "value": 860
                        }, 
                        {
                            "disposition": "Aplications Denied", 
                            "count": 22, 
                            "value": 2131
                        }, 
                        {
                            "disposition": "Applications Withdrawn", 
                            "count": 10, 
                            "value": 1181
                        }, 
                        {
                            "disposition": "Files Closed For Incompleteness", 
                            "count": 3, 
                            "value": 410
                        }
                    ]
                }
            ]
        }, 
        {
            "race": "White", 
            "dispositions": [
                {
                    "disposition": "Applications Received", 
                    "count": 4, 
                    "value": 643
                }, 
                {
                    "disposition": "Loans Originated", 
                    "count": 3, 
                    "value": 443
                }, 
                {
                    "disposition": "Apps. Approved But Not Accepted", 
                    "count": 1, 
                    "value": 200
                }, 
                {
                    "disposition": "Aplications Denied", 
                    "count": 0, 
                    "value": 0
                }, 
                {
                    "disposition": "Applications Withdrawn", 
                    "count": 0, 
                    "value": 0
                }, 
                {
                    "disposition": "Files Closed For Incompleteness", 
                    "count": 0, 
                    "value": 0
                }
            ], 
            "genders": [
                {
                    "gender": "Male", 
                    "dispositions": [
                        {
                            "disposition": "Applications Received", 
                            "count": 0, 
                            "value": 0
                        }, 
                        {
                            "disposition": "Loans Originated", 
                            "count": 0, 
                            "value": 0
                        }, 
                        {
                            "disposition": "Apps. Approved But Not Accepted", 
                            "count": 0, 
                            "value": 0
                        }, 
                        {
                            "disposition": "Aplications Denied", 
                            "count": 0, 
                            "value": 0
                        }, 
                        {
                            "disposition": "Applications Withdrawn", 
                            "count": 0, 
                            "value": 0
                        }, 
                        {
                            "disposition": "Files Closed For Incompleteness", 
                            "count": 0, 
                            "value": 0
                        }
                    ]
                }, 
                {
                    "gender": "Female", 
                    "dispositions": [
                        {
                            "disposition": "Applications Received", 
                            "count": 0, 
                            "value": 0
                        }, 
                        {
                            "disposition": "Loans Originated", 
                            "count": 0, 
                            "value": 0
                        }, 
                        {
                            "disposition": "Apps. Approved But Not Accepted", 
                            "count": 0, 
                            "value": 0
                        }, 
                        {
                            "disposition": "Aplications Denied", 
                            "count": 0, 
                            "value": 0
                        }, 
                        {
                            "disposition": "Applications Withdrawn", 
                            "count": 0, 
                            "value": 0
                        }, 
                        {
                            "disposition": "Files Closed For Incompleteness", 
                            "count": 0, 
                            "value": 0
                        }
                    ]
                }, 
                {
                    "gender": "Joint (Male/Female)", 
                    "dispositions": [
                        {
                            "disposition": "Applications Received", 
                            "count": 4, 
                            "value": 643
                        }, 
                        {
                            "disposition": "Loans Originated", 
                            "count": 3, 
                            "value": 443
                        }, 
                        {
                            "disposition": "Apps. Approved But Not Accepted", 
                            "count": 1, 
                            "value": 200
                        }, 
                        {
                            "disposition": "Aplications Denied", 
                            "count": 0, 
                            "value": 0
                        }, 
                        {
                            "disposition": "Applications Withdrawn", 
                            "count": 0, 
                            "value": 0
                        }, 
                        {
                            "disposition": "Files Closed For Incompleteness", 
                            "count": 0, 
                            "value": 0
                        }
                    ]
                }
            ]
        }, 
        {
            "race": "2 or more minority races", 
            "dispositions": [
                {
                    "disposition": "Applications Received", 
                    "count": 2264, 
                    "value": 255724
                }, 
                {
                    "disposition": "Loans Originated", 
                    "count": 1302, 
                    "value": 143546
                }, 
                {
                    "disposition": "Apps. Approved But Not Accepted", 
                    "count": 162, 
                    "value": 18295
                }, 
                {
                    "disposition": "Aplications Denied", 
                    "count": 483, 
                    "value": 54023
                }, 
                {
                    "disposition": "Applications Withdrawn", 
                    "count": 221, 
                    "value": 26841
                }, 
                {
                    "disposition": "Files Closed For Incompleteness", 
                    "count": 96, 
                    "value": 13019
                }
            ], 
            "genders": [
                {
                    "gender": "Male", 
                    "dispositions": [
                        {
                            "disposition": "Applications Received", 
                            "count": 790, 
                            "value": 89044
                        }, 
                        {
                            "disposition": "Loans Originated", 
                            "count": 437, 
                            "value": 47265
                        }, 
                        {
                            "disposition": "Apps. Approved But Not Accepted", 
                            "count": 47, 
                            "value": 5248
                        }, 
                        {
                            "disposition": "Aplications Denied", 
                            "count": 188, 
                            "value": 22136
                        }, 
                        {
                            "disposition": "Applications Withdrawn", 
                            "count": 82, 
                            "value": 9308
                        }, 
                        {
                            "disposition": "Files Closed For Incompleteness", 
                            "count": 36, 
                            "value": 5087
                        }
                    ]
                }, 
                {
                    "gender": "Female", 
                    "dispositions": [
                        {
                            "disposition": "Applications Received", 
                            "count": 433, 
                            "value": 39754
                        }, 
                        {
                            "disposition": "Loans Originated", 
                            "count": 236, 
                            "value": 21443
                        }, 
                        {
                            "disposition": "Apps. Approved But Not Accepted", 
                            "count": 36, 
                            "value": 3349
                        }, 
                        {
                            "disposition": "Aplications Denied", 
                            "count": 114, 
                            "value": 9986
                        }, 
                        {
                            "disposition": "Applications Withdrawn", 
                            "count": 39, 
                            "value": 4253
                        }, 
                        {
                            "disposition": "Files Closed For Incompleteness", 
                            "count": 8, 
                            "value": 723
                        }
                    ]
                }, 
                {
                    "gender": "Joint (Male/Female)", 
                    "dispositions": [
                        {
                            "disposition": "Applications Received", 
                            "count": 1036, 
                            "value": 126165
                        }, 
                        {
                            "disposition": "Loans Originated", 
                            "count": 627, 
                            "value": 74524
                        }, 
                        {
                            "disposition": "Apps. Approved But Not Accepted", 
                            "count": 79, 
                            "value": 9698
                        }, 
                        {
                            "disposition": "Aplications Denied", 
                            "count": 179, 
                            "value": 21544
                        }, 
                        {
                            "disposition": "Applications Withdrawn", 
                            "count": 99, 
                            "value": 13190
                        }, 
                        {
                            "disposition": "Files Closed For Incompleteness", 
                            "count": 52, 
                            "value": 7209
                        }
                    ]
                }
            ]
        }, 
        {
            "race": "Joint (White/Minority Race", 
            "dispositions": [
                {
                    "disposition": "Applications Received", 
                    "count": 22, 
                    "value": 2761
                }, 
                {
                    "disposition": "Loans Originated", 
                    "count": 13, 
                    "value": 1476
                }, 
                {
                    "disposition": "Apps. Approved But Not Accepted", 
                    "count": 1, 
                    "value": 149
                }, 
                {
                    "disposition": "Aplications Denied", 
                    "count": 5, 
                    "value": 672
                }, 
                {
                    "disposition": "Applications Withdrawn", 
                    "count": 1, 
                    "value": 56
                }, 
                {
                    "disposition": "Files Closed For Incompleteness", 
                    "count": 2, 
                    "value": 408
                }
            ], 
            "genders": [
                {
                    "gender": "Male", 
                    "dispositions": [
                        {
                            "disposition": "Applications Received", 
                            "count": 0, 
                            "value": 0
                        }, 
                        {
                            "disposition": "Loans Originated", 
                            "count": 0, 
                            "value": 0
                        }, 
                        {
                            "disposition": "Apps. Approved But Not Accepted", 
                            "count": 0, 
                            "value": 0
                        }, 
                        {
                            "disposition": "Aplications Denied", 
                            "count": 0, 
                            "value": 0
                        }, 
                        {
                            "disposition": "Applications Withdrawn", 
                            "count": 0, 
                            "value": 0
                        }, 
                        {
                            "disposition": "Files Closed For Incompleteness", 
                            "count": 0, 
                            "value": 0
                        }
                    ]
                }, 
                {
                    "gender": "Female", 
                    "dispositions": [
                        {
                            "disposition": "Applications Received", 
                            "count": 0, 
                            "value": 0
                        }, 
                        {
                            "disposition": "Loans Originated", 
                            "count": 0, 
                            "value": 0
                        }, 
                        {
                            "disposition": "Apps. Approved But Not Accepted", 
                            "count": 0, 
                            "value": 0
                        }, 
                        {
                            "disposition": "Aplications Denied", 
                            "count": 0, 
                            "value": 0
                        }, 
                        {
                            "disposition": "Applications Withdrawn", 
                            "count": 0, 
                            "value": 0
                        }, 
                        {
                            "disposition": "Files Closed For Incompleteness", 
                            "count": 0, 
                            "value": 0
                        }
                    ]
                }, 
                {
                    "gender": "Joint (Male/Female)", 
                    "dispositions": [
                        {
                            "disposition": "Applications Received", 
                            "count": 22, 
                            "value": 2761
                        }, 
                        {
                            "disposition": "Loans Originated", 
                            "count": 13, 
                            "value": 1476
                        }, 
                        {
                            "disposition": "Apps. Approved But Not Accepted", 
                            "count": 1, 
                            "value": 149
                        }, 
                        {
                            "disposition": "Aplications Denied", 
                            "count": 5, 
                            "value": 672
                        }, 
                        {
                            "disposition": "Applications Withdrawn", 
                            "count": 1, 
                            "value": 56
                        }, 
                        {
                            "disposition": "Files Closed For Incompleteness", 
                            "count": 2, 
                            "value": 408
                        }
                    ]
                }
            ]
        }, 
        {
            "race": "Not Available", 
            "dispositions": [
                {
                    "disposition": "Applications Received", 
                    "count": 266, 
                    "value": 31643
                }, 
                {
                    "disposition": "Loans Originated", 
                    "count": 113, 
                    "value": 13410
                }, 
                {
                    "disposition": "Apps. Approved But Not Accepted", 
                    "count": 9, 
                    "value": 1284
                }, 
                {
                    "disposition": "Aplications Denied", 
                    "count": 84, 
                    "value": 8836
                }, 
                {
                    "disposition": "Applications Withdrawn", 
                    "count": 45, 
                    "value": 6072
                }, 
                {
                    "disposition": "Files Closed For Incompleteness", 
                    "count": 15, 
                    "value": 2041
                }
            ], 
            "genders": [
                {
                    "gender": "Male", 
                    "dispositions": [
                        {
                            "disposition": "Applications Received", 
                            "count": 37, 
                            "value": 4291
                        }, 
                        {
                            "disposition": "Loans Originated", 
                            "count": 16, 
                            "value": 2043
                        }, 
                        {
                            "disposition": "Apps. Approved But Not Accepted", 
                            "count": 0, 
                            "value": 0
                        }, 
                        {
                            "disposition": "Aplications Denied", 
                            "count": 8, 
                            "value": 540
                        }, 
                        {
                            "disposition": "Applications Withdrawn", 
                            "count": 10, 
                            "value": 1439
                        }, 
                        {
                            "disposition": "Files Closed For Incompleteness", 
                            "count": 3, 
                            "value": 269
                        }
                    ]
                }, 
                {
                    "gender": "Female", 
                    "dispositions": [
                        {
                            "disposition": "Applications Received", 
                            "count": 22, 
                            "value": 2252
                        }, 
                        {
                            "disposition": "Loans Originated", 
                            "count": 8, 
                            "value": 677
                        }, 
                        {
                            "disposition": "Apps. Approved But Not Accepted", 
                            "count": 1, 
                            "value": 125
                        }, 
                        {
                            "disposition": "Aplications Denied", 
                            "count": 10, 
                            "value": 1237
                        }, 
                        {
                            "disposition": "Applications Withdrawn", 
                            "count": 2, 
                            "value": 120
                        }, 
                        {
                            "disposition": "Files Closed For Incompleteness", 
                            "count": 1, 
                            "value": 93
                        }
                    ]
                }, 
                {
                    "gender": "Joint (Male/Female)", 
                    "dispositions": [
                        {
                            "disposition": "Applications Received", 
                            "count": 33, 
                            "value": 3988
                        }, 
                        {
                            "disposition": "Loans Originated", 
                            "count": 8, 
                            "value": 924
                        }, 
                        {
                            "disposition": "Apps. Approved But Not Accepted", 
                            "count": 0, 
                            "value": 0
                        }, 
                        {
                            "disposition": "Aplications Denied", 
                            "count": 16, 
                            "value": 1958
                        }, 
                        {
                            "disposition": "Applications Withdrawn", 
                            "count": 7, 
                            "value": 875
                        }, 
                        {
                            "disposition": "Files Closed For Incompleteness", 
                            "count": 2, 
                            "value": 231
                        }
                    ]
                }
            ]
        }
    ], 
    "ethnicities": [
        {
            "ethnicity": "Hispanic or Latino", 
            "dispositions": [
                {
                    "disposition": "Applications Received", 
                    "count": 38, 
                    "value": 4746
                }, 
                {
                    "disposition": "Loans Originated", 
                    "count": 18, 
                    "value": 2434
                }, 
                {
                    "disposition": "Apps. Approved But Not Accepted", 
                    "count": 1, 
                    "value": 100
                }, 
                {
                    "disposition": "Aplications Denied", 
                    "count": 12, 
                    "value": 1354
                }, 
                {
                    "disposition": "Applications Withdrawn", 
                    "count": 6, 
                    "value": 726
                }, 
                {
                    "disposition": "Files Closed For Incompleteness", 
                    "count": 1, 
                    "value": 132
                }
            ], 
            "genders": [
                {
                    "gender": "Male", 
                    "dispositions": [
                        {
                            "disposition": "Applications Received", 
                            "count": 21, 
                            "value": 21
                        }, 
                        {
                            "disposition": "Loans Originated", 
                            "count": 9, 
                            "value": 1090
                        }, 
                        {
                            "disposition": "Apps. Approved But Not Accepted", 
                            "count": 0, 
                            "value": 0
                        }, 
                        {
                            "disposition": "Aplications Denied", 
                            "count": 7, 
                            "value": 758
                        }, 
                        {
                            "disposition": "Applications Withdrawn", 
                            "count": 4, 
                            "value": 468
                        }, 
                        {
                            "disposition": "Files Closed For Incompleteness", 
                            "count": 1, 
                            "value": 132
                        }
                    ]
                }, 
                {
                    "gender": "Female", 
                    "dispositions": [
                        {
                            "disposition": "Applications Received", 
                            "count": 4, 
                            "value": 4
                        }, 
                        {
                            "disposition": "Loans Originated", 
                            "count": 1, 
                            "value": 37
                        }, 
                        {
                            "disposition": "Apps. Approved But Not Accepted", 
                            "count": 0, 
                            "value": 0
                        }, 
                        {
                            "disposition": "Aplications Denied", 
                            "count": 3, 
                            "value": 372
                        }, 
                        {
                            "disposition": "Applications Withdrawn", 
                            "count": 0, 
                            "value": 0
                        }, 
                        {
                            "disposition": "Files Closed For Incompleteness", 
                            "count": 0, 
                            "value": 0
                        }
                    ]
                }, 
                {
                    "gender": "Joint (Male/Female)", 
                    "dispositions": [
                        {
                            "disposition": "Applications Received", 
                            "count": 13, 
                            "value": 13
                        }, 
                        {
                            "disposition": "Loans Originated", 
                            "count": 8, 
                            "value": 1307
                        }, 
                        {
                            "disposition": "Apps. Approved But Not Accepted", 
                            "count": 1, 
                            "value": 100
                        }, 
                        {
                            "disposition": "Aplications Denied", 
                            "count": 2, 
                            "value": 224
                        }, 
                        {
                            "disposition": "Applications Withdrawn", 
                            "count": 2, 
                            "value": 258
                        }, 
                        {
                            "disposition": "Files Closed For Incompleteness", 
                            "count": 0, 
                            "value": 0
                        }
                    ]
                }
            ]
        }, 
        {
            "ethnicity": "Not Hispanic or Latino", 
            "dispositions": [
                {
                    "disposition": "Applications Received", 
                    "count": 2528, 
                    "value": 282914
                }, 
                {
                    "disposition": "Loans Originated", 
                    "count": 1418, 
                    "value": 155646
                }, 
                {
                    "disposition": "Apps. Approved But Not Accepted", 
                    "count": 182, 
                    "value": 20521
                }, 
                {
                    "disposition": "Aplications Denied", 
                    "count": 558, 
                    "value": 61137
                }, 
                {
                    "disposition": "Applications Withdrawn", 
                    "count": 253, 
                    "value": 29922
                }, 
                {
                    "disposition": "Files Closed For Incompleteness", 
                    "count": 117, 
                    "value": 15688
                }
            ], 
            "genders": [
                {
                    "gender": "Male", 
                    "dispositions": [
                        {
                            "disposition": "Applications Received", 
                            "count": 898, 
                            "value": 898
                        }, 
                        {
                            "disposition": "Loans Originated", 
                            "count": 484, 
                            "value": 52046
                        }, 
                        {
                            "disposition": "Apps. Approved But Not Accepted", 
                            "count": 56, 
                            "value": 6087
                        }, 
                        {
                            "disposition": "Aplications Denied", 
                            "count": 210, 
                            "value": 23783
                        }, 
                        {
                            "disposition": "Applications Withdrawn", 
                            "count": 100, 
                            "value": 11359
                        }, 
                        {
                            "disposition": "Files Closed For Incompleteness", 
                            "count": 48, 
                            "value": 6503
                        }
                    ]
                }, 
                {
                    "gender": "Female", 
                    "dispositions": [
                        {
                            "disposition": "Applications Received", 
                            "count": 512, 
                            "value": 512
                        }, 
                        {
                            "disposition": "Loans Originated", 
                            "count": 272, 
                            "value": 24786
                        }, 
                        {
                            "disposition": "Apps. Approved But Not Accepted", 
                            "count": 40, 
                            "value": 3707
                        }, 
                        {
                            "disposition": "Aplications Denied", 
                            "count": 141, 
                            "value": 12498
                        }, 
                        {
                            "disposition": "Applications Withdrawn", 
                            "count": 47, 
                            "value": 5015
                        }, 
                        {
                            "disposition": "Files Closed For Incompleteness", 
                            "count": 12, 
                            "value": 1207
                        }
                    ]
                }, 
                {
                    "gender": "Joint (Male/Female)", 
                    "dispositions": [
                        {
                            "disposition": "Applications Received", 
                            "count": 1111, 
                            "value": 1111
                        }, 
                        {
                            "disposition": "Loans Originated", 
                            "count": 659, 
                            "value": 78376
                        }, 
                        {
                            "disposition": "Apps. Approved But Not Accepted", 
                            "count": 86, 
                            "value": 10727
                        }, 
                        {
                            "disposition": "Aplications Denied", 
                            "count": 205, 
                            "value": 24499
                        }, 
                        {
                            "disposition": "Applications Withdrawn", 
                            "count": 104, 
                            "value": 13420
                        }, 
                        {
                            "disposition": "Files Closed For Incompleteness", 
                            "count": 57, 
                            "value": 7978
                        }
                    ]
                }
            ]
        }, 
        {
            "ethnicity": "Joint (Hispanic or Latino/Not Hispanic or Latino", 
            "dispositions": [
                {
                    "disposition": "Applications Received", 
                    "count": 18, 
                    "value": 1935
                }, 
                {
                    "disposition": "Loans Originated", 
                    "count": 9, 
                    "value": 1027
                }, 
                {
                    "disposition": "Apps. Approved But Not Accepted", 
                    "count": 2, 
                    "value": 80
                }, 
                {
                    "disposition": "Aplications Denied", 
                    "count": 3, 
                    "value": 187
                }, 
                {
                    "disposition": "Applications Withdrawn", 
                    "count": 4, 
                    "value": 641
                }, 
                {
                    "disposition": "Files Closed For Incompleteness", 
                    "count": 0, 
                    "value": 0
                }
            ], 
            "genders": [
                {
                    "gender": "Male", 
                    "dispositions": [
                        {
                            "disposition": "Applications Received", 
                            "count": 0, 
                            "value": 0
                        }, 
                        {
                            "disposition": "Loans Originated", 
                            "count": 0, 
                            "value": 0
                        }, 
                        {
                            "disposition": "Apps. Approved But Not Accepted", 
                            "count": 0, 
                            "value": 0
                        }, 
                        {
                            "disposition": "Aplications Denied", 
                            "count": 0, 
                            "value": 0
                        }, 
                        {
                            "disposition": "Applications Withdrawn", 
                            "count": 0, 
                            "value": 0
                        }, 
                        {
                            "disposition": "Files Closed For Incompleteness", 
                            "count": 0, 
                            "value": 0
                        }
                    ]
                }, 
                {
                    "gender": "Female", 
                    "dispositions": [
                        {
                            "disposition": "Applications Received", 
                            "count": 0, 
                            "value": 0
                        }, 
                        {
                            "disposition": "Loans Originated", 
                            "count": 0, 
                            "value": 0
                        }, 
                        {
                            "disposition": "Apps. Approved But Not Accepted", 
                            "count": 0, 
                            "value": 0
                        }, 
                        {
                            "disposition": "Aplications Denied", 
                            "count": 0, 
                            "value": 0
                        }, 
                        {
                            "disposition": "Applications Withdrawn", 
                            "count": 0, 
                            "value": 0
                        }, 
                        {
                            "disposition": "Files Closed For Incompleteness", 
                            "count": 0, 
                            "value": 0
                        }
                    ]
                }, 
                {
                    "gender": "Joint (Male/Female)", 
                    "dispositions": [
                        {
                            "disposition": "Applications Received", 
                            "count": 18, 
                            "value": 18
                        }, 
                        {
                            "disposition": "Loans Originated", 
                            "count": 9, 
                            "value": 1027
                        }, 
                        {
                            "disposition": "Apps. Approved But Not Accepted", 
                            "count": 2, 
                            "value": 80
                        }, 
                        {
                            "disposition": "Aplications Denied", 
                            "count": 3, 
                            "value": 187
                        }, 
                        {
                            "disposition": "Applications Withdrawn", 
                            "count": 4, 
                            "value": 641
                        }, 
                        {
                            "disposition": "Files Closed For Incompleteness", 
                            "count": 0, 
                            "value": 0
                        }
                    ]
                }
            ]
        }, 
        {
            "ethnicity": "Ethnicity Not Available", 
            "dispositions": [
                {
                    "disposition": "Applications Received", 
                    "count": 259, 
                    "value": 31302
                }, 
                {
                    "disposition": "Loans Originated", 
                    "count": 114, 
                    "value": 13584
                }, 
                {
                    "disposition": "Apps. Approved But Not Accepted", 
                    "count": 11, 
                    "value": 1536
                }, 
                {
                    "disposition": "Aplications Denied", 
                    "count": 80, 
                    "value": 8529
                }, 
                {
                    "disposition": "Applications Withdrawn", 
                    "count": 40, 
                    "value": 5632
                }, 
                {
                    "disposition": "Files Closed For Incompleteness", 
                    "count": 14, 
                    "value": 2021
                }
            ], 
            "genders": [
                {
                    "gender": "Male", 
                    "dispositions": [
                        {
                            "disposition": "Applications Received", 
                            "count": 33, 
                            "value": 33
                        }, 
                        {
                            "disposition": "Loans Originated", 
                            "count": 15, 
                            "value": 1909
                        }, 
                        {
                            "disposition": "Apps. Approved But Not Accepted", 
                            "count": 1, 
                            "value": 208
                        }, 
                        {
                            "disposition": "Aplications Denied", 
                            "count": 10, 
                            "value": 1132
                        }, 
                        {
                            "disposition": "Applications Withdrawn", 
                            "count": 6, 
                            "value": 898
                        }, 
                        {
                            "disposition": "Files Closed For Incompleteness", 
                            "count": 1, 
                            "value": 75
                        }
                    ]
                }, 
                {
                    "gender": "Female", 
                    "dispositions": [
                        {
                            "disposition": "Applications Received", 
                            "count": 17, 
                            "value": 17
                        }, 
                        {
                            "disposition": "Loans Originated", 
                            "count": 6, 
                            "value": 606
                        }, 
                        {
                            "disposition": "Apps. Approved But Not Accepted", 
                            "count": 2, 
                            "value": 169
                        }, 
                        {
                            "disposition": "Aplications Denied", 
                            "count": 7, 
                            "value": 716
                        }, 
                        {
                            "disposition": "Applications Withdrawn", 
                            "count": 1, 
                            "value": 13
                        }, 
                        {
                            "disposition": "Files Closed For Incompleteness", 
                            "count": 1, 
                            "value": 93
                        }
                    ]
                }, 
                {
                    "gender": "Joint (Male/Female)", 
                    "dispositions": [
                        {
                            "disposition": "Applications Received", 
                            "count": 36, 
                            "value": 36
                        }, 
                        {
                            "disposition": "Loans Originated", 
                            "count": 13, 
                            "value": 1427
                        }, 
                        {
                            "disposition": "Apps. Approved But Not Accepted", 
                            "count": 0, 
                            "value": 0
                        }, 
                        {
                            "disposition": "Aplications Denied", 
                            "count": 13, 
                            "value": 1580
                        }, 
                        {
                            "disposition": "Applications Withdrawn", 
                            "count": 8, 
                            "value": 1121
                        }, 
                        {
                            "disposition": "Files Closed For Incompleteness", 
                            "count": 2, 
                            "value": 280
                        }
                    ]
                }
            ]
        }
    ], 
    "minoritystatuses": [
        {
            "minoritystatus": "White Non-Hispanic", 
            "dispositions": [
                {
                    "disposition": "Applications Received", 
                    "count": 2479, 
                    "value": 281122
                }, 
                {
                    "disposition": "Loans Originated", 
                    "count": 1392, 
                    "value": 153932
                }, 
                {
                    "disposition": "Apps. Approved But Not Accepted", 
                    "count": 168, 
                    "value": 19399
                }, 
                {
                    "disposition": "Aplications Denied", 
                    "count": 553, 
                    "value": 61317
                }, 
                {
                    "disposition": "Applications Withdrawn", 
                    "count": 256, 
                    "value": 31546
                }, 
                {
                    "disposition": "Files Closed For Incompleteness", 
                    "count": 110, 
                    "value": 14928
                }
            ], 
            "genders": [
                {
                    "gender": "Male", 
                    "dispositions": [
                        {
                            "disposition": "Applications Received", 
                            "count": 91619, 
                            "value": 0
                        }, 
                        {
                            "disposition": "Loans Originated", 
                            "count": 445, 
                            "value": 48345
                        }, 
                        {
                            "disposition": "Apps. Approved But Not Accepted", 
                            "count": 47, 
                            "value": 5248
                        }, 
                        {
                            "disposition": "Aplications Denied", 
                            "count": 188, 
                            "value": 21717
                        }, 
                        {
                            "disposition": "Applications Withdrawn", 
                            "count": 88, 
                            "value": 10279
                        }, 
                        {
                            "disposition": "Files Closed For Incompleteness", 
                            "count": 38, 
                            "value": 5224
                        }
                    ]
                }, 
                {
                    "gender": "Female", 
                    "dispositions": [
                        {
                            "disposition": "Applications Received", 
                            "count": 42194, 
                            "value": 0
                        }, 
                        {
                            "disposition": "Loans Originated", 
                            "count": 243, 
                            "value": 22083
                        }, 
                        {
                            "disposition": "Apps. Approved But Not Accepted", 
                            "count": 37, 
                            "value": 3474
                        }, 
                        {
                            "disposition": "Aplications Denied", 
                            "count": 122, 
                            "value": 10996
                        }, 
                        {
                            "disposition": "Applications Withdrawn", 
                            "count": 41, 
                            "value": 4373
                        }, 
                        {
                            "disposition": "Files Closed For Incompleteness", 
                            "count": 9, 
                            "value": 816
                        }
                    ]
                }, 
                {
                    "gender": "Joint (Male/Female)", 
                    "dispositions": [
                        {
                            "disposition": "Applications Received", 
                            "count": 127736, 
                            "value": 0
                        }, 
                        {
                            "disposition": "Loans Originated", 
                            "count": 621, 
                            "value": 73424
                        }, 
                        {
                            "disposition": "Apps. Approved But Not Accepted", 
                            "count": 76, 
                            "value": 9518
                        }, 
                        {
                            "disposition": "Aplications Denied", 
                            "count": 191, 
                            "value": 23146
                        }, 
                        {
                            "disposition": "Applications Withdrawn", 
                            "count": 100, 
                            "value": 13166
                        }, 
                        {
                            "disposition": "Files Closed For Incompleteness", 
                            "count": 54, 
                            "value": 7440
                        }
                    ]
                }
            ]
        }, 
        {
            "minoritystatus": "Others, Including Hispanic", 
            "dispositions": [
                {
                    "disposition": "Applications Received", 
                    "count": 364, 
                    "value": 39775
                }, 
                {
                    "disposition": "Loans Originated", 
                    "count": 167, 
                    "value": 18759
                }, 
                {
                    "disposition": "Apps. Approved But Not Accepted", 
                    "count": 28, 
                    "value": 2838
                }, 
                {
                    "disposition": "Aplications Denied", 
                    "count": 100, 
                    "value": 9890
                }, 
                {
                    "disposition": "Applications Withdrawn", 
                    "count": 47, 
                    "value": 5375
                }, 
                {
                    "disposition": "Files Closed For Incompleteness", 
                    "count": 22, 
                    "value": 2913
                }
            ], 
            "genders": [
                {
                    "gender": "Male", 
                    "dispositions": [
                        {
                            "disposition": "Applications Received", 
                            "count": 15781, 
                            "value": 0
                        }, 
                        {
                            "disposition": "Loans Originated", 
                            "count": 63, 
                            "value": 6700
                        }, 
                        {
                            "disposition": "Apps. Approved But Not Accepted", 
                            "count": 10, 
                            "value": 1047
                        }, 
                        {
                            "disposition": "Aplications Denied", 
                            "count": 39, 
                            "value": 3956
                        }, 
                        {
                            "disposition": "Applications Withdrawn", 
                            "count": 22, 
                            "value": 2446
                        }, 
                        {
                            "disposition": "Files Closed For Incompleteness", 
                            "count": 12, 
                            "value": 1486
                        }
                    ]
                }, 
                {
                    "gender": "Female", 
                    "dispositions": [
                        {
                            "disposition": "Applications Received", 
                            "count": 7558, 
                            "value": 0
                        }, 
                        {
                            "disposition": "Loans Originated", 
                            "count": 36, 
                            "value": 3346
                        }, 
                        {
                            "disposition": "Apps. Approved But Not Accepted", 
                            "count": 5, 
                            "value": 402
                        }, 
                        {
                            "disposition": "Aplications Denied", 
                            "count": 29, 
                            "value": 2590
                        }, 
                        {
                            "disposition": "Applications Withdrawn", 
                            "count": 7, 
                            "value": 655
                        }, 
                        {
                            "disposition": "Files Closed For Incompleteness", 
                            "count": 4, 
                            "value": 484
                        }
                    ]
                }, 
                {
                    "gender": "Joint (Male/Female)", 
                    "dispositions": [
                        {
                            "disposition": "Applications Received", 
                            "count": 16674, 
                            "value": 0
                        }, 
                        {
                            "disposition": "Loans Originated", 
                            "count": 68, 
                            "value": 8713
                        }, 
                        {
                            "disposition": "Apps. Approved But Not Accepted", 
                            "count": 13, 
                            "value": 1389
                        }, 
                        {
                            "disposition": "Aplications Denied", 
                            "count": 32, 
                            "value": 3344
                        }, 
                        {
                            "disposition": "Applications Withdrawn", 
                            "count": 18, 
                            "value": 2274
                        }, 
                        {
                            "disposition": "Files Closed For Incompleteness", 
                            "count": 5, 
                            "value": 818
                        }
                    ]
                }
            ]
        }
    ], 
    "incomes": [
        {
            "income": "Less than 50% of MSA/MD median", 
            "dispositions": [
                {
                    "disposition": "Applications Received", 
                    "count": 242, 
                    "value": 17275
                }, 
                {
                    "disposition": "Loans Originated", 
                    "count": 110, 
                    "value": 6696
                }, 
                {
                    "disposition": "Apps. Approved But Not Accepted", 
                    "count": 21, 
                    "value": 1563
                }, 
                {
                    "disposition": "Aplications Denied", 
                    "count": 88, 
                    "value": 7153
                }, 
                {
                    "disposition": "Applications Withdrawn", 
                    "count": 17, 
                    "value": 1499
                }, 
                {
                    "disposition": "Files Closed For Incompleteness", 
                    "count": 6, 
                    "value": 364
                }
            ]
        }, 
        {
            "income": "50-79% of MSA/MD median", 
            "dispositions": [
                {
                    "disposition": "Applications Received", 
                    "count": 439, 
                    "value": 38130
                }, 
                {
                    "disposition": "Loans Originated", 
                    "count": 209, 
                    "value": 16518
                }, 
                {
                    "disposition": "Apps. Approved But Not Accepted", 
                    "count": 31, 
                    "value": 2185
                }, 
                {
                    "disposition": "Aplications Denied", 
                    "count": 142, 
                    "value": 13857
                }, 
                {
                    "disposition": "Applications Withdrawn", 
                    "count": 45, 
                    "value": 4163
                }, 
                {
                    "disposition": "Files Closed For Incompleteness", 
                    "count": 12, 
                    "value": 1407
                }
            ]
        }, 
        {
            "income": "80-99% of MSA/MD median", 
            "dispositions": [
                {
                    "disposition": "Applications Received", 
                    "count": 370, 
                    "value": 35825
                }, 
                {
                    "disposition": "Loans Originated", 
                    "count": 210, 
                    "value": 19165
                }, 
                {
                    "disposition": "Apps. Approved But Not Accepted", 
                    "count": 25, 
                    "value": 2449
                }, 
                {
                    "disposition": "Aplications Denied", 
                    "count": 86, 
                    "value": 8693
                }, 
                {
                    "disposition": "Applications Withdrawn", 
                    "count": 40, 
                    "value": 4585
                }, 
                {
                    "disposition": "Files Closed For Incompleteness", 
                    "count": 9, 
                    "value": 933
                }
            ]
        }, 
        {
            "income": "100-119% of MSA/MD median", 
            "dispositions": [
                {
                    "disposition": "Applications Received", 
                    "count": 291, 
                    "value": 29455
                }, 
                {
                    "disposition": "Loans Originated", 
                    "count": 165, 
                    "value": 15934
                }, 
                {
                    "disposition": "Apps. Approved But Not Accepted", 
                    "count": 13, 
                    "value": 1572
                }, 
                {
                    "disposition": "Aplications Denied", 
                    "count": 67, 
                    "value": 6609
                }, 
                {
                    "disposition": "Applications Withdrawn", 
                    "count": 33, 
                    "value": 3574
                }, 
                {
                    "disposition": "Files Closed For Incompleteness", 
                    "count": 13, 
                    "value": 1766
                }
            ]
        }, 
        {
            "income": "120% or more of MSA/MD median", 
            "dispositions": [
                {
                    "disposition": "Applications Received", 
                    "count": 1118, 
                    "value": 155316
                }, 
                {
                    "disposition": "Loans Originated", 
                    "count": 634, 
                    "value": 87025
                }, 
                {
                    "disposition": "Apps. Approved But Not Accepted", 
                    "count": 85, 
                    "value": 11555
                }, 
                {
                    "disposition": "Aplications Denied", 
                    "count": 208, 
                    "value": 28134
                }, 
                {
                    "disposition": "Applications Withdrawn", 
                    "count": 135, 
                    "value": 18995
                }, 
                {
                    "disposition": "Files Closed For Incompleteness", 
                    "count": 56, 
                    "value": 9607
                }
            ]
        }, 
        {
            "income": "Income not available", 
            "dispositions": [
                {
                    "disposition": "Applications Received", 
                    "count": 383, 
                    "value": 44896
                }, 
                {
                    "disposition": "Loans Originated", 
                    "count": 231, 
                    "value": 27353
                }, 
                {
                    "disposition": "Apps. Approved But Not Accepted", 
                    "count": 21, 
                    "value": 2913
                }, 
                {
                    "disposition": "Aplications Denied", 
                    "count": 62, 
                    "value": 6761
                }, 
                {
                    "disposition": "Applications Withdrawn", 
                    "count": 33, 
                    "value": 4105
                }, 
                {
                    "disposition": "Files Closed For Incompleteness", 
                    "count": 36, 
                    "value": 3764
                }
            ]
        }
    ], 
    "total": [
        {
            "disposition": "Applications Received", 
            "count": 0, 
            "value": 0
        }, 
        {
            "disposition": "Loans Originated", 
            "count": 1559, 
            "value": 172691
        }, 
        {
            "disposition": "Apps. Approved But Not Accepted", 
            "count": 196, 
            "value": 22237
        }, 
        {
            "disposition": "Aplications Denied", 
            "count": 653, 
            "value": 71207
        }, 
        {
            "disposition": "Applications Withdrawn", 
            "count": 303, 
            "value": 36921
        }, 
        {
            "disposition": "Files Closed For Incompleteness", 
            "count": 132, 
            "value": 17841
        }
    ]
}