{
    "table": "3-1", 
    "type": "aggregate", 
    "desc": "Loans sold. By characteristics of borrower and census tract in which property is located and by type of purchaser (includes originations and purchased loans).", 
    "year": "2012", 
    "msa": {
        "id": "34740", 
        "name": "Muskegon-Norton-Shores", 
        "state": "MI", 
        "state_name": "Michigan"
    }, 
    "borrowercharacteristics": [
        {
            "characteristic": "Race", 
            "races": [
                {
                    "race": "American Indian/Alaska Native", 
                    "purchasers": [
                        {
                            "name": "Fannie Mae", 
                            "count": 0, 
                            "value": 0
                        }, 
                        {
                            "name": "Ginnie Mae", 
                            "count": 0, 
                            "value": 0
                        }, 
                        {
                            "name": "Freddie Mac", 
                            "count": 0, 
                            "value": 0
                        }, 
                        {
                            "name": "Farmer Mac", 
                            "count": 0, 
                            "value": 0
                        }, 
                        {
                            "name": "Private Securitization", 
                            "count": 0, 
                            "value": 0
                        }, 
                        {
                            "name": "Commercial bank, savings bank or association", 
                            "count": 0, 
                            "value": 0
                        }, 
                        {
                            "name": "Life insurance co., credit union, finance co.", 
                            "count": 0, 
                            "value": 0
                        }, 
                        {
                            "name": "Affiliate institution", 
                            "count": 0, 
                            "value": 0
                        }, 
                        {
                            "name": "Other", 
                            "count": 0, 
                            "value": 0
                        }
                    ]
                }, 
                {
                    "race": "Asian", 
                    "purchasers": [
                        {
                            "name": "Fannie Mae", 
                            "count": 0, 
                            "value": 0
                        }, 
                        {
                            "name": "Ginnie Mae", 
                            "count": 1, 
                            "value": 88.0
                        }, 
                        {
                            "name": "Freddie Mac", 
                            "count": 0, 
                            "value": 0
                        }, 
                        {
                            "name": "Farmer Mac", 
                            "count": 0, 
                            "value": 0
                        }, 
                        {
                            "name": "Private Securitization", 
                            "count": 0, 
                            "value": 0
                        }, 
                        {
                            "name": "Commercial bank, savings bank or association", 
                            "count": 0, 
                            "value": 0
                        }, 
                        {
                            "name": "Life insurance co., credit union, finance co.", 
                            "count": 0, 
                            "value": 0
                        }, 
                        {
                            "name": "Affiliate institution", 
                            "count": 0, 
                            "value": 0
                        }, 
                        {
                            "name": "Other", 
                            "count": 4, 
                            "value": 338.0
                        }
                    ]
                }, 
                {
                    "race": "Black or African American", 
                    "purchasers": [
                        {
                            "name": "Fannie Mae", 
                            "count": 0, 
                            "value": 0
                        }, 
                        {
                            "name": "Ginnie Mae", 
                            "count": 0, 
                            "value": 0
                        }, 
                        {
                            "name": "Freddie Mac", 
                            "count": 1, 
                            "value": 172.0
                        }, 
                        {
                            "name": "Farmer Mac", 
                            "count": 0, 
                            "value": 0
                        }, 
                        {
                            "name": "Private Securitization", 
                            "count": 0, 
                            "value": 0
                        }, 
                        {
                            "name": "Commercial bank, savings bank or association", 
                            "count": 0, 
                            "value": 0
                        }, 
                        {
                            "name": "Life insurance co., credit union, finance co.", 
                            "count": 0, 
                            "value": 0
                        }, 
                        {
                            "name": "Affiliate institution", 
                            "count": 0, 
                            "value": 0
                        }, 
                        {
                            "name": "Other", 
                            "count": 2, 
                            "value": 134.0
                        }
                    ]
                }, 
                {
                    "race": "Native Hawaiian or Pacific Islander", 
                    "purchasers": [
                        {
                            "name": "Fannie Mae", 
                            "count": 7, 
                            "value": 769.0
                        }, 
                        {
                            "name": "Ginnie Mae", 
                            "count": 4, 
                            "value": 348.0
                        }, 
                        {
                            "name": "Freddie Mac", 
                            "count": 3, 
                            "value": 342.0
                        }, 
                        {
                            "name": "Farmer Mac", 
                            "count": 0, 
                            "value": 0
                        }, 
                        {
                            "name": "Private Securitization", 
                            "count": 1, 
                            "value": 112.0
                        }, 
                        {
                            "name": "Commercial bank, savings bank or association", 
                            "count": 0, 
                            "value": 0
                        }, 
                        {
                            "name": "Life insurance co., credit union, finance co.", 
                            "count": 1, 
                            "value": 26.0
                        }, 
                        {
                            "name": "Affiliate institution", 
                            "count": 4, 
                            "value": 446.0
                        }, 
                        {
                            "name": "Other", 
                            "count": 45, 
                            "value": 4395.0
                        }
                    ]
                }, 
                {
                    "race": "White", 
                    "purchasers": [
                        {
                            "name": "Fannie Mae", 
                            "count": 0, 
                            "value": 0
                        }, 
                        {
                            "name": "Ginnie Mae", 
                            "count": 0, 
                            "value": 0
                        }, 
                        {
                            "name": "Freddie Mac", 
                            "count": 0, 
                            "value": 0
                        }, 
                        {
                            "name": "Farmer Mac", 
                            "count": 0, 
                            "value": 0
                        }, 
                        {
                            "name": "Private Securitization", 
                            "count": 0, 
                            "value": 0
                        }, 
                        {
                            "name": "Commercial bank, savings bank or association", 
                            "count": 0, 
                            "value": 0
                        }, 
                        {
                            "name": "Life insurance co., credit union, finance co.", 
                            "count": 0, 
                            "value": 0
                        }, 
                        {
                            "name": "Affiliate institution", 
                            "count": 0, 
                            "value": 0
                        }, 
                        {
                            "name": "Other", 
                            "count": 0, 
                            "value": 0
                        }
                    ]
                }, 
                {
                    "race": "2 or more minority races", 
                    "purchasers": [
                        {
                            "name": "Fannie Mae", 
                            "count": 579, 
                            "value": 75514.0
                        }, 
                        {
                            "name": "Ginnie Mae", 
                            "count": 268, 
                            "value": 31219.0
                        }, 
                        {
                            "name": "Freddie Mac", 
                            "count": 462, 
                            "value": 62518.0
                        }, 
                        {
                            "name": "Farmer Mac", 
                            "count": 0, 
                            "value": 0
                        }, 
                        {
                            "name": "Private Securitization", 
                            "count": 14, 
                            "value": 1665.0
                        }, 
                        {
                            "name": "Commercial bank, savings bank or association", 
                            "count": 161, 
                            "value": 19608.0
                        }, 
                        {
                            "name": "Life insurance co., credit union, finance co.", 
                            "count": 73, 
                            "value": 7832.0
                        }, 
                        {
                            "name": "Affiliate institution", 
                            "count": 330, 
                            "value": 45878.0
                        }, 
                        {
                            "name": "Other", 
                            "count": 1615, 
                            "value": 194269.0
                        }
                    ]
                }, 
                {
                    "race": "Joint", 
                    "purchasers": [
                        {
                            "name": "Fannie Mae", 
                            "count": 36, 
                            "value": 4807.0
                        }, 
                        {
                            "name": "Ginnie Mae", 
                            "count": 14, 
                            "value": 1403.0
                        }, 
                        {
                            "name": "Freddie Mac", 
                            "count": 19, 
                            "value": 2758.0
                        }, 
                        {
                            "name": "Farmer Mac", 
                            "count": 0, 
                            "value": 0
                        }, 
                        {
                            "name": "Private Securitization", 
                            "count": 13, 
                            "value": 2050.0
                        }, 
                        {
                            "name": "Commercial bank, savings bank or association", 
                            "count": 4, 
                            "value": 629.0
                        }, 
                        {
                            "name": "Life insurance co., credit union, finance co.", 
                            "count": 0, 
                            "value": 0
                        }, 
                        {
                            "name": "Affiliate institution", 
                            "count": 10, 
                            "value": 1051.0
                        }, 
                        {
                            "name": "Other", 
                            "count": 175, 
                            "value": 21941.0
                        }
                    ]
                }, 
                {
                    "race": "Not Provided", 
                    "purchasers": [
                        {
                            "name": "Fannie Mae", 
                            "count": 99, 
                            "value": 10468.0
                        }, 
                        {
                            "name": "Ginnie Mae", 
                            "count": 63, 
                            "value": 7187.0
                        }, 
                        {
                            "name": "Freddie Mac", 
                            "count": 77, 
                            "value": 8835.0
                        }, 
                        {
                            "name": "Farmer Mac", 
                            "count": 0, 
                            "value": 0
                        }, 
                        {
                            "name": "Private Securitization", 
                            "count": 0, 
                            "value": 0
                        }, 
                        {
                            "name": "Commercial bank, savings bank or association", 
                            "count": 5, 
                            "value": 573.0
                        }, 
                        {
                            "name": "Life insurance co., credit union, finance co.", 
                            "count": 5, 
                            "value": 484.0
                        }, 
                        {
                            "name": "Affiliate institution", 
                            "count": 1, 
                            "value": 59.0
                        }, 
                        {
                            "name": "Other", 
                            "count": 177, 
                            "value": 16791.0
                        }
                    ]
                }, 
                {
                    "race": "Not Applicable", 
                    "purchasers": [
                        {
                            "name": "Fannie Mae", 
                            "count": 568, 
                            "value": 59373.0
                        }, 
                        {
                            "name": "Ginnie Mae", 
                            "count": 625, 
                            "value": 58918.0
                        }, 
                        {
                            "name": "Freddie Mac", 
                            "count": 412, 
                            "value": 42763.0
                        }, 
                        {
                            "name": "Farmer Mac", 
                            "count": 0, 
                            "value": 0
                        }, 
                        {
                            "name": "Private Securitization", 
                            "count": 27, 
                            "value": 2519.0
                        }, 
                        {
                            "name": "Commercial bank, savings bank or association", 
                            "count": 301, 
                            "value": 29273.0
                        }, 
                        {
                            "name": "Life insurance co., credit union, finance co.", 
                            "count": 63, 
                            "value": 5006.0
                        }, 
                        {
                            "name": "Affiliate institution", 
                            "count": 426, 
                            "value": 42726.0
                        }, 
                        {
                            "name": "Other", 
                            "count": 2321, 
                            "value": 197241.0
                        }
                    ]
                }, 
                {
                    "race": "No co-applicant", 
                    "purchasers": [
                        {
                            "name": "Fannie Mae", 
                            "count": 0, 
                            "value": 0
                        }, 
                        {
                            "name": "Ginnie Mae", 
                            "count": 0, 
                            "value": 0
                        }, 
                        {
                            "name": "Freddie Mac", 
                            "count": 0, 
                            "value": 0
                        }, 
                        {
                            "name": "Farmer Mac", 
                            "count": 0, 
                            "value": 0
                        }, 
                        {
                            "name": "Private Securitization", 
                            "count": 0, 
                            "value": 0
                        }, 
                        {
                            "name": "Commercial bank, savings bank or association", 
                            "count": 0, 
                            "value": 0
                        }, 
                        {
                            "name": "Life insurance co., credit union, finance co.", 
                            "count": 0, 
                            "value": 0
                        }, 
                        {
                            "name": "Affiliate institution", 
                            "count": 0, 
                            "value": 0
                        }, 
                        {
                            "name": "Other", 
                            "count": 0, 
                            "value": 0
                        }
                    ]
                }
            ]
        }, 
        {
            "characteristic": "Ethnicity", 
            "ethnicities": [
                {
                    "ethnicitie": "Hispanic or Latino", 
                    "purchasers": [
                        {
                            "name": "Fannie Mae", 
                            "count": 1, 
                            "value": 101
                        }, 
                        {
                            "name": "Ginnie Mae", 
                            "count": 3, 
                            "value": 287
                        }, 
                        {
                            "name": "Freddie Mac", 
                            "count": 2, 
                            "value": 135
                        }, 
                        {
                            "name": "Farmer Mac", 
                            "count": 0, 
                            "value": 0
                        }, 
                        {
                            "name": "Private Securitization", 
                            "count": 0, 
                            "value": 0
                        }, 
                        {
                            "name": "Commercial bank, savings bank or association", 
                            "count": 0, 
                            "value": 0
                        }, 
                        {
                            "name": "Life insurance co., credit union, finance co.", 
                            "count": 1, 
                            "value": 48
                        }, 
                        {
                            "name": "Affiliate institution", 
                            "count": 3, 
                            "value": 248
                        }, 
                        {
                            "name": "Other", 
                            "count": 12, 
                            "value": 678
                        }
                    ]
                }, 
                {
                    "ethnicitie": "Not Hispanic or Latino", 
                    "purchasers": [
                        {
                            "name": "Fannie Mae", 
                            "count": 1117, 
                            "value": 131632
                        }, 
                        {
                            "name": "Ginnie Mae", 
                            "count": 858, 
                            "value": 86879
                        }, 
                        {
                            "name": "Freddie Mac", 
                            "count": 850, 
                            "value": 103202
                        }, 
                        {
                            "name": "Farmer Mac", 
                            "count": 0, 
                            "value": 0
                        }, 
                        {
                            "name": "Private Securitization", 
                            "count": 43, 
                            "value": 4513
                        }, 
                        {
                            "name": "Commercial bank, savings bank or association", 
                            "count": 456, 
                            "value": 48645
                        }, 
                        {
                            "name": "Life insurance co., credit union, finance co.", 
                            "count": 133, 
                            "value": 12417
                        }, 
                        {
                            "name": "Affiliate institution", 
                            "count": 718, 
                            "value": 85024
                        }, 
                        {
                            "name": "Other", 
                            "count": 3670, 
                            "value": 371139
                        }
                    ]
                }, 
                {
                    "ethnicitie": "Not provided", 
                    "purchasers": [
                        {
                            "name": "Fannie Mae", 
                            "count": 15, 
                            "value": 1745
                        }, 
                        {
                            "name": "Ginnie Mae", 
                            "count": 15, 
                            "value": 1207
                        }, 
                        {
                            "name": "Freddie Mac", 
                            "count": 15, 
                            "value": 1845
                        }, 
                        {
                            "name": "Farmer Mac", 
                            "count": 0, 
                            "value": 0
                        }, 
                        {
                            "name": "Private Securitization", 
                            "count": 1, 
                            "value": 103
                        }, 
                        {
                            "name": "Commercial bank, savings bank or association", 
                            "count": 7, 
                            "value": 462
                        }, 
                        {
                            "name": "Life insurance co., credit union, finance co.", 
                            "count": 3, 
                            "value": 399
                        }, 
                        {
                            "name": "Affiliate institution", 
                            "count": 11, 
                            "value": 1169
                        }, 
                        {
                            "name": "Other", 
                            "count": 88, 
                            "value": 7177
                        }
                    ]
                }, 
                {
                    "ethnicitie": "Not applicable", 
                    "purchasers": [
                        {
                            "name": "Fannie Mae", 
                            "count": 156, 
                            "value": 17453
                        }, 
                        {
                            "name": "Ginnie Mae", 
                            "count": 99, 
                            "value": 10790
                        }, 
                        {
                            "name": "Freddie Mac", 
                            "count": 107, 
                            "value": 12206
                        }, 
                        {
                            "name": "Farmer Mac", 
                            "count": 0, 
                            "value": 0
                        }, 
                        {
                            "name": "Private Securitization", 
                            "count": 11, 
                            "value": 1730
                        }, 
                        {
                            "name": "Commercial bank, savings bank or association", 
                            "count": 8, 
                            "value": 976
                        }, 
                        {
                            "name": "Life insurance co., credit union, finance co.", 
                            "count": 5, 
                            "value": 484
                        }, 
                        {
                            "name": "Affiliate institution", 
                            "count": 39, 
                            "value": 3719
                        }, 
                        {
                            "name": "Other", 
                            "count": 569, 
                            "value": 56115
                        }
                    ]
                }, 
                {
                    "ethnicitie": "No co-applicant", 
                    "purchasers": [
                        {
                            "name": "Fannie Mae", 
                            "count": 0, 
                            "value": 0
                        }, 
                        {
                            "name": "Ginnie Mae", 
                            "count": 0, 
                            "value": 0
                        }, 
                        {
                            "name": "Freddie Mac", 
                            "count": 0, 
                            "value": 0
                        }, 
                        {
                            "name": "Farmer Mac", 
                            "count": 0, 
                            "value": 0
                        }, 
                        {
                            "name": "Private Securitization", 
                            "count": 0, 
                            "value": 0
                        }, 
                        {
                            "name": "Commercial bank, savings bank or association", 
                            "count": 0, 
                            "value": 0
                        }, 
                        {
                            "name": "Life insurance co., credit union, finance co.", 
                            "count": 0, 
                            "value": 0
                        }, 
                        {
                            "name": "Affiliate institution", 
                            "count": 0, 
                            "value": 0
                        }, 
                        {
                            "name": "Other", 
                            "count": 0, 
                            "value": 0
                        }
                    ]
                }
            ]
        }, 
        {
            "characteristic": "Minority Status", 
            "minoritystatuses": [
                {
                    "minoritystatuse": "White Non-Hispanic", 
                    "purchasers": [
                        {
                            "name": "Fannie Mae", 
                            "count": 1228, 
                            "value": 144205
                        }, 
                        {
                            "name": "Ginnie Mae", 
                            "count": 912, 
                            "value": 93519
                        }, 
                        {
                            "name": "Freddie Mac", 
                            "count": 935, 
                            "value": 112787
                        }, 
                        {
                            "name": "Farmer Mac", 
                            "count": 0, 
                            "value": 0
                        }, 
                        {
                            "name": "Private Securitization", 
                            "count": 51, 
                            "value": 5968
                        }, 
                        {
                            "name": "Commercial bank, savings bank or association", 
                            "count": 448, 
                            "value": 48019
                        }, 
                        {
                            "name": "Life insurance co., credit union, finance co.", 
                            "count": 134, 
                            "value": 12570
                        }, 
                        {
                            "name": "Affiliate institution", 
                            "count": 737, 
                            "value": 86485
                        }, 
                        {
                            "name": "Other", 
                            "count": 3990, 
                            "value": 408934
                        }
                    ]
                }, 
                {
                    "minoritystatuse": "Others, Including Hispanic", 
                    "purchasers": [
                        {
                            "name": "Fannie Mae", 
                            "count": 61, 
                            "value": 6726
                        }, 
                        {
                            "name": "Ginnie Mae", 
                            "count": 63, 
                            "value": 5644
                        }, 
                        {
                            "name": "Freddie Mac", 
                            "count": 39, 
                            "value": 4601
                        }, 
                        {
                            "name": "Farmer Mac", 
                            "count": 0, 
                            "value": 0
                        }, 
                        {
                            "name": "Private Securitization", 
                            "count": 4, 
                            "value": 378
                        }, 
                        {
                            "name": "Commercial bank, savings bank or association", 
                            "count": 23, 
                            "value": 2064
                        }, 
                        {
                            "name": "Life insurance co., credit union, finance co.", 
                            "count": 8, 
                            "value": 778
                        }, 
                        {
                            "name": "Affiliate institution", 
                            "count": 34, 
                            "value": 3675
                        }, 
                        {
                            "name": "Other", 
                            "count": 349, 
                            "value": 26175
                        }
                    ]
                }
            ]
        }, 
        {
            "characteristic": "Applicant Income", 
            "applicantincomes": [
                {
                    "applicantincome": "Less than 50% of MSA/MD median", 
                    "purchasers": [
                        {
                            "name": "Fannie Mae", 
                            "count": 97, 
                            "value": 6966
                        }, 
                        {
                            "name": "Ginnie Mae", 
                            "count": 119, 
                            "value": 7360
                        }, 
                        {
                            "name": "Freddie Mac", 
                            "count": 48, 
                            "value": 3524
                        }, 
                        {
                            "name": "Farmer Mac", 
                            "count": 0, 
                            "value": 0
                        }, 
                        {
                            "name": "Private Securitization", 
                            "count": 4, 
                            "value": 227
                        }, 
                        {
                            "name": "Commercial bank, savings bank or association", 
                            "count": 76, 
                            "value": 4832
                        }, 
                        {
                            "name": "Life insurance co., credit union, finance co.", 
                            "count": 15, 
                            "value": 870
                        }, 
                        {
                            "name": "Affiliate institution", 
                            "count": 94, 
                            "value": 6428
                        }, 
                        {
                            "name": "Other", 
                            "count": 620, 
                            "value": 33156
                        }
                    ]
                }, 
                {
                    "applicantincome": "50-79% of MSA/MD median", 
                    "purchasers": [
                        {
                            "name": "Fannie Mae", 
                            "count": 226, 
                            "value": 19179
                        }, 
                        {
                            "name": "Ginnie Mae", 
                            "count": 216, 
                            "value": 19360
                        }, 
                        {
                            "name": "Freddie Mac", 
                            "count": 101, 
                            "value": 8873
                        }, 
                        {
                            "name": "Farmer Mac", 
                            "count": 0, 
                            "value": 0
                        }, 
                        {
                            "name": "Private Securitization", 
                            "count": 11, 
                            "value": 798
                        }, 
                        {
                            "name": "Commercial bank, savings bank or association", 
                            "count": 152, 
                            "value": 13485
                        }, 
                        {
                            "name": "Life insurance co., credit union, finance co.", 
                            "count": 31, 
                            "value": 2013
                        }, 
                        {
                            "name": "Affiliate institution", 
                            "count": 184, 
                            "value": 15736
                        }, 
                        {
                            "name": "Other", 
                            "count": 990, 
                            "value": 68185
                        }
                    ]
                }, 
                {
                    "applicantincome": "80-99% of MSA/MD median", 
                    "purchasers": [
                        {
                            "name": "Fannie Mae", 
                            "count": 155, 
                            "value": 15054
                        }, 
                        {
                            "name": "Ginnie Mae", 
                            "count": 96, 
                            "value": 10139
                        }, 
                        {
                            "name": "Freddie Mac", 
                            "count": 87, 
                            "value": 8207
                        }, 
                        {
                            "name": "Farmer Mac", 
                            "count": 0, 
                            "value": 0
                        }, 
                        {
                            "name": "Private Securitization", 
                            "count": 11, 
                            "value": 1107
                        }, 
                        {
                            "name": "Commercial bank, savings bank or association", 
                            "count": 71, 
                            "value": 7619
                        }, 
                        {
                            "name": "Life insurance co., credit union, finance co.", 
                            "count": 19, 
                            "value": 1545
                        }, 
                        {
                            "name": "Affiliate institution", 
                            "count": 111, 
                            "value": 10374
                        }, 
                        {
                            "name": "Other", 
                            "count": 528, 
                            "value": 44223
                        }
                    ]
                }, 
                {
                    "applicantincome": "100-119% of MSA/MD median", 
                    "purchasers": [
                        {
                            "name": "Fannie Mae", 
                            "count": 146, 
                            "value": 16824
                        }, 
                        {
                            "name": "Ginnie Mae", 
                            "count": 61, 
                            "value": 7085
                        }, 
                        {
                            "name": "Freddie Mac", 
                            "count": 66, 
                            "value": 6627
                        }, 
                        {
                            "name": "Farmer Mac", 
                            "count": 0, 
                            "value": 0
                        }, 
                        {
                            "name": "Private Securitization", 
                            "count": 5, 
                            "value": 597
                        }, 
                        {
                            "name": "Commercial bank, savings bank or association", 
                            "count": 50, 
                            "value": 5536
                        }, 
                        {
                            "name": "Life insurance co., credit union, finance co.", 
                            "count": 16, 
                            "value": 1627
                        }, 
                        {
                            "name": "Affiliate institution", 
                            "count": 80, 
                            "value": 9530
                        }, 
                        {
                            "name": "Other", 
                            "count": 440, 
                            "value": 41847
                        }
                    ]
                }, 
                {
                    "applicantincome": "120% or more of MSA/MD median", 
                    "purchasers": [
                        {
                            "name": "Fannie Mae", 
                            "count": 480, 
                            "value": 71867
                        }, 
                        {
                            "name": "Ginnie Mae", 
                            "count": 118, 
                            "value": 17141
                        }, 
                        {
                            "name": "Freddie Mac", 
                            "count": 251, 
                            "value": 38750
                        }, 
                        {
                            "name": "Farmer Mac", 
                            "count": 0, 
                            "value": 0
                        }, 
                        {
                            "name": "Private Securitization", 
                            "count": 23, 
                            "value": 3403
                        }, 
                        {
                            "name": "Commercial bank, savings bank or association", 
                            "count": 108, 
                            "value": 16997
                        }, 
                        {
                            "name": "Life insurance co., credit union, finance co.", 
                            "count": 53, 
                            "value": 6553
                        }, 
                        {
                            "name": "Affiliate institution", 
                            "count": 260, 
                            "value": 43410
                        }, 
                        {
                            "name": "Other", 
                            "count": 1300, 
                            "value": 190777
                        }
                    ]
                }, 
                {
                    "applicantincome": "income not available", 
                    "purchasers": [
                        {
                            "name": "Fannie Mae", 
                            "count": 185, 
                            "value": 21041
                        }, 
                        {
                            "name": "Ginnie Mae", 
                            "count": 365, 
                            "value": 38078
                        }, 
                        {
                            "name": "Freddie Mac", 
                            "count": 421, 
                            "value": 51407
                        }, 
                        {
                            "name": "Farmer Mac", 
                            "count": 0, 
                            "value": 0
                        }, 
                        {
                            "name": "Private Securitization", 
                            "count": 1, 
                            "value": 214
                        }, 
                        {
                            "name": "Commercial bank, savings bank or association", 
                            "count": 14, 
                            "value": 1614
                        }, 
                        {
                            "name": "Life insurance co., credit union, finance co.", 
                            "count": 8, 
                            "value": 740
                        }, 
                        {
                            "name": "Affiliate institution", 
                            "count": 42, 
                            "value": 4682
                        }, 
                        {
                            "name": "Other", 
                            "count": 461, 
                            "value": 56921
                        }
                    ]
                }
            ]
        }
    ], 
    "censuscharacteristics": [
        {
            "characteristic": "Racial/Ethnic Composition", 
            "tractpctminority": [
                {
                    "tractpctminorit": "Less than 10% minority", 
                    "purchasers": [
                        {
                            "name": "Fannie Mae", 
                            "count": 941, 
                            "value": 116643
                        }, 
                        {
                            "name": "Ginnie Mae", 
                            "count": 663, 
                            "value": 72767
                        }, 
                        {
                            "name": "Freddie Mac", 
                            "count": 734, 
                            "value": 94037
                        }, 
                        {
                            "name": "Farmer Mac", 
                            "count": 0, 
                            "value": 0
                        }, 
                        {
                            "name": "Private Securitization", 
                            "count": 42, 
                            "value": 5091
                        }, 
                        {
                            "name": "Commercial bank, savings bank or association", 
                            "count": 349, 
                            "value": 39644
                        }, 
                        {
                            "name": "Life insurance co., credit union, finance co.", 
                            "count": 101, 
                            "value": 10810
                        }, 
                        {
                            "name": "Affiliate institution", 
                            "count": 540, 
                            "value": 69132
                        }, 
                        {
                            "name": "Other", 
                            "count": 3013, 
                            "value": 339421
                        }
                    ]
                }, 
                {
                    "tractpctminorit": "10-19% minority", 
                    "purchasers": [
                        {
                            "name": "Fannie Mae", 
                            "count": 313, 
                            "value": 31988
                        }, 
                        {
                            "name": "Ginnie Mae", 
                            "count": 269, 
                            "value": 23775
                        }, 
                        {
                            "name": "Freddie Mac", 
                            "count": 210, 
                            "value": 21534
                        }, 
                        {
                            "name": "Farmer Mac", 
                            "count": 0, 
                            "value": 0
                        }, 
                        {
                            "name": "Private Securitization", 
                            "count": 13, 
                            "value": 1255
                        }, 
                        {
                            "name": "Commercial bank, savings bank or association", 
                            "count": 115, 
                            "value": 10091
                        }, 
                        {
                            "name": "Life insurance co., credit union, finance co.", 
                            "count": 37, 
                            "value": 2342
                        }, 
                        {
                            "name": "Affiliate institution", 
                            "count": 194, 
                            "value": 19169
                        }, 
                        {
                            "name": "Other", 
                            "count": 950, 
                            "value": 77184
                        }
                    ]
                }, 
                {
                    "tractpctminorit": "20-49% minority", 
                    "purchasers": [
                        {
                            "name": "Fannie Mae", 
                            "count": 29, 
                            "value": 1908
                        }, 
                        {
                            "name": "Ginnie Mae", 
                            "count": 40, 
                            "value": 2451
                        }, 
                        {
                            "name": "Freddie Mac", 
                            "count": 26, 
                            "value": 1597
                        }, 
                        {
                            "name": "Farmer Mac", 
                            "count": 0, 
                            "value": 0
                        }, 
                        {
                            "name": "Private Securitization", 
                            "count": 0, 
                            "value": 0
                        }, 
                        {
                            "name": "Commercial bank, savings bank or association", 
                            "count": 7, 
                            "value": 348
                        }, 
                        {
                            "name": "Life insurance co., credit union, finance co.", 
                            "count": 3, 
                            "value": 170
                        }, 
                        {
                            "name": "Affiliate institution", 
                            "count": 34, 
                            "value": 1712
                        }, 
                        {
                            "name": "Other", 
                            "count": 322, 
                            "value": 16521
                        }
                    ]
                }, 
                {
                    "tractpctminorit": "50-79% minority", 
                    "purchasers": [
                        {
                            "name": "Fannie Mae", 
                            "count": 6, 
                            "value": 392
                        }, 
                        {
                            "name": "Ginnie Mae", 
                            "count": 3, 
                            "value": 170
                        }, 
                        {
                            "name": "Freddie Mac", 
                            "count": 4, 
                            "value": 220
                        }, 
                        {
                            "name": "Farmer Mac", 
                            "count": 0, 
                            "value": 0
                        }, 
                        {
                            "name": "Private Securitization", 
                            "count": 0, 
                            "value": 0
                        }, 
                        {
                            "name": "Commercial bank, savings bank or association", 
                            "count": 0, 
                            "value": 0
                        }, 
                        {
                            "name": "Life insurance co., credit union, finance co.", 
                            "count": 1, 
                            "value": 26
                        }, 
                        {
                            "name": "Affiliate institution", 
                            "count": 3, 
                            "value": 147
                        }, 
                        {
                            "name": "Other", 
                            "count": 54, 
                            "value": 1983
                        }
                    ]
                }, 
                {
                    "tractpctminorit": "80-100% minority", 
                    "purchasers": [
                        {
                            "name": "Fannie Mae", 
                            "count": 0, 
                            "value": 0
                        }, 
                        {
                            "name": "Ginnie Mae", 
                            "count": 0, 
                            "value": 0
                        }, 
                        {
                            "name": "Freddie Mac", 
                            "count": 0, 
                            "value": 0
                        }, 
                        {
                            "name": "Farmer Mac", 
                            "count": 0, 
                            "value": 0
                        }, 
                        {
                            "name": "Private Securitization", 
                            "count": 0, 
                            "value": 0
                        }, 
                        {
                            "name": "Commercial bank, savings bank or association", 
                            "count": 0, 
                            "value": 0
                        }, 
                        {
                            "name": "Life insurance co., credit union, finance co.", 
                            "count": 0, 
                            "value": 0
                        }, 
                        {
                            "name": "Affiliate institution", 
                            "count": 0, 
                            "value": 0
                        }, 
                        {
                            "name": "Other", 
                            "count": 0, 
                            "value": 0
                        }
                    ]
                }
            ]
        }, 
        {
            "characteristic": "Income", 
            "incomelevel": [
                {
                    "incomeleve": "Low income", 
                    "purchasers": [
                        {
                            "name": "Fannie Mae", 
                            "count": 2, 
                            "value": 121
                        }, 
                        {
                            "name": "Ginnie Mae", 
                            "count": 6, 
                            "value": 391
                        }, 
                        {
                            "name": "Freddie Mac", 
                            "count": 5, 
                            "value": 384
                        }, 
                        {
                            "name": "Farmer Mac", 
                            "count": 0, 
                            "value": 0
                        }, 
                        {
                            "name": "Private Securitization", 
                            "count": 0, 
                            "value": 0
                        }, 
                        {
                            "name": "Commercial bank, savings bank or association", 
                            "count": 2, 
                            "value": 71
                        }, 
                        {
                            "name": "Life insurance co., credit union, finance co.", 
                            "count": 1, 
                            "value": 26
                        }, 
                        {
                            "name": "Affiliate institution", 
                            "count": 3, 
                            "value": 135
                        }, 
                        {
                            "name": "Other", 
                            "count": 54, 
                            "value": 2537
                        }
                    ]
                }, 
                {
                    "incomeleve": "Moderate income", 
                    "purchasers": [
                        {
                            "name": "Fannie Mae", 
                            "count": 72, 
                            "value": 4858
                        }, 
                        {
                            "name": "Ginnie Mae", 
                            "count": 90, 
                            "value": 5914
                        }, 
                        {
                            "name": "Freddie Mac", 
                            "count": 53, 
                            "value": 3759
                        }, 
                        {
                            "name": "Farmer Mac", 
                            "count": 0, 
                            "value": 0
                        }, 
                        {
                            "name": "Private Securitization", 
                            "count": 1, 
                            "value": 36
                        }, 
                        {
                            "name": "Commercial bank, savings bank or association", 
                            "count": 22, 
                            "value": 1444
                        }, 
                        {
                            "name": "Life insurance co., credit union, finance co.", 
                            "count": 7, 
                            "value": 352
                        }, 
                        {
                            "name": "Affiliate institution", 
                            "count": 65, 
                            "value": 3961
                        }, 
                        {
                            "name": "Other", 
                            "count": 499, 
                            "value": 26417
                        }
                    ]
                }, 
                {
                    "incomeleve": "Middle income", 
                    "purchasers": [
                        {
                            "name": "Fannie Mae", 
                            "count": 640, 
                            "value": 74117
                        }, 
                        {
                            "name": "Ginnie Mae", 
                            "count": 555, 
                            "value": 56971
                        }, 
                        {
                            "name": "Freddie Mac", 
                            "count": 514, 
                            "value": 58500
                        }, 
                        {
                            "name": "Farmer Mac", 
                            "count": 0, 
                            "value": 0
                        }, 
                        {
                            "name": "Private Securitization", 
                            "count": 25, 
                            "value": 2626
                        }, 
                        {
                            "name": "Commercial bank, savings bank or association", 
                            "count": 267, 
                            "value": 27766
                        }, 
                        {
                            "name": "Life insurance co., credit union, finance co.", 
                            "count": 85, 
                            "value": 7532
                        }, 
                        {
                            "name": "Affiliate institution", 
                            "count": 391, 
                            "value": 45260
                        }, 
                        {
                            "name": "Other", 
                            "count": 2279, 
                            "value": 223794
                        }
                    ]
                }, 
                {
                    "incomeleve": "Upper income", 
                    "purchasers": [
                        {
                            "name": "Fannie Mae", 
                            "count": 575, 
                            "value": 71835
                        }, 
                        {
                            "name": "Ginnie Mae", 
                            "count": 324, 
                            "value": 35887
                        }, 
                        {
                            "name": "Freddie Mac", 
                            "count": 402, 
                            "value": 54745
                        }, 
                        {
                            "name": "Farmer Mac", 
                            "count": 0, 
                            "value": 0
                        }, 
                        {
                            "name": "Private Securitization", 
                            "count": 29, 
                            "value": 3684
                        }, 
                        {
                            "name": "Commercial bank, savings bank or association", 
                            "count": 180, 
                            "value": 20802
                        }, 
                        {
                            "name": "Life insurance co., credit union, finance co.", 
                            "count": 49, 
                            "value": 5438
                        }, 
                        {
                            "name": "Affiliate institution", 
                            "count": 312, 
                            "value": 40804
                        }, 
                        {
                            "name": "Other", 
                            "count": 1507, 
                            "value": 182361
                        }
                    ]
                }
            ]
        }
    ], 
    "total": {
        "purchasers": [
            {
                "name": "Fannie Mae", 
                "count": 1289, 
                "value": 150931
            }, 
            {
                "name": "Ginnie Mae", 
                "count": 975, 
                "value": 99163
            }, 
            {
                "name": "Freddie Mac", 
                "count": 974, 
                "value": 117388
            }, 
            {
                "name": "Farmer Mac", 
                "count": 0, 
                "value": 0
            }, 
            {
                "name": "Private Securitization", 
                "count": 55, 
                "value": 6346
            }, 
            {
                "name": "Commercial bank, savings bank or association", 
                "count": 471, 
                "value": 50083
            }, 
            {
                "name": "Life insurance co., credit union, finance co.", 
                "count": 142, 
                "value": 13348
            }, 
            {
                "name": "Affiliate institution", 
                "count": 771, 
                "value": 90160
            }, 
            {
                "name": "Other", 
                "count": 4339, 
                "value": 435109
            }
        ]
    }
}