{
    "table": "3-1", 
    "type": "Aggregate", 
    "desc": "Loans sold, by characteristics of borrower and census tract in which property is located and by type of purchaser (includes originations and purchased loans),", 
    "year": "2012", 
    "msa": {
        "id": "42680", 
        "name": "Sebastian-Vero-Beach", 
        "state": "FL", 
        "state_name": "Florida"
    }, 
    "borrowercharacteristics": [
        {
            "characteristic": "Race", 
            "races": [
                {
                    "race": "American Indian/Alaska Native", 
                    "purchasers": [
                        {
                            "name": "Fannie Mae", 
                            "count": 2, 
                            "value": 152.0
                        }, 
                        {
                            "name": "Ginnie Mae", 
                            "count": 0, 
                            "value": 0
                        }, 
                        {
                            "name": "Freddie Mac", 
                            "count": 2, 
                            "value": 156.0
                        }, 
                        {
                            "name": "Farmer Mac", 
                            "count": 0, 
                            "value": 0
                        }, 
                        {
                            "name": "Private Securitization", 
                            "count": 0, 
                            "value": 0
                        }, 
                        {
                            "name": "Commercial bank, savings bank or association", 
                            "count": 0, 
                            "value": 0
                        }, 
                        {
                            "name": "Life insurance co., credit union, finance co.", 
                            "count": 0, 
                            "value": 0
                        }, 
                        {
                            "name": "Affiliate institution", 
                            "count": 0, 
                            "value": 0
                        }, 
                        {
                            "name": "Other", 
                            "count": 6, 
                            "value": 872.0
                        }
                    ]
                }, 
                {
                    "race": "Asian", 
                    "purchasers": [
                        {
                            "name": "Fannie Mae", 
                            "count": 2, 
                            "value": 358.0
                        }, 
                        {
                            "name": "Ginnie Mae", 
                            "count": 1, 
                            "value": 147.0
                        }, 
                        {
                            "name": "Freddie Mac", 
                            "count": 0, 
                            "value": 0
                        }, 
                        {
                            "name": "Farmer Mac", 
                            "count": 0, 
                            "value": 0
                        }, 
                        {
                            "name": "Private Securitization", 
                            "count": 0, 
                            "value": 0
                        }, 
                        {
                            "name": "Commercial bank, savings bank or association", 
                            "count": 0, 
                            "value": 0
                        }, 
                        {
                            "name": "Life insurance co., credit union, finance co.", 
                            "count": 0, 
                            "value": 0
                        }, 
                        {
                            "name": "Affiliate institution", 
                            "count": 0, 
                            "value": 0
                        }, 
                        {
                            "name": "Other", 
                            "count": 4, 
                            "value": 569.0
                        }
                    ]
                }, 
                {
                    "race": "Black or African American", 
                    "purchasers": [
                        {
                            "name": "Fannie Mae", 
                            "count": 10, 
                            "value": 1720.0
                        }, 
                        {
                            "name": "Ginnie Mae", 
                            "count": 1, 
                            "value": 50.0
                        }, 
                        {
                            "name": "Freddie Mac", 
                            "count": 6, 
                            "value": 817.0
                        }, 
                        {
                            "name": "Farmer Mac", 
                            "count": 0, 
                            "value": 0
                        }, 
                        {
                            "name": "Private Securitization", 
                            "count": 0, 
                            "value": 0
                        }, 
                        {
                            "name": "Commercial bank, savings bank or association", 
                            "count": 5, 
                            "value": 693.0
                        }, 
                        {
                            "name": "Life insurance co., credit union, finance co.", 
                            "count": 2, 
                            "value": 140.0
                        }, 
                        {
                            "name": "Affiliate institution", 
                            "count": 2, 
                            "value": 131.0
                        }, 
                        {
                            "name": "Other", 
                            "count": 35, 
                            "value": 4153.0
                        }
                    ]
                }, 
                {
                    "race": "Native Hawaiian or Other Pacific Islander", 
                    "purchasers": [
                        {
                            "name": "Fannie Mae", 
                            "count": 24, 
                            "value": 4175.0
                        }, 
                        {
                            "name": "Ginnie Mae", 
                            "count": 16, 
                            "value": 2224.0
                        }, 
                        {
                            "name": "Freddie Mac", 
                            "count": 5, 
                            "value": 713.0
                        }, 
                        {
                            "name": "Farmer Mac", 
                            "count": 0, 
                            "value": 0
                        }, 
                        {
                            "name": "Private Securitization", 
                            "count": 0, 
                            "value": 0
                        }, 
                        {
                            "name": "Commercial bank, savings bank or association", 
                            "count": 5, 
                            "value": 403.0
                        }, 
                        {
                            "name": "Life insurance co., credit union, finance co.", 
                            "count": 3, 
                            "value": 352.0
                        }, 
                        {
                            "name": "Affiliate institution", 
                            "count": 0, 
                            "value": 0
                        }, 
                        {
                            "name": "Other", 
                            "count": 109, 
                            "value": 10201.0
                        }
                    ]
                }, 
                {
                    "race": "White", 
                    "purchasers": [
                        {
                            "name": "Fannie Mae", 
                            "count": 1, 
                            "value": 261.0
                        }, 
                        {
                            "name": "Ginnie Mae", 
                            "count": 1, 
                            "value": 201.0
                        }, 
                        {
                            "name": "Freddie Mac", 
                            "count": 1, 
                            "value": 172.0
                        }, 
                        {
                            "name": "Farmer Mac", 
                            "count": 0, 
                            "value": 0
                        }, 
                        {
                            "name": "Private Securitization", 
                            "count": 0, 
                            "value": 0
                        }, 
                        {
                            "name": "Commercial bank, savings bank or association", 
                            "count": 0, 
                            "value": 0
                        }, 
                        {
                            "name": "Life insurance co., credit union, finance co.", 
                            "count": 0, 
                            "value": 0
                        }, 
                        {
                            "name": "Affiliate institution", 
                            "count": 0, 
                            "value": 0
                        }, 
                        {
                            "name": "Other", 
                            "count": 5, 
                            "value": 431.0
                        }
                    ]
                }, 
                {
                    "race": "2 or more minority races", 
                    "purchasers": [
                        {
                            "name": "Fannie Mae", 
                            "count": 1198, 
                            "value": 196934.0
                        }, 
                        {
                            "name": "Ginnie Mae", 
                            "count": 355, 
                            "value": 53023.0
                        }, 
                        {
                            "name": "Freddie Mac", 
                            "count": 682, 
                            "value": 110239.0
                        }, 
                        {
                            "name": "Farmer Mac", 
                            "count": 1, 
                            "value": 102.0
                        }, 
                        {
                            "name": "Private Securitization", 
                            "count": 27, 
                            "value": 4922.0
                        }, 
                        {
                            "name": "Commercial bank, savings bank or association", 
                            "count": 440, 
                            "value": 75902.0
                        }, 
                        {
                            "name": "Life insurance co., credit union, finance co.", 
                            "count": 85, 
                            "value": 10955.0
                        }, 
                        {
                            "name": "Affiliate institution", 
                            "count": 95, 
                            "value": 16370.0
                        }, 
                        {
                            "name": "Other", 
                            "count": 2979, 
                            "value": 631131.0
                        }
                    ]
                }, 
                {
                    "race": "Joint (White/Minority Race", 
                    "purchasers": [
                        {
                            "name": "Fannie Mae", 
                            "count": 14, 
                            "value": 2234.0
                        }, 
                        {
                            "name": "Ginnie Mae", 
                            "count": 3, 
                            "value": 488.0
                        }, 
                        {
                            "name": "Freddie Mac", 
                            "count": 10, 
                            "value": 1915.0
                        }, 
                        {
                            "name": "Farmer Mac", 
                            "count": 0, 
                            "value": 0
                        }, 
                        {
                            "name": "Private Securitization", 
                            "count": 0, 
                            "value": 0
                        }, 
                        {
                            "name": "Commercial bank, savings bank or association", 
                            "count": 4, 
                            "value": 605.0
                        }, 
                        {
                            "name": "Life insurance co., credit union, finance co.", 
                            "count": 1, 
                            "value": 141.0
                        }, 
                        {
                            "name": "Affiliate institution", 
                            "count": 1, 
                            "value": 149.0
                        }, 
                        {
                            "name": "Other", 
                            "count": 21, 
                            "value": 4690.0
                        }
                    ]
                }, 
                {
                    "race": "Not Available", 
                    "purchasers": [
                        {
                            "name": "Fannie Mae", 
                            "count": 255, 
                            "value": 50014.0
                        }, 
                        {
                            "name": "Ginnie Mae", 
                            "count": 111, 
                            "value": 15838.0
                        }, 
                        {
                            "name": "Freddie Mac", 
                            "count": 173, 
                            "value": 29644.0
                        }, 
                        {
                            "name": "Farmer Mac", 
                            "count": 0, 
                            "value": 0
                        }, 
                        {
                            "name": "Private Securitization", 
                            "count": 7, 
                            "value": 1512.0
                        }, 
                        {
                            "name": "Commercial bank, savings bank or association", 
                            "count": 31, 
                            "value": 7105.0
                        }, 
                        {
                            "name": "Life insurance co., credit union, finance co.", 
                            "count": 7, 
                            "value": 1827.0
                        }, 
                        {
                            "name": "Affiliate institution", 
                            "count": 26, 
                            "value": 4249.0
                        }, 
                        {
                            "name": "Other", 
                            "count": 559, 
                            "value": 143798.0
                        }
                    ]
                }
            ]
        }, 
        {
            "characteristic": "Ethnicity", 
            "ethnicities": [
                {
                    "ethnicity": "Hispanic or Latino", 
                    "purchasers": [
                        {
                            "name": "Fannie Mae", 
                            "count": 31, 
                            "value": 4320
                        }, 
                        {
                            "name": "Ginnie Mae", 
                            "count": 31, 
                            "value": 3912
                        }, 
                        {
                            "name": "Freddie Mac", 
                            "count": 30, 
                            "value": 3825
                        }, 
                        {
                            "name": "Farmer Mac", 
                            "count": 0, 
                            "value": 0
                        }, 
                        {
                            "name": "Private Securitization", 
                            "count": 0, 
                            "value": 0
                        }, 
                        {
                            "name": "Commercial bank, savings bank or association", 
                            "count": 22, 
                            "value": 3102
                        }, 
                        {
                            "name": "Life insurance co., credit union, finance co.", 
                            "count": 10, 
                            "value": 799
                        }, 
                        {
                            "name": "Affiliate institution", 
                            "count": 1, 
                            "value": 196
                        }, 
                        {
                            "name": "Other", 
                            "count": 155, 
                            "value": 17876
                        }
                    ]
                }, 
                {
                    "ethnicity": "Not Hispanic or Latino", 
                    "purchasers": [
                        {
                            "name": "Fannie Mae", 
                            "count": 1199, 
                            "value": 197741
                        }, 
                        {
                            "name": "Ginnie Mae", 
                            "count": 343, 
                            "value": 51799
                        }, 
                        {
                            "name": "Freddie Mac", 
                            "count": 667, 
                            "value": 108287
                        }, 
                        {
                            "name": "Farmer Mac", 
                            "count": 1, 
                            "value": 102
                        }, 
                        {
                            "name": "Private Securitization", 
                            "count": 28, 
                            "value": 5060
                        }, 
                        {
                            "name": "Commercial bank, savings bank or association", 
                            "count": 428, 
                            "value": 74170
                        }, 
                        {
                            "name": "Life insurance co., credit union, finance co.", 
                            "count": 79, 
                            "value": 10277
                        }, 
                        {
                            "name": "Affiliate institution", 
                            "count": 91, 
                            "value": 15804
                        }, 
                        {
                            "name": "Other", 
                            "count": 2968, 
                            "value": 627623
                        }
                    ]
                }, 
                {
                    "ethnicity": "Joint (Hispanic or Latino/Not Hispanic or Latino", 
                    "purchasers": [
                        {
                            "name": "Fannie Mae", 
                            "count": 19, 
                            "value": 3746
                        }, 
                        {
                            "name": "Ginnie Mae", 
                            "count": 7, 
                            "value": 946
                        }, 
                        {
                            "name": "Freddie Mac", 
                            "count": 13, 
                            "value": 2152
                        }, 
                        {
                            "name": "Farmer Mac", 
                            "count": 0, 
                            "value": 0
                        }, 
                        {
                            "name": "Private Securitization", 
                            "count": 0, 
                            "value": 0
                        }, 
                        {
                            "name": "Commercial bank, savings bank or association", 
                            "count": 4, 
                            "value": 524
                        }, 
                        {
                            "name": "Life insurance co., credit union, finance co.", 
                            "count": 1, 
                            "value": 100
                        }, 
                        {
                            "name": "Affiliate institution", 
                            "count": 2, 
                            "value": 151
                        }, 
                        {
                            "name": "Other", 
                            "count": 48, 
                            "value": 9790
                        }
                    ]
                }, 
                {
                    "ethnicity": "Ethnicity Not Available", 
                    "purchasers": [
                        {
                            "name": "Fannie Mae", 
                            "count": 257, 
                            "value": 50041
                        }, 
                        {
                            "name": "Ginnie Mae", 
                            "count": 107, 
                            "value": 15314
                        }, 
                        {
                            "name": "Freddie Mac", 
                            "count": 169, 
                            "value": 29392
                        }, 
                        {
                            "name": "Farmer Mac", 
                            "count": 0, 
                            "value": 0
                        }, 
                        {
                            "name": "Private Securitization", 
                            "count": 6, 
                            "value": 1374
                        }, 
                        {
                            "name": "Commercial bank, savings bank or association", 
                            "count": 31, 
                            "value": 6912
                        }, 
                        {
                            "name": "Life insurance co., credit union, finance co.", 
                            "count": 8, 
                            "value": 2239
                        }, 
                        {
                            "name": "Affiliate institution", 
                            "count": 30, 
                            "value": 4748
                        }, 
                        {
                            "name": "Other", 
                            "count": 547, 
                            "value": 140556
                        }
                    ]
                }
            ]
        }, 
        {
            "characteristic": "Minority Status", 
            "minoritystatuses": [
                {
                    "minoritystatus": "White Non-Hispanic", 
                    "purchasers": [
                        {
                            "name": "Fannie Mae", 
                            "count": 1406, 
                            "value": 239345
                        }, 
                        {
                            "name": "Ginnie Mae", 
                            "count": 428, 
                            "value": 64003
                        }, 
                        {
                            "name": "Freddie Mac", 
                            "count": 816, 
                            "value": 134234
                        }, 
                        {
                            "name": "Farmer Mac", 
                            "count": 1, 
                            "value": 102
                        }, 
                        {
                            "name": "Private Securitization", 
                            "count": 34, 
                            "value": 6434
                        }, 
                        {
                            "name": "Commercial bank, savings bank or association", 
                            "count": 444, 
                            "value": 79197
                        }, 
                        {
                            "name": "Life insurance co., credit union, finance co.", 
                            "count": 81, 
                            "value": 11883
                        }, 
                        {
                            "name": "Affiliate institution", 
                            "count": 118, 
                            "value": 20272
                        }, 
                        {
                            "name": "Other", 
                            "count": 3344, 
                            "value": 747938
                        }
                    ]
                }, 
                {
                    "minoritystatus": "Others, Including Hispanic", 
                    "purchasers": [
                        {
                            "name": "Fannie Mae", 
                            "count": 100, 
                            "value": 16503
                        }, 
                        {
                            "name": "Ginnie Mae", 
                            "count": 60, 
                            "value": 7968
                        }, 
                        {
                            "name": "Freddie Mac", 
                            "count": 63, 
                            "value": 9422
                        }, 
                        {
                            "name": "Farmer Mac", 
                            "count": 0, 
                            "value": 0
                        }, 
                        {
                            "name": "Private Securitization", 
                            "count": 0, 
                            "value": 0
                        }, 
                        {
                            "name": "Commercial bank, savings bank or association", 
                            "count": 41, 
                            "value": 5511
                        }, 
                        {
                            "name": "Life insurance co., credit union, finance co.", 
                            "count": 17, 
                            "value": 1532
                        }, 
                        {
                            "name": "Affiliate institution", 
                            "count": 6, 
                            "value": 627
                        }, 
                        {
                            "name": "Other", 
                            "count": 374, 
                            "value": 47907
                        }
                    ]
                }
            ]
        }, 
        {
            "characteristic": "Applicant Income", 
            "applicantincomes": [
                {
                    "applicantincome": "Less than 50% of MSA/MD median", 
                    "purchasers": [
                        {
                            "name": "Fannie Mae", 
                            "count": 99, 
                            "value": 11227
                        }, 
                        {
                            "name": "Ginnie Mae", 
                            "count": 27, 
                            "value": 2041
                        }, 
                        {
                            "name": "Freddie Mac", 
                            "count": 56, 
                            "value": 6015
                        }, 
                        {
                            "name": "Farmer Mac", 
                            "count": 0, 
                            "value": 0
                        }, 
                        {
                            "name": "Private Securitization", 
                            "count": 0, 
                            "value": 0
                        }, 
                        {
                            "name": "Commercial bank, savings bank or association", 
                            "count": 25, 
                            "value": 1959
                        }, 
                        {
                            "name": "Life insurance co., credit union, finance co.", 
                            "count": 22, 
                            "value": 1740
                        }, 
                        {
                            "name": "Affiliate institution", 
                            "count": 9, 
                            "value": 858
                        }, 
                        {
                            "name": "Other", 
                            "count": 332, 
                            "value": 24371
                        }
                    ]
                }, 
                {
                    "applicantincome": "50-79% of MSA/MD median", 
                    "purchasers": [
                        {
                            "name": "Fannie Mae", 
                            "count": 175, 
                            "value": 19556
                        }, 
                        {
                            "name": "Ginnie Mae", 
                            "count": 70, 
                            "value": 7456
                        }, 
                        {
                            "name": "Freddie Mac", 
                            "count": 94, 
                            "value": 11222
                        }, 
                        {
                            "name": "Farmer Mac", 
                            "count": 0, 
                            "value": 0
                        }, 
                        {
                            "name": "Private Securitization", 
                            "count": 2, 
                            "value": 274
                        }, 
                        {
                            "name": "Commercial bank, savings bank or association", 
                            "count": 67, 
                            "value": 6744
                        }, 
                        {
                            "name": "Life insurance co., credit union, finance co.", 
                            "count": 40, 
                            "value": 3581
                        }, 
                        {
                            "name": "Affiliate institution", 
                            "count": 18, 
                            "value": 1868
                        }, 
                        {
                            "name": "Other", 
                            "count": 600, 
                            "value": 57755
                        }
                    ]
                }, 
                {
                    "applicantincome": "80-99% of MSA/MD median", 
                    "purchasers": [
                        {
                            "name": "Fannie Mae", 
                            "count": 129, 
                            "value": 17182
                        }, 
                        {
                            "name": "Ginnie Mae", 
                            "count": 61, 
                            "value": 7690
                        }, 
                        {
                            "name": "Freddie Mac", 
                            "count": 78, 
                            "value": 9483
                        }, 
                        {
                            "name": "Farmer Mac", 
                            "count": 0, 
                            "value": 0
                        }, 
                        {
                            "name": "Private Securitization", 
                            "count": 4, 
                            "value": 454
                        }, 
                        {
                            "name": "Commercial bank, savings bank or association", 
                            "count": 55, 
                            "value": 7334
                        }, 
                        {
                            "name": "Life insurance co., credit union, finance co.", 
                            "count": 5, 
                            "value": 568
                        }, 
                        {
                            "name": "Affiliate institution", 
                            "count": 14, 
                            "value": 1796
                        }, 
                        {
                            "name": "Other", 
                            "count": 325, 
                            "value": 37468
                        }
                    ]
                }, 
                {
                    "applicantincome": "100-119% of MSA/MD median", 
                    "purchasers": [
                        {
                            "name": "Fannie Mae", 
                            "count": 139, 
                            "value": 19280
                        }, 
                        {
                            "name": "Ginnie Mae", 
                            "count": 42, 
                            "value": 5897
                        }, 
                        {
                            "name": "Freddie Mac", 
                            "count": 85, 
                            "value": 12845
                        }, 
                        {
                            "name": "Farmer Mac", 
                            "count": 0, 
                            "value": 0
                        }, 
                        {
                            "name": "Private Securitization", 
                            "count": 3, 
                            "value": 418
                        }, 
                        {
                            "name": "Commercial bank, savings bank or association", 
                            "count": 47, 
                            "value": 6195
                        }, 
                        {
                            "name": "Life insurance co., credit union, finance co.", 
                            "count": 7, 
                            "value": 1382
                        }, 
                        {
                            "name": "Affiliate institution", 
                            "count": 12, 
                            "value": 1493
                        }, 
                        {
                            "name": "Other", 
                            "count": 297, 
                            "value": 37966
                        }
                    ]
                }, 
                {
                    "applicantincome": "120% or more of MSA/MD median", 
                    "purchasers": [
                        {
                            "name": "Fannie Mae", 
                            "count": 854, 
                            "value": 165245
                        }, 
                        {
                            "name": "Ginnie Mae", 
                            "count": 121, 
                            "value": 22058
                        }, 
                        {
                            "name": "Freddie Mac", 
                            "count": 470, 
                            "value": 86125
                        }, 
                        {
                            "name": "Farmer Mac", 
                            "count": 0, 
                            "value": 0
                        }, 
                        {
                            "name": "Private Securitization", 
                            "count": 25, 
                            "value": 5288
                        }, 
                        {
                            "name": "Commercial bank, savings bank or association", 
                            "count": 278, 
                            "value": 60468
                        }, 
                        {
                            "name": "Life insurance co., credit union, finance co.", 
                            "count": 19, 
                            "value": 5205
                        }, 
                        {
                            "name": "Affiliate institution", 
                            "count": 70, 
                            "value": 14761
                        }, 
                        {
                            "name": "Other", 
                            "count": 1854, 
                            "value": 565625
                        }
                    ]
                }, 
                {
                    "applicantincome": "income not available", 
                    "purchasers": [
                        {
                            "name": "Fannie Mae", 
                            "count": 110, 
                            "value": 23358
                        }, 
                        {
                            "name": "Ginnie Mae", 
                            "count": 167, 
                            "value": 26829
                        }, 
                        {
                            "name": "Freddie Mac", 
                            "count": 96, 
                            "value": 17966
                        }, 
                        {
                            "name": "Farmer Mac", 
                            "count": 1, 
                            "value": 102
                        }, 
                        {
                            "name": "Private Securitization", 
                            "count": 0, 
                            "value": 0
                        }, 
                        {
                            "name": "Commercial bank, savings bank or association", 
                            "count": 13, 
                            "value": 2008
                        }, 
                        {
                            "name": "Life insurance co., credit union, finance co.", 
                            "count": 5, 
                            "value": 939
                        }, 
                        {
                            "name": "Affiliate institution", 
                            "count": 1, 
                            "value": 123
                        }, 
                        {
                            "name": "Other", 
                            "count": 310, 
                            "value": 72660
                        }
                    ]
                }
            ]
        }
    ], 
    "censuscharacteristics": [
        {
            "characteristic": "Racial/Ethnic Composition", 
            "tractpctminorities": [
                {
                    "tractpctminority": "Less than 10% minority", 
                    "purchasers": [
                        {
                            "name": "Fannie Mae", 
                            "count": 297, 
                            "value": 73891
                        }, 
                        {
                            "name": "Ginnie Mae", 
                            "count": 19, 
                            "value": 3799
                        }, 
                        {
                            "name": "Freddie Mac", 
                            "count": 143, 
                            "value": 34588
                        }, 
                        {
                            "name": "Farmer Mac", 
                            "count": 0, 
                            "value": 0
                        }, 
                        {
                            "name": "Private Securitization", 
                            "count": 13, 
                            "value": 2813
                        }, 
                        {
                            "name": "Commercial bank, savings bank or association", 
                            "count": 107, 
                            "value": 29371
                        }, 
                        {
                            "name": "Life insurance co., credit union, finance co.", 
                            "count": 11, 
                            "value": 2487
                        }, 
                        {
                            "name": "Affiliate institution", 
                            "count": 23, 
                            "value": 6705
                        }, 
                        {
                            "name": "Other", 
                            "count": 800, 
                            "value": 387663
                        }
                    ]
                }, 
                {
                    "tractpctminority": "10-19% minority", 
                    "purchasers": [
                        {
                            "name": "Fannie Mae", 
                            "count": 1143, 
                            "value": 171264
                        }, 
                        {
                            "name": "Ginnie Mae", 
                            "count": 446, 
                            "value": 65091
                        }, 
                        {
                            "name": "Freddie Mac", 
                            "count": 703, 
                            "value": 104061
                        }, 
                        {
                            "name": "Farmer Mac", 
                            "count": 1, 
                            "value": 102
                        }, 
                        {
                            "name": "Private Securitization", 
                            "count": 20, 
                            "value": 3379
                        }, 
                        {
                            "name": "Commercial bank, savings bank or association", 
                            "count": 365, 
                            "value": 53916
                        }, 
                        {
                            "name": "Life insurance co., credit union, finance co.", 
                            "count": 81, 
                            "value": 9866
                        }, 
                        {
                            "name": "Affiliate institution", 
                            "count": 97, 
                            "value": 13565
                        }, 
                        {
                            "name": "Other", 
                            "count": 2747, 
                            "value": 386718
                        }
                    ]
                }, 
                {
                    "tractpctminority": "20-49% minority", 
                    "purchasers": [
                        {
                            "name": "Fannie Mae", 
                            "count": 21, 
                            "value": 3439
                        }, 
                        {
                            "name": "Ginnie Mae", 
                            "count": 14, 
                            "value": 2022
                        }, 
                        {
                            "name": "Freddie Mac", 
                            "count": 13, 
                            "value": 1874
                        }, 
                        {
                            "name": "Farmer Mac", 
                            "count": 0, 
                            "value": 0
                        }, 
                        {
                            "name": "Private Securitization", 
                            "count": 0, 
                            "value": 0
                        }, 
                        {
                            "name": "Commercial bank, savings bank or association", 
                            "count": 7, 
                            "value": 768
                        }, 
                        {
                            "name": "Life insurance co., credit union, finance co.", 
                            "count": 3, 
                            "value": 408
                        }, 
                        {
                            "name": "Affiliate institution", 
                            "count": 2, 
                            "value": 370
                        }, 
                        {
                            "name": "Other", 
                            "count": 103, 
                            "value": 13850
                        }
                    ]
                }, 
                {
                    "tractpctminority": "50-79% minority", 
                    "purchasers": [
                        {
                            "name": "Fannie Mae", 
                            "count": 45, 
                            "value": 7254
                        }, 
                        {
                            "name": "Ginnie Mae", 
                            "count": 9, 
                            "value": 1059
                        }, 
                        {
                            "name": "Freddie Mac", 
                            "count": 20, 
                            "value": 3133
                        }, 
                        {
                            "name": "Farmer Mac", 
                            "count": 0, 
                            "value": 0
                        }, 
                        {
                            "name": "Private Securitization", 
                            "count": 1, 
                            "value": 242
                        }, 
                        {
                            "name": "Commercial bank, savings bank or association", 
                            "count": 6, 
                            "value": 653
                        }, 
                        {
                            "name": "Life insurance co., credit union, finance co.", 
                            "count": 3, 
                            "value": 654
                        }, 
                        {
                            "name": "Affiliate institution", 
                            "count": 2, 
                            "value": 259
                        }, 
                        {
                            "name": "Other", 
                            "count": 68, 
                            "value": 7614
                        }
                    ]
                }, 
                {
                    "tractpctminority": "80-100% minority", 
                    "purchasers": [
                        {
                            "name": "Fannie Mae", 
                            "count": 0, 
                            "value": 0
                        }, 
                        {
                            "name": "Ginnie Mae", 
                            "count": 0, 
                            "value": 0
                        }, 
                        {
                            "name": "Freddie Mac", 
                            "count": 0, 
                            "value": 0
                        }, 
                        {
                            "name": "Farmer Mac", 
                            "count": 0, 
                            "value": 0
                        }, 
                        {
                            "name": "Private Securitization", 
                            "count": 0, 
                            "value": 0
                        }, 
                        {
                            "name": "Commercial bank, savings bank or association", 
                            "count": 0, 
                            "value": 0
                        }, 
                        {
                            "name": "Life insurance co., credit union, finance co.", 
                            "count": 0, 
                            "value": 0
                        }, 
                        {
                            "name": "Affiliate institution", 
                            "count": 0, 
                            "value": 0
                        }, 
                        {
                            "name": "Other", 
                            "count": 0, 
                            "value": 0
                        }
                    ]
                }
            ]
        }, 
        {
            "characteristic": "Income", 
            "incomelevels": [
                {
                    "incomelevel": "Low income", 
                    "purchasers": [
                        {
                            "name": "Fannie Mae", 
                            "count": 13, 
                            "value": 6135
                        }, 
                        {
                            "name": "Ginnie Mae", 
                            "count": 1, 
                            "value": 51
                        }, 
                        {
                            "name": "Freddie Mac", 
                            "count": 7, 
                            "value": 786
                        }, 
                        {
                            "name": "Farmer Mac", 
                            "count": 0, 
                            "value": 0
                        }, 
                        {
                            "name": "Private Securitization", 
                            "count": 0, 
                            "value": 0
                        }, 
                        {
                            "name": "Commercial bank, savings bank or association", 
                            "count": 2, 
                            "value": 141
                        }, 
                        {
                            "name": "Life insurance co., credit union, finance co.", 
                            "count": 0, 
                            "value": 0
                        }, 
                        {
                            "name": "Affiliate institution", 
                            "count": 0, 
                            "value": 0
                        }, 
                        {
                            "name": "Other", 
                            "count": 30, 
                            "value": 2265
                        }
                    ]
                }, 
                {
                    "incomelevel": "Moderate income", 
                    "purchasers": [
                        {
                            "name": "Fannie Mae", 
                            "count": 123, 
                            "value": 19514
                        }, 
                        {
                            "name": "Ginnie Mae", 
                            "count": 41, 
                            "value": 6070
                        }, 
                        {
                            "name": "Freddie Mac", 
                            "count": 62, 
                            "value": 9665
                        }, 
                        {
                            "name": "Farmer Mac", 
                            "count": 0, 
                            "value": 0
                        }, 
                        {
                            "name": "Private Securitization", 
                            "count": 2, 
                            "value": 363
                        }, 
                        {
                            "name": "Commercial bank, savings bank or association", 
                            "count": 26, 
                            "value": 3629
                        }, 
                        {
                            "name": "Life insurance co., credit union, finance co.", 
                            "count": 8, 
                            "value": 1368
                        }, 
                        {
                            "name": "Affiliate institution", 
                            "count": 6, 
                            "value": 851
                        }, 
                        {
                            "name": "Other", 
                            "count": 303, 
                            "value": 40428
                        }
                    ]
                }, 
                {
                    "incomelevel": "Middle income", 
                    "purchasers": [
                        {
                            "name": "Fannie Mae", 
                            "count": 876, 
                            "value": 119502
                        }, 
                        {
                            "name": "Ginnie Mae", 
                            "count": 355, 
                            "value": 47532
                        }, 
                        {
                            "name": "Freddie Mac", 
                            "count": 512, 
                            "value": 69729
                        }, 
                        {
                            "name": "Farmer Mac", 
                            "count": 1, 
                            "value": 102
                        }, 
                        {
                            "name": "Private Securitization", 
                            "count": 13, 
                            "value": 1970
                        }, 
                        {
                            "name": "Commercial bank, savings bank or association", 
                            "count": 276, 
                            "value": 37911
                        }, 
                        {
                            "name": "Life insurance co., credit union, finance co.", 
                            "count": 70, 
                            "value": 7033
                        }, 
                        {
                            "name": "Affiliate institution", 
                            "count": 73, 
                            "value": 9110
                        }, 
                        {
                            "name": "Other", 
                            "count": 2100, 
                            "value": 279131
                        }
                    ]
                }, 
                {
                    "incomelevel": "Upper income", 
                    "purchasers": [
                        {
                            "name": "Fannie Mae", 
                            "count": 494, 
                            "value": 110697
                        }, 
                        {
                            "name": "Ginnie Mae", 
                            "count": 91, 
                            "value": 18318
                        }, 
                        {
                            "name": "Freddie Mac", 
                            "count": 298, 
                            "value": 63476
                        }, 
                        {
                            "name": "Farmer Mac", 
                            "count": 0, 
                            "value": 0
                        }, 
                        {
                            "name": "Private Securitization", 
                            "count": 19, 
                            "value": 4101
                        }, 
                        {
                            "name": "Commercial bank, savings bank or association", 
                            "count": 181, 
                            "value": 43027
                        }, 
                        {
                            "name": "Life insurance co., credit union, finance co.", 
                            "count": 20, 
                            "value": 5014
                        }, 
                        {
                            "name": "Affiliate institution", 
                            "count": 45, 
                            "value": 10938
                        }, 
                        {
                            "name": "Other", 
                            "count": 1285, 
                            "value": 474021
                        }
                    ]
                }
            ]
        }
    ], 
    "total": {
        "purchasers": [
            {
                "name": "Fannie Mae", 
                "count": 1506, 
                "value": 255848
            }, 
            {
                "name": "Ginnie Mae", 
                "count": 488, 
                "value": 71971
            }, 
            {
                "name": "Freddie Mac", 
                "count": 879, 
                "value": 143656
            }, 
            {
                "name": "Farmer Mac", 
                "count": 1, 
                "value": 102
            }, 
            {
                "name": "Private Securitization", 
                "count": 34, 
                "value": 6434
            }, 
            {
                "name": "Commercial bank, savings bank or association", 
                "count": 485, 
                "value": 84708
            }, 
            {
                "name": "Life insurance co., credit union, finance co.", 
                "count": 98, 
                "value": 13415
            }, 
            {
                "name": "Affiliate institution", 
                "count": 124, 
                "value": 20899
            }, 
            {
                "name": "Other", 
                "count": 3718, 
                "value": 795845
            }
        ]
    }
}