{
    "msa-mds": [
        {
            "id": "22220", 
            "name": "FAYETTEVILLE-SPRINGDALE-ROGERS"
        }, 
        {
            "id": "38220", 
            "name": "PINE-BLUFF"
        }, 
        {
            "id": "12900", 
            "name": "BATESVILLE"
        }, 
        {
            "id": "42620", 
            "name": "SEARCY"
        }, 
        {
            "id": "11660", 
            "name": "ARKADELPHIA"
        }, 
        {
            "id": "14180", 
            "name": "BLYTHEVILLE"
        }, 
        {
            "id": "31680", 
            "name": "MALVERN"
        }, 
        {
            "id": "15780", 
            "name": "CAMDEN"
        }, 
        {
            "id": "27860", 
            "name": "JONESBORO"
        }, 
        {
            "id": "40780", 
            "name": "RUSSELLVILLE"
        }, 
        {
            "id": "22900", 
            "name": "FORT-SMITH"
        }, 
        {
            "id": "26300", 
            "name": "HOT-SPRINGS"
        }, 
        {
            "id": "25460", 
            "name": "HARRISON"
        }, 
        {
            "id": "22620", 
            "name": "FORREST-CITY"
        }, 
        {
            "id": "31620", 
            "name": "MAGNOLIA"
        }, 
        {
            "id": "37500", 
            "name": "PARAGOULD"
        }, 
        {
            "id": "25760", 
            "name": "HELENA-WEST-HELENA"
        }, 
        {
            "id": "34260", 
            "name": "MOUNTAIN-HOME"
        }, 
        {
            "id": "32820", 
            "name": "MEMPHIS"
        }, 
        {
            "id": "30780", 
            "name": "LITTLE-ROCK-NORTH-LITTLE-ROCK-CONWAY"
        }, 
        {
            "id": "45500", 
            "name": "TEXARKANA"
        }, 
        {
            "id": "20980", 
            "name": "EL-DORADO"
        }
    ]
}