{
    "table": "3-1", 
    "type": "Aggregate", 
    "desc": "Loans sold, by characteristics of borrower and census tract in which property is located and by type of purchaser (includes originations and purchased loans),", 
    "year": "2012", 
    "msa": {
        "id": "35980", 
        "name": "Norwich-New-London", 
        "state": "CT", 
        "state_name": "Connecticut"
    }, 
    "borrowercharacteristics": [
        {
            "characteristic": "Race", 
            "races": [
                {
                    "race": "American Indian/Alaska Native", 
                    "purchasers": [
                        {
                            "name": "Fannie Mae", 
                            "count": 7, 
                            "value": 1667.0
                        }, 
                        {
                            "name": "Ginnie Mae", 
                            "count": 11, 
                            "value": 2560.0
                        }, 
                        {
                            "name": "Freddie Mac", 
                            "count": 3, 
                            "value": 464.0
                        }, 
                        {
                            "name": "Farmer Mac", 
                            "count": 0, 
                            "value": 0
                        }, 
                        {
                            "name": "Private Securitization", 
                            "count": 0, 
                            "value": 0
                        }, 
                        {
                            "name": "Commercial bank, savings bank or association", 
                            "count": 9, 
                            "value": 1805.0
                        }, 
                        {
                            "name": "Life insurance co., credit union, finance co.", 
                            "count": 2, 
                            "value": 293.0
                        }, 
                        {
                            "name": "Affiliate institution", 
                            "count": 1, 
                            "value": 20.0
                        }, 
                        {
                            "name": "Other", 
                            "count": 19, 
                            "value": 3277.0
                        }
                    ]
                }, 
                {
                    "race": "Asian", 
                    "purchasers": [
                        {
                            "name": "Fannie Mae", 
                            "count": 6, 
                            "value": 1277.0
                        }, 
                        {
                            "name": "Ginnie Mae", 
                            "count": 3, 
                            "value": 672.0
                        }, 
                        {
                            "name": "Freddie Mac", 
                            "count": 3, 
                            "value": 460.0
                        }, 
                        {
                            "name": "Farmer Mac", 
                            "count": 0, 
                            "value": 0
                        }, 
                        {
                            "name": "Private Securitization", 
                            "count": 0, 
                            "value": 0
                        }, 
                        {
                            "name": "Commercial bank, savings bank or association", 
                            "count": 3, 
                            "value": 840.0
                        }, 
                        {
                            "name": "Life insurance co., credit union, finance co.", 
                            "count": 0, 
                            "value": 0
                        }, 
                        {
                            "name": "Affiliate institution", 
                            "count": 1, 
                            "value": 189.0
                        }, 
                        {
                            "name": "Other", 
                            "count": 26, 
                            "value": 4194.0
                        }
                    ]
                }, 
                {
                    "race": "Black or African American", 
                    "purchasers": [
                        {
                            "name": "Fannie Mae", 
                            "count": 84, 
                            "value": 16535.0
                        }, 
                        {
                            "name": "Ginnie Mae", 
                            "count": 24, 
                            "value": 4837.0
                        }, 
                        {
                            "name": "Freddie Mac", 
                            "count": 56, 
                            "value": 12132.0
                        }, 
                        {
                            "name": "Farmer Mac", 
                            "count": 0, 
                            "value": 0
                        }, 
                        {
                            "name": "Private Securitization", 
                            "count": 0, 
                            "value": 0
                        }, 
                        {
                            "name": "Commercial bank, savings bank or association", 
                            "count": 35, 
                            "value": 8773.0
                        }, 
                        {
                            "name": "Life insurance co., credit union, finance co.", 
                            "count": 9, 
                            "value": 1789.0
                        }, 
                        {
                            "name": "Affiliate institution", 
                            "count": 27, 
                            "value": 5224.0
                        }, 
                        {
                            "name": "Other", 
                            "count": 290, 
                            "value": 49267.0
                        }
                    ]
                }, 
                {
                    "race": "Native Hawaiian or Other Pacific Islander", 
                    "purchasers": [
                        {
                            "name": "Fannie Mae", 
                            "count": 21, 
                            "value": 3267.0
                        }, 
                        {
                            "name": "Ginnie Mae", 
                            "count": 26, 
                            "value": 5837.0
                        }, 
                        {
                            "name": "Freddie Mac", 
                            "count": 17, 
                            "value": 2810.0
                        }, 
                        {
                            "name": "Farmer Mac", 
                            "count": 0, 
                            "value": 0
                        }, 
                        {
                            "name": "Private Securitization", 
                            "count": 0, 
                            "value": 0
                        }, 
                        {
                            "name": "Commercial bank, savings bank or association", 
                            "count": 24, 
                            "value": 4247.0
                        }, 
                        {
                            "name": "Life insurance co., credit union, finance co.", 
                            "count": 4, 
                            "value": 676.0
                        }, 
                        {
                            "name": "Affiliate institution", 
                            "count": 6, 
                            "value": 1074.0
                        }, 
                        {
                            "name": "Other", 
                            "count": 192, 
                            "value": 29576.0
                        }
                    ]
                }, 
                {
                    "race": "White", 
                    "purchasers": [
                        {
                            "name": "Fannie Mae", 
                            "count": 3, 
                            "value": 666.0
                        }, 
                        {
                            "name": "Ginnie Mae", 
                            "count": 2, 
                            "value": 443.0
                        }, 
                        {
                            "name": "Freddie Mac", 
                            "count": 5, 
                            "value": 904.0
                        }, 
                        {
                            "name": "Farmer Mac", 
                            "count": 0, 
                            "value": 0
                        }, 
                        {
                            "name": "Private Securitization", 
                            "count": 0, 
                            "value": 0
                        }, 
                        {
                            "name": "Commercial bank, savings bank or association", 
                            "count": 0, 
                            "value": 0
                        }, 
                        {
                            "name": "Life insurance co., credit union, finance co.", 
                            "count": 1, 
                            "value": 184.0
                        }, 
                        {
                            "name": "Affiliate institution", 
                            "count": 3, 
                            "value": 776.0
                        }, 
                        {
                            "name": "Other", 
                            "count": 21, 
                            "value": 3135.0
                        }
                    ]
                }, 
                {
                    "race": "2 or more minority races", 
                    "purchasers": [
                        {
                            "name": "Fannie Mae", 
                            "count": 1906, 
                            "value": 392785.0
                        }, 
                        {
                            "name": "Ginnie Mae", 
                            "count": 924, 
                            "value": 201752.0
                        }, 
                        {
                            "name": "Freddie Mac", 
                            "count": 1114, 
                            "value": 222861.0
                        }, 
                        {
                            "name": "Farmer Mac", 
                            "count": 0, 
                            "value": 0
                        }, 
                        {
                            "name": "Private Securitization", 
                            "count": 40, 
                            "value": 9359.0
                        }, 
                        {
                            "name": "Commercial bank, savings bank or association", 
                            "count": 689, 
                            "value": 154235.0
                        }, 
                        {
                            "name": "Life insurance co., credit union, finance co.", 
                            "count": 249, 
                            "value": 51815.0
                        }, 
                        {
                            "name": "Affiliate institution", 
                            "count": 804, 
                            "value": 147555.0
                        }, 
                        {
                            "name": "Other", 
                            "count": 6221, 
                            "value": 1124268.0
                        }
                    ]
                }, 
                {
                    "race": "Joint (White/Minority Race", 
                    "purchasers": [
                        {
                            "name": "Fannie Mae", 
                            "count": 32, 
                            "value": 6206.0
                        }, 
                        {
                            "name": "Ginnie Mae", 
                            "count": 26, 
                            "value": 5868.0
                        }, 
                        {
                            "name": "Freddie Mac", 
                            "count": 12, 
                            "value": 2099.0
                        }, 
                        {
                            "name": "Farmer Mac", 
                            "count": 0, 
                            "value": 0
                        }, 
                        {
                            "name": "Private Securitization", 
                            "count": 1, 
                            "value": 382.0
                        }, 
                        {
                            "name": "Commercial bank, savings bank or association", 
                            "count": 12, 
                            "value": 2840.0
                        }, 
                        {
                            "name": "Life insurance co., credit union, finance co.", 
                            "count": 11, 
                            "value": 2732.0
                        }, 
                        {
                            "name": "Affiliate institution", 
                            "count": 12, 
                            "value": 2658.0
                        }, 
                        {
                            "name": "Other", 
                            "count": 104, 
                            "value": 19130.0
                        }
                    ]
                }, 
                {
                    "race": "Not Available", 
                    "purchasers": [
                        {
                            "name": "Fannie Mae", 
                            "count": 475, 
                            "value": 101183.0
                        }, 
                        {
                            "name": "Ginnie Mae", 
                            "count": 349, 
                            "value": 73916.0
                        }, 
                        {
                            "name": "Freddie Mac", 
                            "count": 326, 
                            "value": 73512.0
                        }, 
                        {
                            "name": "Farmer Mac", 
                            "count": 0, 
                            "value": 0
                        }, 
                        {
                            "name": "Private Securitization", 
                            "count": 8, 
                            "value": 2167.0
                        }, 
                        {
                            "name": "Commercial bank, savings bank or association", 
                            "count": 156, 
                            "value": 27338.0
                        }, 
                        {
                            "name": "Life insurance co., credit union, finance co.", 
                            "count": 25, 
                            "value": 5536.0
                        }, 
                        {
                            "name": "Affiliate institution", 
                            "count": 115, 
                            "value": 28976.0
                        }, 
                        {
                            "name": "Other", 
                            "count": 1370, 
                            "value": 316326.0
                        }
                    ]
                }
            ]
        }, 
        {
            "characteristic": "Ethnicity", 
            "ethnicities": [
                {
                    "ethnicity": "Hispanic or Latino", 
                    "purchasers": [
                        {
                            "name": "Fannie Mae", 
                            "count": 29, 
                            "value": 5534
                        }, 
                        {
                            "name": "Ginnie Mae", 
                            "count": 47, 
                            "value": 8433
                        }, 
                        {
                            "name": "Freddie Mac", 
                            "count": 14, 
                            "value": 2652
                        }, 
                        {
                            "name": "Farmer Mac", 
                            "count": 0, 
                            "value": 0
                        }, 
                        {
                            "name": "Private Securitization", 
                            "count": 1, 
                            "value": 255
                        }, 
                        {
                            "name": "Commercial bank, savings bank or association", 
                            "count": 30, 
                            "value": 5090
                        }, 
                        {
                            "name": "Life insurance co., credit union, finance co.", 
                            "count": 9, 
                            "value": 1740
                        }, 
                        {
                            "name": "Affiliate institution", 
                            "count": 4, 
                            "value": 490
                        }, 
                        {
                            "name": "Other", 
                            "count": 196, 
                            "value": 27655
                        }
                    ]
                }, 
                {
                    "ethnicity": "Not Hispanic or Latino", 
                    "purchasers": [
                        {
                            "name": "Fannie Mae", 
                            "count": 2005, 
                            "value": 410969
                        }, 
                        {
                            "name": "Ginnie Mae", 
                            "count": 1003, 
                            "value": 219567
                        }, 
                        {
                            "name": "Freddie Mac", 
                            "count": 1209, 
                            "value": 241605
                        }, 
                        {
                            "name": "Farmer Mac", 
                            "count": 0, 
                            "value": 0
                        }, 
                        {
                            "name": "Private Securitization", 
                            "count": 38, 
                            "value": 9022
                        }, 
                        {
                            "name": "Commercial bank, savings bank or association", 
                            "count": 811, 
                            "value": 175574
                        }, 
                        {
                            "name": "Life insurance co., credit union, finance co.", 
                            "count": 259, 
                            "value": 54262
                        }, 
                        {
                            "name": "Affiliate institution", 
                            "count": 833, 
                            "value": 153793
                        }, 
                        {
                            "name": "Other", 
                            "count": 6617, 
                            "value": 1200555
                        }
                    ]
                }, 
                {
                    "ethnicity": "Joint (Hispanic or Latino/Not Hispanic or Latino", 
                    "purchasers": [
                        {
                            "name": "Fannie Mae", 
                            "count": 27, 
                            "value": 6310
                        }, 
                        {
                            "name": "Ginnie Mae", 
                            "count": 21, 
                            "value": 5218
                        }, 
                        {
                            "name": "Freddie Mac", 
                            "count": 12, 
                            "value": 2587
                        }, 
                        {
                            "name": "Farmer Mac", 
                            "count": 0, 
                            "value": 0
                        }, 
                        {
                            "name": "Private Securitization", 
                            "count": 1, 
                            "value": 100
                        }, 
                        {
                            "name": "Commercial bank, savings bank or association", 
                            "count": 8, 
                            "value": 1519
                        }, 
                        {
                            "name": "Life insurance co., credit union, finance co.", 
                            "count": 6, 
                            "value": 1293
                        }, 
                        {
                            "name": "Affiliate institution", 
                            "count": 14, 
                            "value": 3072
                        }, 
                        {
                            "name": "Other", 
                            "count": 91, 
                            "value": 18232
                        }
                    ]
                }, 
                {
                    "ethnicity": "Ethnicity Not Available", 
                    "purchasers": [
                        {
                            "name": "Fannie Mae", 
                            "count": 473, 
                            "value": 100773
                        }, 
                        {
                            "name": "Ginnie Mae", 
                            "count": 294, 
                            "value": 62667
                        }, 
                        {
                            "name": "Freddie Mac", 
                            "count": 301, 
                            "value": 68398
                        }, 
                        {
                            "name": "Farmer Mac", 
                            "count": 0, 
                            "value": 0
                        }, 
                        {
                            "name": "Private Securitization", 
                            "count": 9, 
                            "value": 2531
                        }, 
                        {
                            "name": "Commercial bank, savings bank or association", 
                            "count": 79, 
                            "value": 17895
                        }, 
                        {
                            "name": "Life insurance co., credit union, finance co.", 
                            "count": 27, 
                            "value": 5730
                        }, 
                        {
                            "name": "Affiliate institution", 
                            "count": 118, 
                            "value": 29117
                        }, 
                        {
                            "name": "Other", 
                            "count": 1339, 
                            "value": 302731
                        }
                    ]
                }
            ]
        }, 
        {
            "characteristic": "Minority Status", 
            "minoritystatuses": [
                {
                    "minoritystatus": "White Non-Hispanic", 
                    "purchasers": [
                        {
                            "name": "Fannie Mae", 
                            "count": 2330, 
                            "value": 483482
                        }, 
                        {
                            "name": "Ginnie Mae", 
                            "count": 1212, 
                            "value": 263851
                        }, 
                        {
                            "name": "Freddie Mac", 
                            "count": 1419, 
                            "value": 291846
                        }, 
                        {
                            "name": "Farmer Mac", 
                            "count": 0, 
                            "value": 0
                        }, 
                        {
                            "name": "Private Securitization", 
                            "count": 46, 
                            "value": 11171
                        }, 
                        {
                            "name": "Commercial bank, savings bank or association", 
                            "count": 812, 
                            "value": 176176
                        }, 
                        {
                            "name": "Life insurance co., credit union, finance co.", 
                            "count": 261, 
                            "value": 54631
                        }, 
                        {
                            "name": "Affiliate institution", 
                            "count": 902, 
                            "value": 173379
                        }, 
                        {
                            "name": "Other", 
                            "count": 7317, 
                            "value": 1397135
                        }
                    ]
                }, 
                {
                    "minoritystatus": "Others, Including Hispanic", 
                    "purchasers": [
                        {
                            "name": "Fannie Mae", 
                            "count": 204, 
                            "value": 40104
                        }, 
                        {
                            "name": "Ginnie Mae", 
                            "count": 153, 
                            "value": 32034
                        }, 
                        {
                            "name": "Freddie Mac", 
                            "count": 117, 
                            "value": 23396
                        }, 
                        {
                            "name": "Farmer Mac", 
                            "count": 0, 
                            "value": 0
                        }, 
                        {
                            "name": "Private Securitization", 
                            "count": 3, 
                            "value": 737
                        }, 
                        {
                            "name": "Commercial bank, savings bank or association", 
                            "count": 116, 
                            "value": 23902
                        }, 
                        {
                            "name": "Life insurance co., credit union, finance co.", 
                            "count": 40, 
                            "value": 8394
                        }, 
                        {
                            "name": "Affiliate institution", 
                            "count": 67, 
                            "value": 13093
                        }, 
                        {
                            "name": "Other", 
                            "count": 926, 
                            "value": 152038
                        }
                    ]
                }
            ]
        }, 
        {
            "characteristic": "Applicant Income", 
            "applicantincomes": [
                {
                    "applicantincome": "Less than 50% of MSA/MD median", 
                    "purchasers": [
                        {
                            "name": "Fannie Mae", 
                            "count": 224, 
                            "value": 27947
                        }, 
                        {
                            "name": "Ginnie Mae", 
                            "count": 97, 
                            "value": 12707
                        }, 
                        {
                            "name": "Freddie Mac", 
                            "count": 117, 
                            "value": 13860
                        }, 
                        {
                            "name": "Farmer Mac", 
                            "count": 0, 
                            "value": 0
                        }, 
                        {
                            "name": "Private Securitization", 
                            "count": 2, 
                            "value": 322
                        }, 
                        {
                            "name": "Commercial bank, savings bank or association", 
                            "count": 97, 
                            "value": 11427
                        }, 
                        {
                            "name": "Life insurance co., credit union, finance co.", 
                            "count": 29, 
                            "value": 3661
                        }, 
                        {
                            "name": "Affiliate institution", 
                            "count": 82, 
                            "value": 6969
                        }, 
                        {
                            "name": "Other", 
                            "count": 1065, 
                            "value": 116393
                        }
                    ]
                }, 
                {
                    "applicantincome": "50-79% of MSA/MD median", 
                    "purchasers": [
                        {
                            "name": "Fannie Mae", 
                            "count": 458, 
                            "value": 75246
                        }, 
                        {
                            "name": "Ginnie Mae", 
                            "count": 268, 
                            "value": 50010
                        }, 
                        {
                            "name": "Freddie Mac", 
                            "count": 258, 
                            "value": 41668
                        }, 
                        {
                            "name": "Farmer Mac", 
                            "count": 0, 
                            "value": 0
                        }, 
                        {
                            "name": "Private Securitization", 
                            "count": 6, 
                            "value": 1060
                        }, 
                        {
                            "name": "Commercial bank, savings bank or association", 
                            "count": 257, 
                            "value": 43546
                        }, 
                        {
                            "name": "Life insurance co., credit union, finance co.", 
                            "count": 68, 
                            "value": 11690
                        }, 
                        {
                            "name": "Affiliate institution", 
                            "count": 170, 
                            "value": 22431
                        }, 
                        {
                            "name": "Other", 
                            "count": 1753, 
                            "value": 243151
                        }
                    ]
                }, 
                {
                    "applicantincome": "80-99% of MSA/MD median", 
                    "purchasers": [
                        {
                            "name": "Fannie Mae", 
                            "count": 319, 
                            "value": 61045
                        }, 
                        {
                            "name": "Ginnie Mae", 
                            "count": 154, 
                            "value": 33665
                        }, 
                        {
                            "name": "Freddie Mac", 
                            "count": 204, 
                            "value": 35726
                        }, 
                        {
                            "name": "Farmer Mac", 
                            "count": 0, 
                            "value": 0
                        }, 
                        {
                            "name": "Private Securitization", 
                            "count": 5, 
                            "value": 783
                        }, 
                        {
                            "name": "Commercial bank, savings bank or association", 
                            "count": 110, 
                            "value": 23059
                        }, 
                        {
                            "name": "Life insurance co., credit union, finance co.", 
                            "count": 53, 
                            "value": 10807
                        }, 
                        {
                            "name": "Affiliate institution", 
                            "count": 144, 
                            "value": 21147
                        }, 
                        {
                            "name": "Other", 
                            "count": 1065, 
                            "value": 169464
                        }
                    ]
                }, 
                {
                    "applicantincome": "100-119% of MSA/MD median", 
                    "purchasers": [
                        {
                            "name": "Fannie Mae", 
                            "count": 284, 
                            "value": 55678
                        }, 
                        {
                            "name": "Ginnie Mae", 
                            "count": 96, 
                            "value": 24273
                        }, 
                        {
                            "name": "Freddie Mac", 
                            "count": 178, 
                            "value": 36233
                        }, 
                        {
                            "name": "Farmer Mac", 
                            "count": 0, 
                            "value": 0
                        }, 
                        {
                            "name": "Private Securitization", 
                            "count": 4, 
                            "value": 795
                        }, 
                        {
                            "name": "Commercial bank, savings bank or association", 
                            "count": 93, 
                            "value": 21596
                        }, 
                        {
                            "name": "Life insurance co., credit union, finance co.", 
                            "count": 34, 
                            "value": 7452
                        }, 
                        {
                            "name": "Affiliate institution", 
                            "count": 100, 
                            "value": 16020
                        }, 
                        {
                            "name": "Other", 
                            "count": 807, 
                            "value": 145968
                        }
                    ]
                }, 
                {
                    "applicantincome": "120% or more of MSA/MD median", 
                    "purchasers": [
                        {
                            "name": "Fannie Mae", 
                            "count": 1098, 
                            "value": 270970
                        }, 
                        {
                            "name": "Ginnie Mae", 
                            "count": 211, 
                            "value": 58049
                        }, 
                        {
                            "name": "Freddie Mac", 
                            "count": 598, 
                            "value": 145356
                        }, 
                        {
                            "name": "Farmer Mac", 
                            "count": 0, 
                            "value": 0
                        }, 
                        {
                            "name": "Private Securitization", 
                            "count": 32, 
                            "value": 8948
                        }, 
                        {
                            "name": "Commercial bank, savings bank or association", 
                            "count": 258, 
                            "value": 74228
                        }, 
                        {
                            "name": "Life insurance co., credit union, finance co.", 
                            "count": 83, 
                            "value": 20493
                        }, 
                        {
                            "name": "Affiliate institution", 
                            "count": 441, 
                            "value": 110171
                        }, 
                        {
                            "name": "Other", 
                            "count": 2805, 
                            "value": 691864
                        }
                    ]
                }, 
                {
                    "applicantincome": "income not available", 
                    "purchasers": [
                        {
                            "name": "Fannie Mae", 
                            "count": 151, 
                            "value": 32700
                        }, 
                        {
                            "name": "Ginnie Mae", 
                            "count": 539, 
                            "value": 117181
                        }, 
                        {
                            "name": "Freddie Mac", 
                            "count": 181, 
                            "value": 42399
                        }, 
                        {
                            "name": "Farmer Mac", 
                            "count": 0, 
                            "value": 0
                        }, 
                        {
                            "name": "Private Securitization", 
                            "count": 0, 
                            "value": 0
                        }, 
                        {
                            "name": "Commercial bank, savings bank or association", 
                            "count": 113, 
                            "value": 26222
                        }, 
                        {
                            "name": "Life insurance co., credit union, finance co.", 
                            "count": 34, 
                            "value": 8922
                        }, 
                        {
                            "name": "Affiliate institution", 
                            "count": 32, 
                            "value": 9734
                        }, 
                        {
                            "name": "Other", 
                            "count": 748, 
                            "value": 182333
                        }
                    ]
                }
            ]
        }
    ], 
    "censuscharacteristics": [
        {
            "characteristic": "Racial/Ethnic Composition", 
            "tractpctminorities": [
                {
                    "tractpctminority": "Less than 10% minority", 
                    "purchasers": [
                        {
                            "name": "Fannie Mae", 
                            "count": 1341, 
                            "value": 307919
                        }, 
                        {
                            "name": "Ginnie Mae", 
                            "count": 485, 
                            "value": 118073
                        }, 
                        {
                            "name": "Freddie Mac", 
                            "count": 806, 
                            "value": 181348
                        }, 
                        {
                            "name": "Farmer Mac", 
                            "count": 0, 
                            "value": 0
                        }, 
                        {
                            "name": "Private Securitization", 
                            "count": 36, 
                            "value": 9172
                        }, 
                        {
                            "name": "Commercial bank, savings bank or association", 
                            "count": 398, 
                            "value": 98827
                        }, 
                        {
                            "name": "Life insurance co., credit union, finance co.", 
                            "count": 130, 
                            "value": 29999
                        }, 
                        {
                            "name": "Affiliate institution", 
                            "count": 499, 
                            "value": 105419
                        }, 
                        {
                            "name": "Other", 
                            "count": 3714, 
                            "value": 834685
                        }
                    ]
                }, 
                {
                    "tractpctminority": "10-19% minority", 
                    "purchasers": [
                        {
                            "name": "Fannie Mae", 
                            "count": 1143, 
                            "value": 208873
                        }, 
                        {
                            "name": "Ginnie Mae", 
                            "count": 833, 
                            "value": 170216
                        }, 
                        {
                            "name": "Freddie Mac", 
                            "count": 700, 
                            "value": 129768
                        }, 
                        {
                            "name": "Farmer Mac", 
                            "count": 0, 
                            "value": 0
                        }, 
                        {
                            "name": "Private Securitization", 
                            "count": 12, 
                            "value": 2636
                        }, 
                        {
                            "name": "Commercial bank, savings bank or association", 
                            "count": 495, 
                            "value": 96546
                        }, 
                        {
                            "name": "Life insurance co., credit union, finance co.", 
                            "count": 166, 
                            "value": 32411
                        }, 
                        {
                            "name": "Affiliate institution", 
                            "count": 449, 
                            "value": 79047
                        }, 
                        {
                            "name": "Other", 
                            "count": 4194, 
                            "value": 674487
                        }
                    ]
                }, 
                {
                    "tractpctminority": "20-49% minority", 
                    "purchasers": [
                        {
                            "name": "Fannie Mae", 
                            "count": 50, 
                            "value": 6794
                        }, 
                        {
                            "name": "Ginnie Mae", 
                            "count": 47, 
                            "value": 7596
                        }, 
                        {
                            "name": "Freddie Mac", 
                            "count": 30, 
                            "value": 4126
                        }, 
                        {
                            "name": "Farmer Mac", 
                            "count": 0, 
                            "value": 0
                        }, 
                        {
                            "name": "Private Securitization", 
                            "count": 1, 
                            "value": 100
                        }, 
                        {
                            "name": "Commercial bank, savings bank or association", 
                            "count": 35, 
                            "value": 4705
                        }, 
                        {
                            "name": "Life insurance co., credit union, finance co.", 
                            "count": 5, 
                            "value": 615
                        }, 
                        {
                            "name": "Affiliate institution", 
                            "count": 21, 
                            "value": 2006
                        }, 
                        {
                            "name": "Other", 
                            "count": 335, 
                            "value": 40001
                        }
                    ]
                }, 
                {
                    "tractpctminority": "50-79% minority", 
                    "purchasers": [
                        {
                            "name": "Fannie Mae", 
                            "count": 0, 
                            "value": 0
                        }, 
                        {
                            "name": "Ginnie Mae", 
                            "count": 0, 
                            "value": 0
                        }, 
                        {
                            "name": "Freddie Mac", 
                            "count": 0, 
                            "value": 0
                        }, 
                        {
                            "name": "Farmer Mac", 
                            "count": 0, 
                            "value": 0
                        }, 
                        {
                            "name": "Private Securitization", 
                            "count": 0, 
                            "value": 0
                        }, 
                        {
                            "name": "Commercial bank, savings bank or association", 
                            "count": 0, 
                            "value": 0
                        }, 
                        {
                            "name": "Life insurance co., credit union, finance co.", 
                            "count": 0, 
                            "value": 0
                        }, 
                        {
                            "name": "Affiliate institution", 
                            "count": 0, 
                            "value": 0
                        }, 
                        {
                            "name": "Other", 
                            "count": 0, 
                            "value": 0
                        }
                    ]
                }, 
                {
                    "tractpctminority": "80-100% minority", 
                    "purchasers": [
                        {
                            "name": "Fannie Mae", 
                            "count": 0, 
                            "value": 0
                        }, 
                        {
                            "name": "Ginnie Mae", 
                            "count": 0, 
                            "value": 0
                        }, 
                        {
                            "name": "Freddie Mac", 
                            "count": 0, 
                            "value": 0
                        }, 
                        {
                            "name": "Farmer Mac", 
                            "count": 0, 
                            "value": 0
                        }, 
                        {
                            "name": "Private Securitization", 
                            "count": 0, 
                            "value": 0
                        }, 
                        {
                            "name": "Commercial bank, savings bank or association", 
                            "count": 0, 
                            "value": 0
                        }, 
                        {
                            "name": "Life insurance co., credit union, finance co.", 
                            "count": 0, 
                            "value": 0
                        }, 
                        {
                            "name": "Affiliate institution", 
                            "count": 0, 
                            "value": 0
                        }, 
                        {
                            "name": "Other", 
                            "count": 0, 
                            "value": 0
                        }
                    ]
                }
            ]
        }, 
        {
            "characteristic": "Income", 
            "incomelevels": [
                {
                    "incomelevel": "Low income", 
                    "purchasers": [
                        {
                            "name": "Fannie Mae", 
                            "count": 23, 
                            "value": 3177
                        }, 
                        {
                            "name": "Ginnie Mae", 
                            "count": 23, 
                            "value": 3658
                        }, 
                        {
                            "name": "Freddie Mac", 
                            "count": 15, 
                            "value": 2148
                        }, 
                        {
                            "name": "Farmer Mac", 
                            "count": 0, 
                            "value": 0
                        }, 
                        {
                            "name": "Private Securitization", 
                            "count": 0, 
                            "value": 0
                        }, 
                        {
                            "name": "Commercial bank, savings bank or association", 
                            "count": 16, 
                            "value": 2321
                        }, 
                        {
                            "name": "Life insurance co., credit union, finance co.", 
                            "count": 4, 
                            "value": 491
                        }, 
                        {
                            "name": "Affiliate institution", 
                            "count": 15, 
                            "value": 1441
                        }, 
                        {
                            "name": "Other", 
                            "count": 164, 
                            "value": 19959
                        }
                    ]
                }, 
                {
                    "incomelevel": "Moderate income", 
                    "purchasers": [
                        {
                            "name": "Fannie Mae", 
                            "count": 168, 
                            "value": 23143
                        }, 
                        {
                            "name": "Ginnie Mae", 
                            "count": 174, 
                            "value": 29199
                        }, 
                        {
                            "name": "Freddie Mac", 
                            "count": 93, 
                            "value": 12930
                        }, 
                        {
                            "name": "Farmer Mac", 
                            "count": 0, 
                            "value": 0
                        }, 
                        {
                            "name": "Private Securitization", 
                            "count": 1, 
                            "value": 100
                        }, 
                        {
                            "name": "Commercial bank, savings bank or association", 
                            "count": 89, 
                            "value": 12197
                        }, 
                        {
                            "name": "Life insurance co., credit union, finance co.", 
                            "count": 26, 
                            "value": 4149
                        }, 
                        {
                            "name": "Affiliate institution", 
                            "count": 59, 
                            "value": 10763
                        }, 
                        {
                            "name": "Other", 
                            "count": 1094, 
                            "value": 139402
                        }
                    ]
                }, 
                {
                    "incomelevel": "Middle income", 
                    "purchasers": [
                        {
                            "name": "Fannie Mae", 
                            "count": 1252, 
                            "value": 248639
                        }, 
                        {
                            "name": "Ginnie Mae", 
                            "count": 737, 
                            "value": 157333
                        }, 
                        {
                            "name": "Freddie Mac", 
                            "count": 695, 
                            "value": 137850
                        }, 
                        {
                            "name": "Farmer Mac", 
                            "count": 0, 
                            "value": 0
                        }, 
                        {
                            "name": "Private Securitization", 
                            "count": 19, 
                            "value": 4282
                        }, 
                        {
                            "name": "Commercial bank, savings bank or association", 
                            "count": 465, 
                            "value": 96829
                        }, 
                        {
                            "name": "Life insurance co., credit union, finance co.", 
                            "count": 160, 
                            "value": 33018
                        }, 
                        {
                            "name": "Affiliate institution", 
                            "count": 495, 
                            "value": 87395
                        }, 
                        {
                            "name": "Other", 
                            "count": 4128, 
                            "value": 742546
                        }
                    ]
                }, 
                {
                    "incomelevel": "Upper income", 
                    "purchasers": [
                        {
                            "name": "Fannie Mae", 
                            "count": 1091, 
                            "value": 248627
                        }, 
                        {
                            "name": "Ginnie Mae", 
                            "count": 431, 
                            "value": 105695
                        }, 
                        {
                            "name": "Freddie Mac", 
                            "count": 732, 
                            "value": 162154
                        }, 
                        {
                            "name": "Farmer Mac", 
                            "count": 0, 
                            "value": 0
                        }, 
                        {
                            "name": "Private Securitization", 
                            "count": 29, 
                            "value": 7526
                        }, 
                        {
                            "name": "Commercial bank, savings bank or association", 
                            "count": 358, 
                            "value": 88731
                        }, 
                        {
                            "name": "Life insurance co., credit union, finance co.", 
                            "count": 111, 
                            "value": 25367
                        }, 
                        {
                            "name": "Affiliate institution", 
                            "count": 400, 
                            "value": 86873
                        }, 
                        {
                            "name": "Other", 
                            "count": 2856, 
                            "value": 646896
                        }
                    ]
                }
            ]
        }
    ], 
    "total": {
        "purchasers": [
            {
                "name": "Fannie Mae", 
                "count": 2534, 
                "value": 523586
            }, 
            {
                "name": "Ginnie Mae", 
                "count": 1365, 
                "value": 295885
            }, 
            {
                "name": "Freddie Mac", 
                "count": 1536, 
                "value": 315242
            }, 
            {
                "name": "Farmer Mac", 
                "count": 0, 
                "value": 0
            }, 
            {
                "name": "Private Securitization", 
                "count": 49, 
                "value": 11908
            }, 
            {
                "name": "Commercial bank, savings bank or association", 
                "count": 928, 
                "value": 200078
            }, 
            {
                "name": "Life insurance co., credit union, finance co.", 
                "count": 301, 
                "value": 63025
            }, 
            {
                "name": "Affiliate institution", 
                "count": 969, 
                "value": 186472
            }, 
            {
                "name": "Other", 
                "count": 8243, 
                "value": 1549173
            }
        ]
    }
}