{
    "table": "3-1", 
    "type": "aggregate", 
    "desc": "Loans sold. By characteristics of borrower and census tract in which property is located and by type of purchaser (includes originations and purchased loans).", 
    "year": "2012", 
    "msa": {
        "id": "46220", 
        "name": "Tuscaloosa", 
        "state": "AL", 
        "state_name": "Alabama"
    }, 
    "borrowercharacteristics": [
        {
            "characteristic": "Race", 
            "races": [
                {
                    "race": "American Indian/Alaska Native", 
                    "purchasers": [
                        {
                            "name": "Fannie Mae", 
                            "count": 0, 
                            "value": 0
                        }, 
                        {
                            "name": "Ginnie Mae", 
                            "count": 0, 
                            "value": 0
                        }, 
                        {
                            "name": "Freddie Mac", 
                            "count": 0, 
                            "value": 0
                        }, 
                        {
                            "name": "Farmer Mac", 
                            "count": 0, 
                            "value": 0
                        }, 
                        {
                            "name": "Private Securitization", 
                            "count": 0, 
                            "value": 0
                        }, 
                        {
                            "name": "Commercial bank, savings bank or association", 
                            "count": 0, 
                            "value": 0
                        }, 
                        {
                            "name": "Life insurance co., credit union, finance co.", 
                            "count": 0, 
                            "value": 0
                        }, 
                        {
                            "name": "Affiliate institution", 
                            "count": 0, 
                            "value": 0
                        }, 
                        {
                            "name": "Other", 
                            "count": 0, 
                            "value": 0
                        }
                    ]
                }, 
                {
                    "race": "Asian", 
                    "purchasers": [
                        {
                            "name": "Fannie Mae", 
                            "count": 0, 
                            "value": 0
                        }, 
                        {
                            "name": "Ginnie Mae", 
                            "count": 2, 
                            "value": 343.0
                        }, 
                        {
                            "name": "Freddie Mac", 
                            "count": 1, 
                            "value": 177.0
                        }, 
                        {
                            "name": "Farmer Mac", 
                            "count": 0, 
                            "value": 0
                        }, 
                        {
                            "name": "Private Securitization", 
                            "count": 0, 
                            "value": 0
                        }, 
                        {
                            "name": "Commercial bank, savings bank or association", 
                            "count": 1, 
                            "value": 235.0
                        }, 
                        {
                            "name": "Life insurance co., credit union, finance co.", 
                            "count": 1, 
                            "value": 134.0
                        }, 
                        {
                            "name": "Affiliate institution", 
                            "count": 0, 
                            "value": 0
                        }, 
                        {
                            "name": "Other", 
                            "count": 4, 
                            "value": 734.0
                        }
                    ]
                }, 
                {
                    "race": "Black or African American", 
                    "purchasers": [
                        {
                            "name": "Fannie Mae", 
                            "count": 5, 
                            "value": 718.0
                        }, 
                        {
                            "name": "Ginnie Mae", 
                            "count": 0, 
                            "value": 0
                        }, 
                        {
                            "name": "Freddie Mac", 
                            "count": 2, 
                            "value": 663.0
                        }, 
                        {
                            "name": "Farmer Mac", 
                            "count": 0, 
                            "value": 0
                        }, 
                        {
                            "name": "Private Securitization", 
                            "count": 0, 
                            "value": 0
                        }, 
                        {
                            "name": "Commercial bank, savings bank or association", 
                            "count": 0, 
                            "value": 0
                        }, 
                        {
                            "name": "Life insurance co., credit union, finance co.", 
                            "count": 5, 
                            "value": 755.0
                        }, 
                        {
                            "name": "Affiliate institution", 
                            "count": 0, 
                            "value": 0
                        }, 
                        {
                            "name": "Other", 
                            "count": 9, 
                            "value": 2966.0
                        }
                    ]
                }, 
                {
                    "race": "Native Hawaiian or Pacific Islander", 
                    "purchasers": [
                        {
                            "name": "Fannie Mae", 
                            "count": 42, 
                            "value": 6432.0
                        }, 
                        {
                            "name": "Ginnie Mae", 
                            "count": 69, 
                            "value": 10619.0
                        }, 
                        {
                            "name": "Freddie Mac", 
                            "count": 12, 
                            "value": 2016.0
                        }, 
                        {
                            "name": "Farmer Mac", 
                            "count": 0, 
                            "value": 0
                        }, 
                        {
                            "name": "Private Securitization", 
                            "count": 2, 
                            "value": 264.0
                        }, 
                        {
                            "name": "Commercial bank, savings bank or association", 
                            "count": 13, 
                            "value": 1742.0
                        }, 
                        {
                            "name": "Life insurance co., credit union, finance co.", 
                            "count": 26, 
                            "value": 4978.0
                        }, 
                        {
                            "name": "Affiliate institution", 
                            "count": 1, 
                            "value": 170.0
                        }, 
                        {
                            "name": "Other", 
                            "count": 265, 
                            "value": 31007.0
                        }
                    ]
                }, 
                {
                    "race": "White", 
                    "purchasers": [
                        {
                            "name": "Fannie Mae", 
                            "count": 0, 
                            "value": 0
                        }, 
                        {
                            "name": "Ginnie Mae", 
                            "count": 0, 
                            "value": 0
                        }, 
                        {
                            "name": "Freddie Mac", 
                            "count": 0, 
                            "value": 0
                        }, 
                        {
                            "name": "Farmer Mac", 
                            "count": 0, 
                            "value": 0
                        }, 
                        {
                            "name": "Private Securitization", 
                            "count": 0, 
                            "value": 0
                        }, 
                        {
                            "name": "Commercial bank, savings bank or association", 
                            "count": 0, 
                            "value": 0
                        }, 
                        {
                            "name": "Life insurance co., credit union, finance co.", 
                            "count": 1, 
                            "value": 190.0
                        }, 
                        {
                            "name": "Affiliate institution", 
                            "count": 0, 
                            "value": 0
                        }, 
                        {
                            "name": "Other", 
                            "count": 1, 
                            "value": 83.0
                        }
                    ]
                }, 
                {
                    "race": "2 or more minority races", 
                    "purchasers": [
                        {
                            "name": "Fannie Mae", 
                            "count": 825, 
                            "value": 143465.0
                        }, 
                        {
                            "name": "Ginnie Mae", 
                            "count": 279, 
                            "value": 48128.0
                        }, 
                        {
                            "name": "Freddie Mac", 
                            "count": 227, 
                            "value": 46376.0
                        }, 
                        {
                            "name": "Farmer Mac", 
                            "count": 0, 
                            "value": 0
                        }, 
                        {
                            "name": "Private Securitization", 
                            "count": 61, 
                            "value": 12535.0
                        }, 
                        {
                            "name": "Commercial bank, savings bank or association", 
                            "count": 280, 
                            "value": 55191.0
                        }, 
                        {
                            "name": "Life insurance co., credit union, finance co.", 
                            "count": 348, 
                            "value": 66098.0
                        }, 
                        {
                            "name": "Affiliate institution", 
                            "count": 28, 
                            "value": 4335.0
                        }, 
                        {
                            "name": "Other", 
                            "count": 1630, 
                            "value": 278276.0
                        }
                    ]
                }, 
                {
                    "race": "Joint", 
                    "purchasers": [
                        {
                            "name": "Fannie Mae", 
                            "count": 34, 
                            "value": 6311.0
                        }, 
                        {
                            "name": "Ginnie Mae", 
                            "count": 21, 
                            "value": 3227.0
                        }, 
                        {
                            "name": "Freddie Mac", 
                            "count": 17, 
                            "value": 3007.0
                        }, 
                        {
                            "name": "Farmer Mac", 
                            "count": 0, 
                            "value": 0
                        }, 
                        {
                            "name": "Private Securitization", 
                            "count": 2, 
                            "value": 361.0
                        }, 
                        {
                            "name": "Commercial bank, savings bank or association", 
                            "count": 8, 
                            "value": 1536.0
                        }, 
                        {
                            "name": "Life insurance co., credit union, finance co.", 
                            "count": 31, 
                            "value": 5596.0
                        }, 
                        {
                            "name": "Affiliate institution", 
                            "count": 5, 
                            "value": 699.0
                        }, 
                        {
                            "name": "Other", 
                            "count": 168, 
                            "value": 26092.0
                        }
                    ]
                }, 
                {
                    "race": "Not Provided", 
                    "purchasers": [
                        {
                            "name": "Fannie Mae", 
                            "count": 279, 
                            "value": 52780.0
                        }, 
                        {
                            "name": "Ginnie Mae", 
                            "count": 183, 
                            "value": 29763.0
                        }, 
                        {
                            "name": "Freddie Mac", 
                            "count": 170, 
                            "value": 31269.0
                        }, 
                        {
                            "name": "Farmer Mac", 
                            "count": 0, 
                            "value": 0
                        }, 
                        {
                            "name": "Private Securitization", 
                            "count": 0, 
                            "value": 0
                        }, 
                        {
                            "name": "Commercial bank, savings bank or association", 
                            "count": 27, 
                            "value": 5846.0
                        }, 
                        {
                            "name": "Life insurance co., credit union, finance co.", 
                            "count": 0, 
                            "value": 0
                        }, 
                        {
                            "name": "Affiliate institution", 
                            "count": 7, 
                            "value": 1574.0
                        }, 
                        {
                            "name": "Other", 
                            "count": 262, 
                            "value": 40491.0
                        }
                    ]
                }, 
                {
                    "race": "Not Applicable", 
                    "purchasers": [
                        {
                            "name": "Fannie Mae", 
                            "count": 886, 
                            "value": 134598.0
                        }, 
                        {
                            "name": "Ginnie Mae", 
                            "count": 878, 
                            "value": 128090.0
                        }, 
                        {
                            "name": "Freddie Mac", 
                            "count": 219, 
                            "value": 34541.0
                        }, 
                        {
                            "name": "Farmer Mac", 
                            "count": 0, 
                            "value": 0
                        }, 
                        {
                            "name": "Private Securitization", 
                            "count": 66, 
                            "value": 10648.0
                        }, 
                        {
                            "name": "Commercial bank, savings bank or association", 
                            "count": 375, 
                            "value": 60653.0
                        }, 
                        {
                            "name": "Life insurance co., credit union, finance co.", 
                            "count": 659, 
                            "value": 103262.0
                        }, 
                        {
                            "name": "Affiliate institution", 
                            "count": 27, 
                            "value": 4343.0
                        }, 
                        {
                            "name": "Other", 
                            "count": 3463, 
                            "value": 488781.0
                        }
                    ]
                }, 
                {
                    "race": "No co-applicant", 
                    "purchasers": [
                        {
                            "name": "Fannie Mae", 
                            "count": 0, 
                            "value": 0
                        }, 
                        {
                            "name": "Ginnie Mae", 
                            "count": 0, 
                            "value": 0
                        }, 
                        {
                            "name": "Freddie Mac", 
                            "count": 0, 
                            "value": 0
                        }, 
                        {
                            "name": "Farmer Mac", 
                            "count": 0, 
                            "value": 0
                        }, 
                        {
                            "name": "Private Securitization", 
                            "count": 0, 
                            "value": 0
                        }, 
                        {
                            "name": "Commercial bank, savings bank or association", 
                            "count": 0, 
                            "value": 0
                        }, 
                        {
                            "name": "Life insurance co., credit union, finance co.", 
                            "count": 0, 
                            "value": 0
                        }, 
                        {
                            "name": "Affiliate institution", 
                            "count": 0, 
                            "value": 0
                        }, 
                        {
                            "name": "Other", 
                            "count": 0, 
                            "value": 0
                        }
                    ]
                }
            ]
        }, 
        {
            "characteristic": "Ethnicity", 
            "ethnicities": [
                {
                    "ethnicitie": "Hispanic or Latino", 
                    "purchasers": [
                        {
                            "name": "Fannie Mae", 
                            "count": 2, 
                            "value": 158
                        }, 
                        {
                            "name": "Ginnie Mae", 
                            "count": 0, 
                            "value": 0
                        }, 
                        {
                            "name": "Freddie Mac", 
                            "count": 1, 
                            "value": 165
                        }, 
                        {
                            "name": "Farmer Mac", 
                            "count": 0, 
                            "value": 0
                        }, 
                        {
                            "name": "Private Securitization", 
                            "count": 0, 
                            "value": 0
                        }, 
                        {
                            "name": "Commercial bank, savings bank or association", 
                            "count": 0, 
                            "value": 0
                        }, 
                        {
                            "name": "Life insurance co., credit union, finance co.", 
                            "count": 0, 
                            "value": 0
                        }, 
                        {
                            "name": "Affiliate institution", 
                            "count": 0, 
                            "value": 0
                        }, 
                        {
                            "name": "Other", 
                            "count": 9, 
                            "value": 2047
                        }
                    ]
                }, 
                {
                    "ethnicitie": "Not Hispanic or Latino", 
                    "purchasers": [
                        {
                            "name": "Fannie Mae", 
                            "count": 1594, 
                            "value": 260019
                        }, 
                        {
                            "name": "Ginnie Mae", 
                            "count": 1103, 
                            "value": 168518
                        }, 
                        {
                            "name": "Freddie Mac", 
                            "count": 442, 
                            "value": 79708
                        }, 
                        {
                            "name": "Farmer Mac", 
                            "count": 0, 
                            "value": 0
                        }, 
                        {
                            "name": "Private Securitization", 
                            "count": 126, 
                            "value": 23034
                        }, 
                        {
                            "name": "Commercial bank, savings bank or association", 
                            "count": 632, 
                            "value": 111968
                        }, 
                        {
                            "name": "Life insurance co., credit union, finance co.", 
                            "count": 1015, 
                            "value": 172507
                        }, 
                        {
                            "name": "Affiliate institution", 
                            "count": 50, 
                            "value": 7775
                        }, 
                        {
                            "name": "Other", 
                            "count": 4693, 
                            "value": 665046
                        }
                    ]
                }, 
                {
                    "ethnicitie": "Not provided", 
                    "purchasers": [
                        {
                            "name": "Fannie Mae", 
                            "count": 17, 
                            "value": 2886
                        }, 
                        {
                            "name": "Ginnie Mae", 
                            "count": 11, 
                            "value": 1776
                        }, 
                        {
                            "name": "Freddie Mac", 
                            "count": 7, 
                            "value": 1291
                        }, 
                        {
                            "name": "Farmer Mac", 
                            "count": 0, 
                            "value": 0
                        }, 
                        {
                            "name": "Private Securitization", 
                            "count": 3, 
                            "value": 373
                        }, 
                        {
                            "name": "Commercial bank, savings bank or association", 
                            "count": 5, 
                            "value": 1050
                        }, 
                        {
                            "name": "Life insurance co., credit union, finance co.", 
                            "count": 6, 
                            "value": 863
                        }, 
                        {
                            "name": "Affiliate institution", 
                            "count": 0, 
                            "value": 0
                        }, 
                        {
                            "name": "Other", 
                            "count": 56, 
                            "value": 9032
                        }
                    ]
                }, 
                {
                    "ethnicitie": "Not applicable", 
                    "purchasers": [
                        {
                            "name": "Fannie Mae", 
                            "count": 458, 
                            "value": 81241
                        }, 
                        {
                            "name": "Ginnie Mae", 
                            "count": 318, 
                            "value": 49876
                        }, 
                        {
                            "name": "Freddie Mac", 
                            "count": 198, 
                            "value": 36885
                        }, 
                        {
                            "name": "Farmer Mac", 
                            "count": 0, 
                            "value": 0
                        }, 
                        {
                            "name": "Private Securitization", 
                            "count": 2, 
                            "value": 401
                        }, 
                        {
                            "name": "Commercial bank, savings bank or association", 
                            "count": 67, 
                            "value": 12185
                        }, 
                        {
                            "name": "Life insurance co., credit union, finance co.", 
                            "count": 50, 
                            "value": 7643
                        }, 
                        {
                            "name": "Affiliate institution", 
                            "count": 18, 
                            "value": 3346
                        }, 
                        {
                            "name": "Other", 
                            "count": 1044, 
                            "value": 192305
                        }
                    ]
                }, 
                {
                    "ethnicitie": "No co-applicant", 
                    "purchasers": [
                        {
                            "name": "Fannie Mae", 
                            "count": 0, 
                            "value": 0
                        }, 
                        {
                            "name": "Ginnie Mae", 
                            "count": 0, 
                            "value": 0
                        }, 
                        {
                            "name": "Freddie Mac", 
                            "count": 0, 
                            "value": 0
                        }, 
                        {
                            "name": "Farmer Mac", 
                            "count": 0, 
                            "value": 0
                        }, 
                        {
                            "name": "Private Securitization", 
                            "count": 0, 
                            "value": 0
                        }, 
                        {
                            "name": "Commercial bank, savings bank or association", 
                            "count": 0, 
                            "value": 0
                        }, 
                        {
                            "name": "Life insurance co., credit union, finance co.", 
                            "count": 0, 
                            "value": 0
                        }, 
                        {
                            "name": "Affiliate institution", 
                            "count": 0, 
                            "value": 0
                        }, 
                        {
                            "name": "Other", 
                            "count": 0, 
                            "value": 0
                        }
                    ]
                }
            ]
        }, 
        {
            "characteristic": "Minority Status", 
            "minoritystatuses": [
                {
                    "minoritystatuse": "White Non-Hispanic", 
                    "purchasers": [
                        {
                            "name": "Fannie Mae", 
                            "count": 1900, 
                            "value": 320178
                        }, 
                        {
                            "name": "Ginnie Mae", 
                            "count": 1101, 
                            "value": 171759
                        }, 
                        {
                            "name": "Freddie Mac", 
                            "count": 593, 
                            "value": 109561
                        }, 
                        {
                            "name": "Farmer Mac", 
                            "count": 0, 
                            "value": 0
                        }, 
                        {
                            "name": "Private Securitization", 
                            "count": 110, 
                            "value": 21059
                        }, 
                        {
                            "name": "Commercial bank, savings bank or association", 
                            "count": 605, 
                            "value": 110142
                        }, 
                        {
                            "name": "Life insurance co., credit union, finance co.", 
                            "count": 908, 
                            "value": 156004
                        }, 
                        {
                            "name": "Affiliate institution", 
                            "count": 63, 
                            "value": 10398
                        }, 
                        {
                            "name": "Other", 
                            "count": 4545, 
                            "value": 737440
                        }
                    ]
                }, 
                {
                    "minoritystatuse": "Others, Including Hispanic", 
                    "purchasers": [
                        {
                            "name": "Fannie Mae", 
                            "count": 171, 
                            "value": 24126
                        }, 
                        {
                            "name": "Ginnie Mae", 
                            "count": 331, 
                            "value": 48411
                        }, 
                        {
                            "name": "Freddie Mac", 
                            "count": 55, 
                            "value": 8488
                        }, 
                        {
                            "name": "Farmer Mac", 
                            "count": 0, 
                            "value": 0
                        }, 
                        {
                            "name": "Private Securitization", 
                            "count": 21, 
                            "value": 2749
                        }, 
                        {
                            "name": "Commercial bank, savings bank or association", 
                            "count": 99, 
                            "value": 15061
                        }, 
                        {
                            "name": "Life insurance co., credit union, finance co.", 
                            "count": 163, 
                            "value": 25009
                        }, 
                        {
                            "name": "Affiliate institution", 
                            "count": 5, 
                            "value": 723
                        }, 
                        {
                            "name": "Other", 
                            "count": 1257, 
                            "value": 130990
                        }
                    ]
                }
            ]
        }, 
        {
            "characteristic": "Applicant Income", 
            "applicantincomes": [
                {
                    "applicantincome": "Less than 50% of MSA/MD median", 
                    "purchasers": [
                        {
                            "name": "Fannie Mae", 
                            "count": 67, 
                            "value": 5525
                        }, 
                        {
                            "name": "Ginnie Mae", 
                            "count": 86, 
                            "value": 8254
                        }, 
                        {
                            "name": "Freddie Mac", 
                            "count": 22, 
                            "value": 1792
                        }, 
                        {
                            "name": "Farmer Mac", 
                            "count": 0, 
                            "value": 0
                        }, 
                        {
                            "name": "Private Securitization", 
                            "count": 6, 
                            "value": 533
                        }, 
                        {
                            "name": "Commercial bank, savings bank or association", 
                            "count": 35, 
                            "value": 3563
                        }, 
                        {
                            "name": "Life insurance co., credit union, finance co.", 
                            "count": 68, 
                            "value": 6092
                        }, 
                        {
                            "name": "Affiliate institution", 
                            "count": 4, 
                            "value": 392
                        }, 
                        {
                            "name": "Other", 
                            "count": 672, 
                            "value": 40273
                        }
                    ]
                }, 
                {
                    "applicantincome": "50-79% of MSA/MD median", 
                    "purchasers": [
                        {
                            "name": "Fannie Mae", 
                            "count": 222, 
                            "value": 25077
                        }, 
                        {
                            "name": "Ginnie Mae", 
                            "count": 290, 
                            "value": 37680
                        }, 
                        {
                            "name": "Freddie Mac", 
                            "count": 71, 
                            "value": 8217
                        }, 
                        {
                            "name": "Farmer Mac", 
                            "count": 0, 
                            "value": 0
                        }, 
                        {
                            "name": "Private Securitization", 
                            "count": 27, 
                            "value": 3366
                        }, 
                        {
                            "name": "Commercial bank, savings bank or association", 
                            "count": 122, 
                            "value": 16131
                        }, 
                        {
                            "name": "Life insurance co., credit union, finance co.", 
                            "count": 234, 
                            "value": 29684
                        }, 
                        {
                            "name": "Affiliate institution", 
                            "count": 11, 
                            "value": 1077
                        }, 
                        {
                            "name": "Other", 
                            "count": 1009, 
                            "value": 91162
                        }
                    ]
                }, 
                {
                    "applicantincome": "80-99% of MSA/MD median", 
                    "purchasers": [
                        {
                            "name": "Fannie Mae", 
                            "count": 177, 
                            "value": 22359
                        }, 
                        {
                            "name": "Ginnie Mae", 
                            "count": 156, 
                            "value": 22923
                        }, 
                        {
                            "name": "Freddie Mac", 
                            "count": 44, 
                            "value": 5537
                        }, 
                        {
                            "name": "Farmer Mac", 
                            "count": 0, 
                            "value": 0
                        }, 
                        {
                            "name": "Private Securitization", 
                            "count": 14, 
                            "value": 1953
                        }, 
                        {
                            "name": "Commercial bank, savings bank or association", 
                            "count": 82, 
                            "value": 11414
                        }, 
                        {
                            "name": "Life insurance co., credit union, finance co.", 
                            "count": 151, 
                            "value": 23083
                        }, 
                        {
                            "name": "Affiliate institution", 
                            "count": 8, 
                            "value": 1039
                        }, 
                        {
                            "name": "Other", 
                            "count": 658, 
                            "value": 75602
                        }
                    ]
                }, 
                {
                    "applicantincome": "100-119% of MSA/MD median", 
                    "purchasers": [
                        {
                            "name": "Fannie Mae", 
                            "count": 195, 
                            "value": 27081
                        }, 
                        {
                            "name": "Ginnie Mae", 
                            "count": 106, 
                            "value": 17986
                        }, 
                        {
                            "name": "Freddie Mac", 
                            "count": 45, 
                            "value": 6875
                        }, 
                        {
                            "name": "Farmer Mac", 
                            "count": 0, 
                            "value": 0
                        }, 
                        {
                            "name": "Private Securitization", 
                            "count": 13, 
                            "value": 2212
                        }, 
                        {
                            "name": "Commercial bank, savings bank or association", 
                            "count": 71, 
                            "value": 11744
                        }, 
                        {
                            "name": "Life insurance co., credit union, finance co.", 
                            "count": 112, 
                            "value": 17794
                        }, 
                        {
                            "name": "Affiliate institution", 
                            "count": 2, 
                            "value": 224
                        }, 
                        {
                            "name": "Other", 
                            "count": 471, 
                            "value": 61477
                        }
                    ]
                }, 
                {
                    "applicantincome": "120% or more of MSA/MD median", 
                    "purchasers": [
                        {
                            "name": "Fannie Mae", 
                            "count": 1041, 
                            "value": 198078
                        }, 
                        {
                            "name": "Ginnie Mae", 
                            "count": 227, 
                            "value": 42256
                        }, 
                        {
                            "name": "Freddie Mac", 
                            "count": 298, 
                            "value": 63173
                        }, 
                        {
                            "name": "Farmer Mac", 
                            "count": 0, 
                            "value": 0
                        }, 
                        {
                            "name": "Private Securitization", 
                            "count": 71, 
                            "value": 15744
                        }, 
                        {
                            "name": "Commercial bank, savings bank or association", 
                            "count": 304, 
                            "value": 65667
                        }, 
                        {
                            "name": "Life insurance co., credit union, finance co.", 
                            "count": 473, 
                            "value": 98621
                        }, 
                        {
                            "name": "Affiliate institution", 
                            "count": 42, 
                            "value": 8218
                        }, 
                        {
                            "name": "Other", 
                            "count": 2129, 
                            "value": 416867
                        }
                    ]
                }, 
                {
                    "applicantincome": "income not available", 
                    "purchasers": [
                        {
                            "name": "Fannie Mae", 
                            "count": 369, 
                            "value": 66184
                        }, 
                        {
                            "name": "Ginnie Mae", 
                            "count": 567, 
                            "value": 91071
                        }, 
                        {
                            "name": "Freddie Mac", 
                            "count": 168, 
                            "value": 32455
                        }, 
                        {
                            "name": "Farmer Mac", 
                            "count": 0, 
                            "value": 0
                        }, 
                        {
                            "name": "Private Securitization", 
                            "count": 0, 
                            "value": 0
                        }, 
                        {
                            "name": "Commercial bank, savings bank or association", 
                            "count": 90, 
                            "value": 16684
                        }, 
                        {
                            "name": "Life insurance co., credit union, finance co.", 
                            "count": 33, 
                            "value": 5739
                        }, 
                        {
                            "name": "Affiliate institution", 
                            "count": 1, 
                            "value": 171
                        }, 
                        {
                            "name": "Other", 
                            "count": 862, 
                            "value": 183014
                        }
                    ]
                }
            ]
        }
    ], 
    "censuscharacteristics": [
        {
            "characteristic": "Racial/Ethnic Composition", 
            "tractpctminority": [
                {
                    "tractpctminorit": "Less than 10% minority", 
                    "purchasers": [
                        {
                            "name": "Fannie Mae", 
                            "count": 327, 
                            "value": 56378
                        }, 
                        {
                            "name": "Ginnie Mae", 
                            "count": 275, 
                            "value": 43430
                        }, 
                        {
                            "name": "Freddie Mac", 
                            "count": 113, 
                            "value": 22828
                        }, 
                        {
                            "name": "Farmer Mac", 
                            "count": 0, 
                            "value": 0
                        }, 
                        {
                            "name": "Private Securitization", 
                            "count": 17, 
                            "value": 3535
                        }, 
                        {
                            "name": "Commercial bank, savings bank or association", 
                            "count": 131, 
                            "value": 24040
                        }, 
                        {
                            "name": "Life insurance co., credit union, finance co.", 
                            "count": 145, 
                            "value": 26160
                        }, 
                        {
                            "name": "Affiliate institution", 
                            "count": 12, 
                            "value": 1723
                        }, 
                        {
                            "name": "Other", 
                            "count": 947, 
                            "value": 146894
                        }
                    ]
                }, 
                {
                    "tractpctminorit": "10-19% minority", 
                    "purchasers": [
                        {
                            "name": "Fannie Mae", 
                            "count": 1532, 
                            "value": 263215
                        }, 
                        {
                            "name": "Ginnie Mae", 
                            "count": 951, 
                            "value": 151588
                        }, 
                        {
                            "name": "Freddie Mac", 
                            "count": 458, 
                            "value": 86161
                        }, 
                        {
                            "name": "Farmer Mac", 
                            "count": 0, 
                            "value": 0
                        }, 
                        {
                            "name": "Private Securitization", 
                            "count": 102, 
                            "value": 18892
                        }, 
                        {
                            "name": "Commercial bank, savings bank or association", 
                            "count": 505, 
                            "value": 91928
                        }, 
                        {
                            "name": "Life insurance co., credit union, finance co.", 
                            "count": 812, 
                            "value": 140458
                        }, 
                        {
                            "name": "Affiliate institution", 
                            "count": 50, 
                            "value": 8764
                        }, 
                        {
                            "name": "Other", 
                            "count": 3547, 
                            "value": 597680
                        }
                    ]
                }, 
                {
                    "tractpctminorit": "20-49% minority", 
                    "purchasers": [
                        {
                            "name": "Fannie Mae", 
                            "count": 170, 
                            "value": 20620
                        }, 
                        {
                            "name": "Ginnie Mae", 
                            "count": 167, 
                            "value": 21155
                        }, 
                        {
                            "name": "Freddie Mac", 
                            "count": 67, 
                            "value": 8004
                        }, 
                        {
                            "name": "Farmer Mac", 
                            "count": 0, 
                            "value": 0
                        }, 
                        {
                            "name": "Private Securitization", 
                            "count": 10, 
                            "value": 1161
                        }, 
                        {
                            "name": "Commercial bank, savings bank or association", 
                            "count": 58, 
                            "value": 8131
                        }, 
                        {
                            "name": "Life insurance co., credit union, finance co.", 
                            "count": 95, 
                            "value": 12690
                        }, 
                        {
                            "name": "Affiliate institution", 
                            "count": 5, 
                            "value": 522
                        }, 
                        {
                            "name": "Other", 
                            "count": 876, 
                            "value": 90779
                        }
                    ]
                }, 
                {
                    "tractpctminorit": "50-79% minority", 
                    "purchasers": [
                        {
                            "name": "Fannie Mae", 
                            "count": 42, 
                            "value": 4091
                        }, 
                        {
                            "name": "Ginnie Mae", 
                            "count": 39, 
                            "value": 3997
                        }, 
                        {
                            "name": "Freddie Mac", 
                            "count": 10, 
                            "value": 1056
                        }, 
                        {
                            "name": "Farmer Mac", 
                            "count": 0, 
                            "value": 0
                        }, 
                        {
                            "name": "Private Securitization", 
                            "count": 2, 
                            "value": 220
                        }, 
                        {
                            "name": "Commercial bank, savings bank or association", 
                            "count": 10, 
                            "value": 1104
                        }, 
                        {
                            "name": "Life insurance co., credit union, finance co.", 
                            "count": 19, 
                            "value": 1705
                        }, 
                        {
                            "name": "Affiliate institution", 
                            "count": 1, 
                            "value": 112
                        }, 
                        {
                            "name": "Other", 
                            "count": 431, 
                            "value": 33042
                        }
                    ]
                }, 
                {
                    "tractpctminorit": "80-100% minority", 
                    "purchasers": [
                        {
                            "name": "Fannie Mae", 
                            "count": 0, 
                            "value": 0
                        }, 
                        {
                            "name": "Ginnie Mae", 
                            "count": 0, 
                            "value": 0
                        }, 
                        {
                            "name": "Freddie Mac", 
                            "count": 0, 
                            "value": 0
                        }, 
                        {
                            "name": "Farmer Mac", 
                            "count": 0, 
                            "value": 0
                        }, 
                        {
                            "name": "Private Securitization", 
                            "count": 0, 
                            "value": 0
                        }, 
                        {
                            "name": "Commercial bank, savings bank or association", 
                            "count": 0, 
                            "value": 0
                        }, 
                        {
                            "name": "Life insurance co., credit union, finance co.", 
                            "count": 0, 
                            "value": 0
                        }, 
                        {
                            "name": "Affiliate institution", 
                            "count": 0, 
                            "value": 0
                        }, 
                        {
                            "name": "Other", 
                            "count": 0, 
                            "value": 0
                        }
                    ]
                }
            ]
        }, 
        {
            "characteristic": "Income", 
            "incomelevel": [
                {
                    "incomeleve": "Low income", 
                    "purchasers": [
                        {
                            "name": "Fannie Mae", 
                            "count": 24, 
                            "value": 4249
                        }, 
                        {
                            "name": "Ginnie Mae", 
                            "count": 13, 
                            "value": 1082
                        }, 
                        {
                            "name": "Freddie Mac", 
                            "count": 10, 
                            "value": 1855
                        }, 
                        {
                            "name": "Farmer Mac", 
                            "count": 0, 
                            "value": 0
                        }, 
                        {
                            "name": "Private Securitization", 
                            "count": 2, 
                            "value": 428
                        }, 
                        {
                            "name": "Commercial bank, savings bank or association", 
                            "count": 6, 
                            "value": 976
                        }, 
                        {
                            "name": "Life insurance co., credit union, finance co.", 
                            "count": 11, 
                            "value": 1400
                        }, 
                        {
                            "name": "Affiliate institution", 
                            "count": 1, 
                            "value": 75
                        }, 
                        {
                            "name": "Other", 
                            "count": 195, 
                            "value": 26424
                        }
                    ]
                }, 
                {
                    "incomeleve": "Moderate income", 
                    "purchasers": [
                        {
                            "name": "Fannie Mae", 
                            "count": 152, 
                            "value": 18682
                        }, 
                        {
                            "name": "Ginnie Mae", 
                            "count": 123, 
                            "value": 15242
                        }, 
                        {
                            "name": "Freddie Mac", 
                            "count": 54, 
                            "value": 6368
                        }, 
                        {
                            "name": "Farmer Mac", 
                            "count": 0, 
                            "value": 0
                        }, 
                        {
                            "name": "Private Securitization", 
                            "count": 6, 
                            "value": 558
                        }, 
                        {
                            "name": "Commercial bank, savings bank or association", 
                            "count": 44, 
                            "value": 6485
                        }, 
                        {
                            "name": "Life insurance co., credit union, finance co.", 
                            "count": 76, 
                            "value": 9435
                        }, 
                        {
                            "name": "Affiliate institution", 
                            "count": 5, 
                            "value": 533
                        }, 
                        {
                            "name": "Other", 
                            "count": 1066, 
                            "value": 108643
                        }
                    ]
                }, 
                {
                    "incomeleve": "Middle income", 
                    "purchasers": [
                        {
                            "name": "Fannie Mae", 
                            "count": 706, 
                            "value": 106684
                        }, 
                        {
                            "name": "Ginnie Mae", 
                            "count": 520, 
                            "value": 71759
                        }, 
                        {
                            "name": "Freddie Mac", 
                            "count": 213, 
                            "value": 35100
                        }, 
                        {
                            "name": "Farmer Mac", 
                            "count": 0, 
                            "value": 0
                        }, 
                        {
                            "name": "Private Securitization", 
                            "count": 48, 
                            "value": 7552
                        }, 
                        {
                            "name": "Commercial bank, savings bank or association", 
                            "count": 243, 
                            "value": 39796
                        }, 
                        {
                            "name": "Life insurance co., credit union, finance co.", 
                            "count": 374, 
                            "value": 57332
                        }, 
                        {
                            "name": "Affiliate institution", 
                            "count": 24, 
                            "value": 3699
                        }, 
                        {
                            "name": "Other", 
                            "count": 2095, 
                            "value": 286429
                        }
                    ]
                }, 
                {
                    "incomeleve": "Upper income", 
                    "purchasers": [
                        {
                            "name": "Fannie Mae", 
                            "count": 1189, 
                            "value": 214689
                        }, 
                        {
                            "name": "Ginnie Mae", 
                            "count": 776, 
                            "value": 132087
                        }, 
                        {
                            "name": "Freddie Mac", 
                            "count": 371, 
                            "value": 74726
                        }, 
                        {
                            "name": "Farmer Mac", 
                            "count": 0, 
                            "value": 0
                        }, 
                        {
                            "name": "Private Securitization", 
                            "count": 75, 
                            "value": 15270
                        }, 
                        {
                            "name": "Commercial bank, savings bank or association", 
                            "count": 411, 
                            "value": 77946
                        }, 
                        {
                            "name": "Life insurance co., credit union, finance co.", 
                            "count": 610, 
                            "value": 112846
                        }, 
                        {
                            "name": "Affiliate institution", 
                            "count": 38, 
                            "value": 6814
                        }, 
                        {
                            "name": "Other", 
                            "count": 2445, 
                            "value": 446899
                        }
                    ]
                }
            ]
        }
    ], 
    "total": {
        "purchasers": [
            {
                "name": "Fannie Mae", 
                "count": 2071, 
                "value": 344304
            }, 
            {
                "name": "Ginnie Mae", 
                "count": 1432, 
                "value": 220170
            }, 
            {
                "name": "Freddie Mac", 
                "count": 648, 
                "value": 118049
            }, 
            {
                "name": "Farmer Mac", 
                "count": 0, 
                "value": 0
            }, 
            {
                "name": "Private Securitization", 
                "count": 131, 
                "value": 23808
            }, 
            {
                "name": "Commercial bank, savings bank or association", 
                "count": 704, 
                "value": 125203
            }, 
            {
                "name": "Life insurance co., credit union, finance co.", 
                "count": 1071, 
                "value": 181013
            }, 
            {
                "name": "Affiliate institution", 
                "count": 68, 
                "value": 11121
            }, 
            {
                "name": "Other", 
                "count": 5802, 
                "value": 868430
            }
        ]
    }
}