{
    "table": "3-1", 
    "type": "aggregate", 
    "desc": "Loans sold. By characteristics of borrower and census tract in which property is located and by type of purchaser (includes originations and purchased loans).", 
    "year": "2012", 
    "msa": {
        "id": "48300", 
        "name": "Wenatchee-East-Wenatchee", 
        "state": "WA", 
        "state_name": "Washington"
    }, 
    "borrowercharacteristics": [
        {
            "characteristic": "Race", 
            "races": [
                {
                    "race": "American Indian/Alaska Native", 
                    "purchasers": [
                        {
                            "name": "Fannie Mae", 
                            "count": 0, 
                            "value": 0
                        }, 
                        {
                            "name": "Ginnie Mae", 
                            "count": 0, 
                            "value": 0
                        }, 
                        {
                            "name": "Freddie Mac", 
                            "count": 0, 
                            "value": 0
                        }, 
                        {
                            "name": "Farmer Mac", 
                            "count": 0, 
                            "value": 0
                        }, 
                        {
                            "name": "Private Securitization", 
                            "count": 0, 
                            "value": 0
                        }, 
                        {
                            "name": "Commercial bank, savings bank or association", 
                            "count": 0, 
                            "value": 0
                        }, 
                        {
                            "name": "Life insurance co., credit union, finance co.", 
                            "count": 0, 
                            "value": 0
                        }, 
                        {
                            "name": "Affiliate institution", 
                            "count": 0, 
                            "value": 0
                        }, 
                        {
                            "name": "Other", 
                            "count": 0, 
                            "value": 0
                        }
                    ]
                }, 
                {
                    "race": "Asian", 
                    "purchasers": [
                        {
                            "name": "Fannie Mae", 
                            "count": 0, 
                            "value": 0
                        }, 
                        {
                            "name": "Ginnie Mae", 
                            "count": 1, 
                            "value": 115.0
                        }, 
                        {
                            "name": "Freddie Mac", 
                            "count": 22, 
                            "value": 2642.0
                        }, 
                        {
                            "name": "Farmer Mac", 
                            "count": 0, 
                            "value": 0
                        }, 
                        {
                            "name": "Private Securitization", 
                            "count": 0, 
                            "value": 0
                        }, 
                        {
                            "name": "Commercial bank, savings bank or association", 
                            "count": 1, 
                            "value": 332.0
                        }, 
                        {
                            "name": "Life insurance co., credit union, finance co.", 
                            "count": 0, 
                            "value": 0
                        }, 
                        {
                            "name": "Affiliate institution", 
                            "count": 0, 
                            "value": 0
                        }, 
                        {
                            "name": "Other", 
                            "count": 35, 
                            "value": 4241.0
                        }
                    ]
                }, 
                {
                    "race": "Black or African American", 
                    "purchasers": [
                        {
                            "name": "Fannie Mae", 
                            "count": 1, 
                            "value": 135.0
                        }, 
                        {
                            "name": "Ginnie Mae", 
                            "count": 0, 
                            "value": 0
                        }, 
                        {
                            "name": "Freddie Mac", 
                            "count": 2, 
                            "value": 482.0
                        }, 
                        {
                            "name": "Farmer Mac", 
                            "count": 0, 
                            "value": 0
                        }, 
                        {
                            "name": "Private Securitization", 
                            "count": 0, 
                            "value": 0
                        }, 
                        {
                            "name": "Commercial bank, savings bank or association", 
                            "count": 0, 
                            "value": 0
                        }, 
                        {
                            "name": "Life insurance co., credit union, finance co.", 
                            "count": 0, 
                            "value": 0
                        }, 
                        {
                            "name": "Affiliate institution", 
                            "count": 0, 
                            "value": 0
                        }, 
                        {
                            "name": "Other", 
                            "count": 9, 
                            "value": 2068.0
                        }
                    ]
                }, 
                {
                    "race": "Native Hawaiian or Pacific Islander", 
                    "purchasers": [
                        {
                            "name": "Fannie Mae", 
                            "count": 0, 
                            "value": 0
                        }, 
                        {
                            "name": "Ginnie Mae", 
                            "count": 0, 
                            "value": 0
                        }, 
                        {
                            "name": "Freddie Mac", 
                            "count": 1, 
                            "value": 301.0
                        }, 
                        {
                            "name": "Farmer Mac", 
                            "count": 0, 
                            "value": 0
                        }, 
                        {
                            "name": "Private Securitization", 
                            "count": 0, 
                            "value": 0
                        }, 
                        {
                            "name": "Commercial bank, savings bank or association", 
                            "count": 0, 
                            "value": 0
                        }, 
                        {
                            "name": "Life insurance co., credit union, finance co.", 
                            "count": 0, 
                            "value": 0
                        }, 
                        {
                            "name": "Affiliate institution", 
                            "count": 0, 
                            "value": 0
                        }, 
                        {
                            "name": "Other", 
                            "count": 3, 
                            "value": 524.0
                        }
                    ]
                }, 
                {
                    "race": "White", 
                    "purchasers": [
                        {
                            "name": "Fannie Mae", 
                            "count": 0, 
                            "value": 0
                        }, 
                        {
                            "name": "Ginnie Mae", 
                            "count": 0, 
                            "value": 0
                        }, 
                        {
                            "name": "Freddie Mac", 
                            "count": 0, 
                            "value": 0
                        }, 
                        {
                            "name": "Farmer Mac", 
                            "count": 0, 
                            "value": 0
                        }, 
                        {
                            "name": "Private Securitization", 
                            "count": 0, 
                            "value": 0
                        }, 
                        {
                            "name": "Commercial bank, savings bank or association", 
                            "count": 0, 
                            "value": 0
                        }, 
                        {
                            "name": "Life insurance co., credit union, finance co.", 
                            "count": 0, 
                            "value": 0
                        }, 
                        {
                            "name": "Affiliate institution", 
                            "count": 0, 
                            "value": 0
                        }, 
                        {
                            "name": "Other", 
                            "count": 1, 
                            "value": 42.0
                        }
                    ]
                }, 
                {
                    "race": "2 or more minority races", 
                    "purchasers": [
                        {
                            "name": "Fannie Mae", 
                            "count": 753, 
                            "value": 159133.0
                        }, 
                        {
                            "name": "Ginnie Mae", 
                            "count": 326, 
                            "value": 64728.0
                        }, 
                        {
                            "name": "Freddie Mac", 
                            "count": 695, 
                            "value": 141052.0
                        }, 
                        {
                            "name": "Farmer Mac", 
                            "count": 0, 
                            "value": 0
                        }, 
                        {
                            "name": "Private Securitization", 
                            "count": 44, 
                            "value": 9471.0
                        }, 
                        {
                            "name": "Commercial bank, savings bank or association", 
                            "count": 309, 
                            "value": 70462.0
                        }, 
                        {
                            "name": "Life insurance co., credit union, finance co.", 
                            "count": 99, 
                            "value": 22737.0
                        }, 
                        {
                            "name": "Affiliate institution", 
                            "count": 44, 
                            "value": 8497.0
                        }, 
                        {
                            "name": "Other", 
                            "count": 1610, 
                            "value": 354354.0
                        }
                    ]
                }, 
                {
                    "race": "Joint", 
                    "purchasers": [
                        {
                            "name": "Fannie Mae", 
                            "count": 75, 
                            "value": 17839.0
                        }, 
                        {
                            "name": "Ginnie Mae", 
                            "count": 24, 
                            "value": 5567.0
                        }, 
                        {
                            "name": "Freddie Mac", 
                            "count": 55, 
                            "value": 12104.0
                        }, 
                        {
                            "name": "Farmer Mac", 
                            "count": 0, 
                            "value": 0
                        }, 
                        {
                            "name": "Private Securitization", 
                            "count": 8, 
                            "value": 2177.0
                        }, 
                        {
                            "name": "Commercial bank, savings bank or association", 
                            "count": 26, 
                            "value": 5989.0
                        }, 
                        {
                            "name": "Life insurance co., credit union, finance co.", 
                            "count": 7, 
                            "value": 1656.0
                        }, 
                        {
                            "name": "Affiliate institution", 
                            "count": 11, 
                            "value": 1891.0
                        }, 
                        {
                            "name": "Other", 
                            "count": 262, 
                            "value": 60915.0
                        }
                    ]
                }, 
                {
                    "race": "Not Provided", 
                    "purchasers": [
                        {
                            "name": "Fannie Mae", 
                            "count": 138, 
                            "value": 29062.0
                        }, 
                        {
                            "name": "Ginnie Mae", 
                            "count": 46, 
                            "value": 9567.0
                        }, 
                        {
                            "name": "Freddie Mac", 
                            "count": 107, 
                            "value": 23679.0
                        }, 
                        {
                            "name": "Farmer Mac", 
                            "count": 0, 
                            "value": 0
                        }, 
                        {
                            "name": "Private Securitization", 
                            "count": 0, 
                            "value": 0
                        }, 
                        {
                            "name": "Commercial bank, savings bank or association", 
                            "count": 5, 
                            "value": 941.0
                        }, 
                        {
                            "name": "Life insurance co., credit union, finance co.", 
                            "count": 1, 
                            "value": 219.0
                        }, 
                        {
                            "name": "Affiliate institution", 
                            "count": 7, 
                            "value": 1592.0
                        }, 
                        {
                            "name": "Other", 
                            "count": 70, 
                            "value": 12948.0
                        }
                    ]
                }, 
                {
                    "race": "Not Applicable", 
                    "purchasers": [
                        {
                            "name": "Fannie Mae", 
                            "count": 423, 
                            "value": 74402.0
                        }, 
                        {
                            "name": "Ginnie Mae", 
                            "count": 268, 
                            "value": 48789.0
                        }, 
                        {
                            "name": "Freddie Mac", 
                            "count": 324, 
                            "value": 53419.0
                        }, 
                        {
                            "name": "Farmer Mac", 
                            "count": 0, 
                            "value": 0
                        }, 
                        {
                            "name": "Private Securitization", 
                            "count": 34, 
                            "value": 6599.0
                        }, 
                        {
                            "name": "Commercial bank, savings bank or association", 
                            "count": 232, 
                            "value": 47161.0
                        }, 
                        {
                            "name": "Life insurance co., credit union, finance co.", 
                            "count": 68, 
                            "value": 12257.0
                        }, 
                        {
                            "name": "Affiliate institution", 
                            "count": 31, 
                            "value": 6035.0
                        }, 
                        {
                            "name": "Other", 
                            "count": 1299, 
                            "value": 256779.0
                        }
                    ]
                }, 
                {
                    "race": "No co-applicant", 
                    "purchasers": [
                        {
                            "name": "Fannie Mae", 
                            "count": 0, 
                            "value": 0
                        }, 
                        {
                            "name": "Ginnie Mae", 
                            "count": 0, 
                            "value": 0
                        }, 
                        {
                            "name": "Freddie Mac", 
                            "count": 0, 
                            "value": 0
                        }, 
                        {
                            "name": "Farmer Mac", 
                            "count": 0, 
                            "value": 0
                        }, 
                        {
                            "name": "Private Securitization", 
                            "count": 0, 
                            "value": 0
                        }, 
                        {
                            "name": "Commercial bank, savings bank or association", 
                            "count": 0, 
                            "value": 0
                        }, 
                        {
                            "name": "Life insurance co., credit union, finance co.", 
                            "count": 0, 
                            "value": 0
                        }, 
                        {
                            "name": "Affiliate institution", 
                            "count": 0, 
                            "value": 0
                        }, 
                        {
                            "name": "Other", 
                            "count": 0, 
                            "value": 0
                        }
                    ]
                }
            ]
        }, 
        {
            "characteristic": "Ethnicity", 
            "ethnicities": [
                {
                    "ethnicitie": "Hispanic or Latino", 
                    "purchasers": [
                        {
                            "name": "Fannie Mae", 
                            "count": 27, 
                            "value": 4201
                        }, 
                        {
                            "name": "Ginnie Mae", 
                            "count": 65, 
                            "value": 10954
                        }, 
                        {
                            "name": "Freddie Mac", 
                            "count": 54, 
                            "value": 6603
                        }, 
                        {
                            "name": "Farmer Mac", 
                            "count": 0, 
                            "value": 0
                        }, 
                        {
                            "name": "Private Securitization", 
                            "count": 5, 
                            "value": 888
                        }, 
                        {
                            "name": "Commercial bank, savings bank or association", 
                            "count": 19, 
                            "value": 3363
                        }, 
                        {
                            "name": "Life insurance co., credit union, finance co.", 
                            "count": 10, 
                            "value": 1709
                        }, 
                        {
                            "name": "Affiliate institution", 
                            "count": 1, 
                            "value": 154
                        }, 
                        {
                            "name": "Other", 
                            "count": 191, 
                            "value": 27720
                        }
                    ]
                }, 
                {
                    "ethnicitie": "Not Hispanic or Latino", 
                    "purchasers": [
                        {
                            "name": "Fannie Mae", 
                            "count": 1070, 
                            "value": 215951
                        }, 
                        {
                            "name": "Ginnie Mae", 
                            "count": 464, 
                            "value": 91697
                        }, 
                        {
                            "name": "Freddie Mac", 
                            "count": 932, 
                            "value": 182462
                        }, 
                        {
                            "name": "Farmer Mac", 
                            "count": 0, 
                            "value": 0
                        }, 
                        {
                            "name": "Private Securitization", 
                            "count": 67, 
                            "value": 14159
                        }, 
                        {
                            "name": "Commercial bank, savings bank or association", 
                            "count": 485, 
                            "value": 106988
                        }, 
                        {
                            "name": "Life insurance co., credit union, finance co.", 
                            "count": 145, 
                            "value": 30273
                        }, 
                        {
                            "name": "Affiliate institution", 
                            "count": 62, 
                            "value": 12143
                        }, 
                        {
                            "name": "Other", 
                            "count": 2354, 
                            "value": 501735
                        }
                    ]
                }, 
                {
                    "ethnicitie": "Not provided", 
                    "purchasers": [
                        {
                            "name": "Fannie Mae", 
                            "count": 47, 
                            "value": 8649
                        }, 
                        {
                            "name": "Ginnie Mae", 
                            "count": 57, 
                            "value": 9780
                        }, 
                        {
                            "name": "Freddie Mac", 
                            "count": 44, 
                            "value": 6732
                        }, 
                        {
                            "name": "Farmer Mac", 
                            "count": 0, 
                            "value": 0
                        }, 
                        {
                            "name": "Private Securitization", 
                            "count": 4, 
                            "value": 502
                        }, 
                        {
                            "name": "Commercial bank, savings bank or association", 
                            "count": 29, 
                            "value": 5857
                        }, 
                        {
                            "name": "Life insurance co., credit union, finance co.", 
                            "count": 7, 
                            "value": 1869
                        }, 
                        {
                            "name": "Affiliate institution", 
                            "count": 2, 
                            "value": 234
                        }, 
                        {
                            "name": "Other", 
                            "count": 229, 
                            "value": 34282
                        }
                    ]
                }, 
                {
                    "ethnicitie": "Not applicable", 
                    "purchasers": [
                        {
                            "name": "Fannie Mae", 
                            "count": 246, 
                            "value": 51770
                        }, 
                        {
                            "name": "Ginnie Mae", 
                            "count": 79, 
                            "value": 16335
                        }, 
                        {
                            "name": "Freddie Mac", 
                            "count": 176, 
                            "value": 37882
                        }, 
                        {
                            "name": "Farmer Mac", 
                            "count": 0, 
                            "value": 0
                        }, 
                        {
                            "name": "Private Securitization", 
                            "count": 10, 
                            "value": 2698
                        }, 
                        {
                            "name": "Commercial bank, savings bank or association", 
                            "count": 40, 
                            "value": 8677
                        }, 
                        {
                            "name": "Life insurance co., credit union, finance co.", 
                            "count": 13, 
                            "value": 3018
                        }, 
                        {
                            "name": "Affiliate institution", 
                            "count": 28, 
                            "value": 5484
                        }, 
                        {
                            "name": "Other", 
                            "count": 515, 
                            "value": 128134
                        }
                    ]
                }, 
                {
                    "ethnicitie": "No co-applicant", 
                    "purchasers": [
                        {
                            "name": "Fannie Mae", 
                            "count": 0, 
                            "value": 0
                        }, 
                        {
                            "name": "Ginnie Mae", 
                            "count": 0, 
                            "value": 0
                        }, 
                        {
                            "name": "Freddie Mac", 
                            "count": 0, 
                            "value": 0
                        }, 
                        {
                            "name": "Farmer Mac", 
                            "count": 0, 
                            "value": 0
                        }, 
                        {
                            "name": "Private Securitization", 
                            "count": 0, 
                            "value": 0
                        }, 
                        {
                            "name": "Commercial bank, savings bank or association", 
                            "count": 0, 
                            "value": 0
                        }, 
                        {
                            "name": "Life insurance co., credit union, finance co.", 
                            "count": 0, 
                            "value": 0
                        }, 
                        {
                            "name": "Affiliate institution", 
                            "count": 0, 
                            "value": 0
                        }, 
                        {
                            "name": "Other", 
                            "count": 0, 
                            "value": 0
                        }
                    ]
                }
            ]
        }, 
        {
            "characteristic": "Minority Status", 
            "minoritystatuses": [
                {
                    "minoritystatuse": "White Non-Hispanic", 
                    "purchasers": [
                        {
                            "name": "Fannie Mae", 
                            "count": 1302, 
                            "value": 265426
                        }, 
                        {
                            "name": "Ginnie Mae", 
                            "count": 532, 
                            "value": 105960
                        }, 
                        {
                            "name": "Freddie Mac", 
                            "count": 1088, 
                            "value": 216065
                        }, 
                        {
                            "name": "Farmer Mac", 
                            "count": 0, 
                            "value": 0
                        }, 
                        {
                            "name": "Private Securitization", 
                            "count": 76, 
                            "value": 16655
                        }, 
                        {
                            "name": "Commercial bank, savings bank or association", 
                            "count": 512, 
                            "value": 112830
                        }, 
                        {
                            "name": "Life insurance co., credit union, finance co.", 
                            "count": 154, 
                            "value": 32288
                        }, 
                        {
                            "name": "Affiliate institution", 
                            "count": 83, 
                            "value": 16311
                        }, 
                        {
                            "name": "Other", 
                            "count": 2793, 
                            "value": 616474
                        }
                    ]
                }, 
                {
                    "minoritystatuse": "Others, Including Hispanic", 
                    "purchasers": [
                        {
                            "name": "Fannie Mae", 
                            "count": 88, 
                            "value": 15145
                        }, 
                        {
                            "name": "Ginnie Mae", 
                            "count": 133, 
                            "value": 22806
                        }, 
                        {
                            "name": "Freddie Mac", 
                            "count": 118, 
                            "value": 17614
                        }, 
                        {
                            "name": "Farmer Mac", 
                            "count": 0, 
                            "value": 0
                        }, 
                        {
                            "name": "Private Securitization", 
                            "count": 10, 
                            "value": 1592
                        }, 
                        {
                            "name": "Commercial bank, savings bank or association", 
                            "count": 61, 
                            "value": 12055
                        }, 
                        {
                            "name": "Life insurance co., credit union, finance co.", 
                            "count": 21, 
                            "value": 4581
                        }, 
                        {
                            "name": "Affiliate institution", 
                            "count": 10, 
                            "value": 1704
                        }, 
                        {
                            "name": "Other", 
                            "count": 496, 
                            "value": 75397
                        }
                    ]
                }
            ]
        }, 
        {
            "characteristic": "Applicant Income", 
            "applicantincomes": [
                {
                    "applicantincome": "Less than 50% of MSA/MD median", 
                    "purchasers": [
                        {
                            "name": "Fannie Mae", 
                            "count": 56, 
                            "value": 6031
                        }, 
                        {
                            "name": "Ginnie Mae", 
                            "count": 22, 
                            "value": 2521
                        }, 
                        {
                            "name": "Freddie Mac", 
                            "count": 59, 
                            "value": 6145
                        }, 
                        {
                            "name": "Farmer Mac", 
                            "count": 0, 
                            "value": 0
                        }, 
                        {
                            "name": "Private Securitization", 
                            "count": 3, 
                            "value": 280
                        }, 
                        {
                            "name": "Commercial bank, savings bank or association", 
                            "count": 12, 
                            "value": 1624
                        }, 
                        {
                            "name": "Life insurance co., credit union, finance co.", 
                            "count": 7, 
                            "value": 815
                        }, 
                        {
                            "name": "Affiliate institution", 
                            "count": 3, 
                            "value": 392
                        }, 
                        {
                            "name": "Other", 
                            "count": 235, 
                            "value": 23962
                        }
                    ]
                }, 
                {
                    "applicantincome": "50-79% of MSA/MD median", 
                    "purchasers": [
                        {
                            "name": "Fannie Mae", 
                            "count": 153, 
                            "value": 20892
                        }, 
                        {
                            "name": "Ginnie Mae", 
                            "count": 119, 
                            "value": 17851
                        }, 
                        {
                            "name": "Freddie Mac", 
                            "count": 164, 
                            "value": 20075
                        }, 
                        {
                            "name": "Farmer Mac", 
                            "count": 0, 
                            "value": 0
                        }, 
                        {
                            "name": "Private Securitization", 
                            "count": 15, 
                            "value": 2244
                        }, 
                        {
                            "name": "Commercial bank, savings bank or association", 
                            "count": 91, 
                            "value": 14580
                        }, 
                        {
                            "name": "Life insurance co., credit union, finance co.", 
                            "count": 23, 
                            "value": 3538
                        }, 
                        {
                            "name": "Affiliate institution", 
                            "count": 7, 
                            "value": 1032
                        }, 
                        {
                            "name": "Other", 
                            "count": 456, 
                            "value": 61797
                        }
                    ]
                }, 
                {
                    "applicantincome": "80-99% of MSA/MD median", 
                    "purchasers": [
                        {
                            "name": "Fannie Mae", 
                            "count": 170, 
                            "value": 28587
                        }, 
                        {
                            "name": "Ginnie Mae", 
                            "count": 82, 
                            "value": 15317
                        }, 
                        {
                            "name": "Freddie Mac", 
                            "count": 117, 
                            "value": 17475
                        }, 
                        {
                            "name": "Farmer Mac", 
                            "count": 0, 
                            "value": 0
                        }, 
                        {
                            "name": "Private Securitization", 
                            "count": 8, 
                            "value": 1209
                        }, 
                        {
                            "name": "Commercial bank, savings bank or association", 
                            "count": 94, 
                            "value": 17350
                        }, 
                        {
                            "name": "Life insurance co., credit union, finance co.", 
                            "count": 27, 
                            "value": 4322
                        }, 
                        {
                            "name": "Affiliate institution", 
                            "count": 9, 
                            "value": 1293
                        }, 
                        {
                            "name": "Other", 
                            "count": 370, 
                            "value": 57231
                        }
                    ]
                }, 
                {
                    "applicantincome": "100-119% of MSA/MD median", 
                    "purchasers": [
                        {
                            "name": "Fannie Mae", 
                            "count": 132, 
                            "value": 23336
                        }, 
                        {
                            "name": "Ginnie Mae", 
                            "count": 72, 
                            "value": 14510
                        }, 
                        {
                            "name": "Freddie Mac", 
                            "count": 120, 
                            "value": 21673
                        }, 
                        {
                            "name": "Farmer Mac", 
                            "count": 0, 
                            "value": 0
                        }, 
                        {
                            "name": "Private Securitization", 
                            "count": 11, 
                            "value": 1910
                        }, 
                        {
                            "name": "Commercial bank, savings bank or association", 
                            "count": 62, 
                            "value": 12966
                        }, 
                        {
                            "name": "Life insurance co., credit union, finance co.", 
                            "count": 25, 
                            "value": 4593
                        }, 
                        {
                            "name": "Affiliate institution", 
                            "count": 11, 
                            "value": 2165
                        }, 
                        {
                            "name": "Other", 
                            "count": 329, 
                            "value": 58687
                        }
                    ]
                }, 
                {
                    "applicantincome": "120% or more of MSA/MD median", 
                    "purchasers": [
                        {
                            "name": "Fannie Mae", 
                            "count": 767, 
                            "value": 178350
                        }, 
                        {
                            "name": "Ginnie Mae", 
                            "count": 108, 
                            "value": 26468
                        }, 
                        {
                            "name": "Freddie Mac", 
                            "count": 644, 
                            "value": 145671
                        }, 
                        {
                            "name": "Farmer Mac", 
                            "count": 0, 
                            "value": 0
                        }, 
                        {
                            "name": "Private Securitization", 
                            "count": 46, 
                            "value": 12023
                        }, 
                        {
                            "name": "Commercial bank, savings bank or association", 
                            "count": 286, 
                            "value": 71506
                        }, 
                        {
                            "name": "Life insurance co., credit union, finance co.", 
                            "count": 83, 
                            "value": 21434
                        }, 
                        {
                            "name": "Affiliate institution", 
                            "count": 62, 
                            "value": 12711
                        }, 
                        {
                            "name": "Other", 
                            "count": 1573, 
                            "value": 401334
                        }
                    ]
                }, 
                {
                    "applicantincome": "income not available", 
                    "purchasers": [
                        {
                            "name": "Fannie Mae", 
                            "count": 112, 
                            "value": 23375
                        }, 
                        {
                            "name": "Ginnie Mae", 
                            "count": 262, 
                            "value": 52099
                        }, 
                        {
                            "name": "Freddie Mac", 
                            "count": 102, 
                            "value": 22640
                        }, 
                        {
                            "name": "Farmer Mac", 
                            "count": 0, 
                            "value": 0
                        }, 
                        {
                            "name": "Private Securitization", 
                            "count": 3, 
                            "value": 581
                        }, 
                        {
                            "name": "Commercial bank, savings bank or association", 
                            "count": 28, 
                            "value": 6859
                        }, 
                        {
                            "name": "Life insurance co., credit union, finance co.", 
                            "count": 10, 
                            "value": 2167
                        }, 
                        {
                            "name": "Affiliate institution", 
                            "count": 1, 
                            "value": 422
                        }, 
                        {
                            "name": "Other", 
                            "count": 326, 
                            "value": 88860
                        }
                    ]
                }
            ]
        }
    ], 
    "censuscharacteristics": [
        {
            "characteristic": "Racial/Ethnic Composition", 
            "tractpctminority": [
                {
                    "tractpctminorit": "Less than 10% minority", 
                    "purchasers": [
                        {
                            "name": "Fannie Mae", 
                            "count": 277, 
                            "value": 64113
                        }, 
                        {
                            "name": "Ginnie Mae", 
                            "count": 58, 
                            "value": 13354
                        }, 
                        {
                            "name": "Freddie Mac", 
                            "count": 225, 
                            "value": 47327
                        }, 
                        {
                            "name": "Farmer Mac", 
                            "count": 0, 
                            "value": 0
                        }, 
                        {
                            "name": "Private Securitization", 
                            "count": 17, 
                            "value": 3686
                        }, 
                        {
                            "name": "Commercial bank, savings bank or association", 
                            "count": 98, 
                            "value": 24046
                        }, 
                        {
                            "name": "Life insurance co., credit union, finance co.", 
                            "count": 21, 
                            "value": 4642
                        }, 
                        {
                            "name": "Affiliate institution", 
                            "count": 14, 
                            "value": 2641
                        }, 
                        {
                            "name": "Other", 
                            "count": 489, 
                            "value": 114296
                        }
                    ]
                }, 
                {
                    "tractpctminorit": "10-19% minority", 
                    "purchasers": [
                        {
                            "name": "Fannie Mae", 
                            "count": 990, 
                            "value": 193625
                        }, 
                        {
                            "name": "Ginnie Mae", 
                            "count": 536, 
                            "value": 103368
                        }, 
                        {
                            "name": "Freddie Mac", 
                            "count": 870, 
                            "value": 166273
                        }, 
                        {
                            "name": "Farmer Mac", 
                            "count": 0, 
                            "value": 0
                        }, 
                        {
                            "name": "Private Securitization", 
                            "count": 62, 
                            "value": 13389
                        }, 
                        {
                            "name": "Commercial bank, savings bank or association", 
                            "count": 412, 
                            "value": 88709
                        }, 
                        {
                            "name": "Life insurance co., credit union, finance co.", 
                            "count": 134, 
                            "value": 28702
                        }, 
                        {
                            "name": "Affiliate institution", 
                            "count": 74, 
                            "value": 14556
                        }, 
                        {
                            "name": "Other", 
                            "count": 2466, 
                            "value": 522824
                        }
                    ]
                }, 
                {
                    "tractpctminorit": "20-49% minority", 
                    "purchasers": [
                        {
                            "name": "Fannie Mae", 
                            "count": 123, 
                            "value": 22833
                        }, 
                        {
                            "name": "Ginnie Mae", 
                            "count": 71, 
                            "value": 12044
                        }, 
                        {
                            "name": "Freddie Mac", 
                            "count": 111, 
                            "value": 20079
                        }, 
                        {
                            "name": "Farmer Mac", 
                            "count": 0, 
                            "value": 0
                        }, 
                        {
                            "name": "Private Securitization", 
                            "count": 7, 
                            "value": 1172
                        }, 
                        {
                            "name": "Commercial bank, savings bank or association", 
                            "count": 63, 
                            "value": 12130
                        }, 
                        {
                            "name": "Life insurance co., credit union, finance co.", 
                            "count": 20, 
                            "value": 3525
                        }, 
                        {
                            "name": "Affiliate institution", 
                            "count": 5, 
                            "value": 818
                        }, 
                        {
                            "name": "Other", 
                            "count": 334, 
                            "value": 54751
                        }
                    ]
                }, 
                {
                    "tractpctminorit": "50-79% minority", 
                    "purchasers": [
                        {
                            "name": "Fannie Mae", 
                            "count": 0, 
                            "value": 0
                        }, 
                        {
                            "name": "Ginnie Mae", 
                            "count": 0, 
                            "value": 0
                        }, 
                        {
                            "name": "Freddie Mac", 
                            "count": 0, 
                            "value": 0
                        }, 
                        {
                            "name": "Farmer Mac", 
                            "count": 0, 
                            "value": 0
                        }, 
                        {
                            "name": "Private Securitization", 
                            "count": 0, 
                            "value": 0
                        }, 
                        {
                            "name": "Commercial bank, savings bank or association", 
                            "count": 0, 
                            "value": 0
                        }, 
                        {
                            "name": "Life insurance co., credit union, finance co.", 
                            "count": 0, 
                            "value": 0
                        }, 
                        {
                            "name": "Affiliate institution", 
                            "count": 0, 
                            "value": 0
                        }, 
                        {
                            "name": "Other", 
                            "count": 0, 
                            "value": 0
                        }
                    ]
                }, 
                {
                    "tractpctminorit": "80-100% minority", 
                    "purchasers": [
                        {
                            "name": "Fannie Mae", 
                            "count": 0, 
                            "value": 0
                        }, 
                        {
                            "name": "Ginnie Mae", 
                            "count": 0, 
                            "value": 0
                        }, 
                        {
                            "name": "Freddie Mac", 
                            "count": 0, 
                            "value": 0
                        }, 
                        {
                            "name": "Farmer Mac", 
                            "count": 0, 
                            "value": 0
                        }, 
                        {
                            "name": "Private Securitization", 
                            "count": 0, 
                            "value": 0
                        }, 
                        {
                            "name": "Commercial bank, savings bank or association", 
                            "count": 0, 
                            "value": 0
                        }, 
                        {
                            "name": "Life insurance co., credit union, finance co.", 
                            "count": 0, 
                            "value": 0
                        }, 
                        {
                            "name": "Affiliate institution", 
                            "count": 0, 
                            "value": 0
                        }, 
                        {
                            "name": "Other", 
                            "count": 0, 
                            "value": 0
                        }
                    ]
                }
            ]
        }, 
        {
            "characteristic": "Income", 
            "incomelevel": [
                {
                    "incomeleve": "Low income", 
                    "purchasers": [
                        {
                            "name": "Fannie Mae", 
                            "count": 0, 
                            "value": 0
                        }, 
                        {
                            "name": "Ginnie Mae", 
                            "count": 0, 
                            "value": 0
                        }, 
                        {
                            "name": "Freddie Mac", 
                            "count": 0, 
                            "value": 0
                        }, 
                        {
                            "name": "Farmer Mac", 
                            "count": 0, 
                            "value": 0
                        }, 
                        {
                            "name": "Private Securitization", 
                            "count": 0, 
                            "value": 0
                        }, 
                        {
                            "name": "Commercial bank, savings bank or association", 
                            "count": 0, 
                            "value": 0
                        }, 
                        {
                            "name": "Life insurance co., credit union, finance co.", 
                            "count": 0, 
                            "value": 0
                        }, 
                        {
                            "name": "Affiliate institution", 
                            "count": 0, 
                            "value": 0
                        }, 
                        {
                            "name": "Other", 
                            "count": 0, 
                            "value": 0
                        }
                    ]
                }, 
                {
                    "incomeleve": "Moderate income", 
                    "purchasers": [
                        {
                            "name": "Fannie Mae", 
                            "count": 86, 
                            "value": 17613
                        }, 
                        {
                            "name": "Ginnie Mae", 
                            "count": 43, 
                            "value": 6741
                        }, 
                        {
                            "name": "Freddie Mac", 
                            "count": 60, 
                            "value": 13760
                        }, 
                        {
                            "name": "Farmer Mac", 
                            "count": 0, 
                            "value": 0
                        }, 
                        {
                            "name": "Private Securitization", 
                            "count": 6, 
                            "value": 995
                        }, 
                        {
                            "name": "Commercial bank, savings bank or association", 
                            "count": 33, 
                            "value": 6648
                        }, 
                        {
                            "name": "Life insurance co., credit union, finance co.", 
                            "count": 9, 
                            "value": 1959
                        }, 
                        {
                            "name": "Affiliate institution", 
                            "count": 6, 
                            "value": 957
                        }, 
                        {
                            "name": "Other", 
                            "count": 209, 
                            "value": 42050
                        }
                    ]
                }, 
                {
                    "incomeleve": "Middle income", 
                    "purchasers": [
                        {
                            "name": "Fannie Mae", 
                            "count": 962, 
                            "value": 191403
                        }, 
                        {
                            "name": "Ginnie Mae", 
                            "count": 442, 
                            "value": 82749
                        }, 
                        {
                            "name": "Freddie Mac", 
                            "count": 827, 
                            "value": 151833
                        }, 
                        {
                            "name": "Farmer Mac", 
                            "count": 0, 
                            "value": 0
                        }, 
                        {
                            "name": "Private Securitization", 
                            "count": 53, 
                            "value": 10864
                        }, 
                        {
                            "name": "Commercial bank, savings bank or association", 
                            "count": 398, 
                            "value": 84165
                        }, 
                        {
                            "name": "Life insurance co., credit union, finance co.", 
                            "count": 117, 
                            "value": 24262
                        }, 
                        {
                            "name": "Affiliate institution", 
                            "count": 56, 
                            "value": 10363
                        }, 
                        {
                            "name": "Other", 
                            "count": 2390, 
                            "value": 488447
                        }
                    ]
                }, 
                {
                    "incomeleve": "Upper income", 
                    "purchasers": [
                        {
                            "name": "Fannie Mae", 
                            "count": 342, 
                            "value": 71555
                        }, 
                        {
                            "name": "Ginnie Mae", 
                            "count": 180, 
                            "value": 39276
                        }, 
                        {
                            "name": "Freddie Mac", 
                            "count": 319, 
                            "value": 68086
                        }, 
                        {
                            "name": "Farmer Mac", 
                            "count": 0, 
                            "value": 0
                        }, 
                        {
                            "name": "Private Securitization", 
                            "count": 27, 
                            "value": 6388
                        }, 
                        {
                            "name": "Commercial bank, savings bank or association", 
                            "count": 142, 
                            "value": 34072
                        }, 
                        {
                            "name": "Life insurance co., credit union, finance co.", 
                            "count": 49, 
                            "value": 10648
                        }, 
                        {
                            "name": "Affiliate institution", 
                            "count": 31, 
                            "value": 6695
                        }, 
                        {
                            "name": "Other", 
                            "count": 690, 
                            "value": 161374
                        }
                    ]
                }
            ]
        }
    ], 
    "total": {
        "purchasers": [
            {
                "name": "Fannie Mae", 
                "count": 1390, 
                "value": 280571
            }, 
            {
                "name": "Ginnie Mae", 
                "count": 665, 
                "value": 128766
            }, 
            {
                "name": "Freddie Mac", 
                "count": 1206, 
                "value": 233679
            }, 
            {
                "name": "Farmer Mac", 
                "count": 0, 
                "value": 0
            }, 
            {
                "name": "Private Securitization", 
                "count": 86, 
                "value": 18247
            }, 
            {
                "name": "Commercial bank, savings bank or association", 
                "count": 573, 
                "value": 124885
            }, 
            {
                "name": "Life insurance co., credit union, finance co.", 
                "count": 175, 
                "value": 36869
            }, 
            {
                "name": "Affiliate institution", 
                "count": 93, 
                "value": 18015
            }, 
            {
                "name": "Other", 
                "count": 3289, 
                "value": 691871
            }
        ]
    }
}