{
    "table": "3-2", 
    "type": "Aggregate", 
    "desc": "Pricing Information for First and Junior Lien Loans Sold by Type of Purchaser (includes originations only)", 
    "year": "2013", 
    "report-date": "13/03/2015", 
    "msa": {
        "id": "36540", 
        "name": "Omaha-Council-Bluffs", 
        "state": "IA", 
        "state_name": "Iowa"
    }, 
    "pricinginformation": [
        {
            "pricing": "No reported pricing data", 
            "purchasers": [
                {
                    "name": "Fannie Mae", 
                    "firstliencount": 9132, 
                    "firstlienvalue": 1440541, 
                    "juniorliencount": 14, 
                    "juniorlienvalue": 99
                }, 
                {
                    "name": "Ginnie Mae", 
                    "firstliencount": 4165, 
                    "firstlienvalue": 686155, 
                    "juniorliencount": 0, 
                    "juniorlienvalue": 0
                }, 
                {
                    "name": "Freddie Mac", 
                    "firstliencount": 2644, 
                    "firstlienvalue": 433918, 
                    "juniorliencount": 0, 
                    "juniorlienvalue": 0
                }, 
                {
                    "name": "Farmer Mac", 
                    "firstliencount": 0, 
                    "firstlienvalue": 0, 
                    "juniorliencount": 0, 
                    "juniorlienvalue": 0
                }, 
                {
                    "name": "Private Securitization", 
                    "firstliencount": 60, 
                    "firstlienvalue": 11540, 
                    "juniorliencount": 0, 
                    "juniorlienvalue": 0
                }, 
                {
                    "name": "Commercial bank, savings bank or association", 
                    "firstliencount": 4555, 
                    "firstlienvalue": 759492, 
                    "juniorliencount": 182, 
                    "juniorlienvalue": 757
                }, 
                {
                    "name": "Life insurance co., credit union, finance co.", 
                    "firstliencount": 1503, 
                    "firstlienvalue": 255625, 
                    "juniorliencount": 11, 
                    "juniorlienvalue": 63
                }, 
                {
                    "name": "Affiliate institution", 
                    "firstliencount": 1278, 
                    "firstlienvalue": 159097, 
                    "juniorliencount": 0, 
                    "juniorlienvalue": 0
                }, 
                {
                    "name": "Other", 
                    "firstliencount": 19067, 
                    "firstlienvalue": 2963808, 
                    "juniorliencount": 1896, 
                    "juniorlienvalue": 77865
                }
            ]
        }, 
        {
            "pricing": "reported pricing data", 
            "purchasers": [
                {
                    "name": "Fannie Mae", 
                    "firstliencount": 97, 
                    "firstlienvalue": 9297, 
                    "juniorliencount": 0, 
                    "juniorlienvalue": 0
                }, 
                {
                    "name": "Ginnie Mae", 
                    "firstliencount": 153, 
                    "firstlienvalue": 19581, 
                    "juniorliencount": 0, 
                    "juniorlienvalue": 0
                }, 
                {
                    "name": "Freddie Mac", 
                    "firstliencount": 24, 
                    "firstlienvalue": 2192, 
                    "juniorliencount": 0, 
                    "juniorlienvalue": 0
                }, 
                {
                    "name": "Farmer Mac", 
                    "firstliencount": 0, 
                    "firstlienvalue": 0, 
                    "juniorliencount": 0, 
                    "juniorlienvalue": 0
                }, 
                {
                    "name": "Private Securitization", 
                    "firstliencount": 1, 
                    "firstlienvalue": 112, 
                    "juniorliencount": 0, 
                    "juniorlienvalue": 0
                }, 
                {
                    "name": "Commercial bank, savings bank or association", 
                    "firstliencount": 116, 
                    "firstlienvalue": 13985, 
                    "juniorliencount": 0, 
                    "juniorlienvalue": 0
                }, 
                {
                    "name": "Life insurance co., credit union, finance co.", 
                    "firstliencount": 38, 
                    "firstlienvalue": 4501, 
                    "juniorliencount": 1, 
                    "juniorlienvalue": 35
                }, 
                {
                    "name": "Affiliate institution", 
                    "firstliencount": 24, 
                    "firstlienvalue": 1980, 
                    "juniorliencount": 0, 
                    "juniorlienvalue": 0
                }, 
                {
                    "name": "Other", 
                    "firstliencount": 527, 
                    "firstlienvalue": 56489, 
                    "juniorliencount": 122, 
                    "juniorlienvalue": 4524
                }
            ]
        }
    ], 
    "points": [
        {
            "point": "1.50 - 1.99", 
            "purchasers": [
                {
                    "name": "Fannie Mae", 
                    "firstliencount": 76, 
                    "firstlienvalue": 7219, 
                    "juniorliencount": "NA", 
                    "juniorlienvalue": "NA"
                }, 
                {
                    "name": "Ginnie Mae", 
                    "firstliencount": 130, 
                    "firstlienvalue": 16714, 
                    "juniorliencount": "NA", 
                    "juniorlienvalue": "NA"
                }, 
                {
                    "name": "Freddie Mac", 
                    "firstliencount": 22, 
                    "firstlienvalue": 2030, 
                    "juniorliencount": "NA", 
                    "juniorlienvalue": "NA"
                }, 
                {
                    "name": "Farmer Mac", 
                    "firstliencount": 0, 
                    "firstlienvalue": 0, 
                    "juniorliencount": "NA", 
                    "juniorlienvalue": "NA"
                }, 
                {
                    "name": "Private Securitization", 
                    "firstliencount": 1, 
                    "firstlienvalue": 112, 
                    "juniorliencount": "NA", 
                    "juniorlienvalue": "NA"
                }, 
                {
                    "name": "Commercial bank, savings bank or association", 
                    "firstliencount": 97, 
                    "firstlienvalue": 11774, 
                    "juniorliencount": "NA", 
                    "juniorlienvalue": "NA"
                }, 
                {
                    "name": "Life insurance co., credit union, finance co.", 
                    "firstliencount": 29, 
                    "firstlienvalue": 3243, 
                    "juniorliencount": "NA", 
                    "juniorlienvalue": "NA"
                }, 
                {
                    "name": "Affiliate institution", 
                    "firstliencount": 23, 
                    "firstlienvalue": 1872, 
                    "juniorliencount": "NA", 
                    "juniorlienvalue": "NA"
                }, 
                {
                    "name": "Other", 
                    "firstliencount": 219, 
                    "firstlienvalue": 25716, 
                    "juniorliencount": "NA", 
                    "juniorlienvalue": "NA"
                }
            ]
        }, 
        {
            "point": "2.00 - 2.49", 
            "purchasers": [
                {
                    "name": "Fannie Mae", 
                    "firstliencount": 17, 
                    "firstlienvalue": 1688, 
                    "juniorliencount": "NA", 
                    "juniorlienvalue": "NA"
                }, 
                {
                    "name": "Ginnie Mae", 
                    "firstliencount": 15, 
                    "firstlienvalue": 1570, 
                    "juniorliencount": "NA", 
                    "juniorlienvalue": "NA"
                }, 
                {
                    "name": "Freddie Mac", 
                    "firstliencount": 2, 
                    "firstlienvalue": 162, 
                    "juniorliencount": "NA", 
                    "juniorlienvalue": "NA"
                }, 
                {
                    "name": "Farmer Mac", 
                    "firstliencount": 0, 
                    "firstlienvalue": 0, 
                    "juniorliencount": "NA", 
                    "juniorlienvalue": "NA"
                }, 
                {
                    "name": "Private Securitization", 
                    "firstliencount": 0, 
                    "firstlienvalue": 0, 
                    "juniorliencount": "NA", 
                    "juniorlienvalue": "NA"
                }, 
                {
                    "name": "Commercial bank, savings bank or association", 
                    "firstliencount": 18, 
                    "firstlienvalue": 2077, 
                    "juniorliencount": "NA", 
                    "juniorlienvalue": "NA"
                }, 
                {
                    "name": "Life insurance co., credit union, finance co.", 
                    "firstliencount": 5, 
                    "firstlienvalue": 551, 
                    "juniorliencount": "NA", 
                    "juniorlienvalue": "NA"
                }, 
                {
                    "name": "Affiliate institution", 
                    "firstliencount": 1, 
                    "firstlienvalue": 108, 
                    "juniorliencount": "NA", 
                    "juniorlienvalue": "NA"
                }, 
                {
                    "name": "Other", 
                    "firstliencount": 142, 
                    "firstlienvalue": 16588, 
                    "juniorliencount": "NA", 
                    "juniorlienvalue": "NA"
                }
            ]
        }, 
        {
            "point": "2.50 - 2.99", 
            "purchasers": [
                {
                    "name": "Fannie Mae", 
                    "firstliencount": 3, 
                    "firstlienvalue": 286, 
                    "juniorliencount": "NA", 
                    "juniorlienvalue": "NA"
                }, 
                {
                    "name": "Ginnie Mae", 
                    "firstliencount": 3, 
                    "firstlienvalue": 302, 
                    "juniorliencount": "NA", 
                    "juniorlienvalue": "NA"
                }, 
                {
                    "name": "Freddie Mac", 
                    "firstliencount": 0, 
                    "firstlienvalue": 0, 
                    "juniorliencount": "NA", 
                    "juniorlienvalue": "NA"
                }, 
                {
                    "name": "Farmer Mac", 
                    "firstliencount": 0, 
                    "firstlienvalue": 0, 
                    "juniorliencount": "NA", 
                    "juniorlienvalue": "NA"
                }, 
                {
                    "name": "Private Securitization", 
                    "firstliencount": 0, 
                    "firstlienvalue": 0, 
                    "juniorliencount": "NA", 
                    "juniorlienvalue": "NA"
                }, 
                {
                    "name": "Commercial bank, savings bank or association", 
                    "firstliencount": 0, 
                    "firstlienvalue": 0, 
                    "juniorliencount": "NA", 
                    "juniorlienvalue": "NA"
                }, 
                {
                    "name": "Life insurance co., credit union, finance co.", 
                    "firstliencount": 3, 
                    "firstlienvalue": 307, 
                    "juniorliencount": "NA", 
                    "juniorlienvalue": "NA"
                }, 
                {
                    "name": "Affiliate institution", 
                    "firstliencount": 0, 
                    "firstlienvalue": 0, 
                    "juniorliencount": "NA", 
                    "juniorlienvalue": "NA"
                }, 
                {
                    "name": "Other", 
                    "firstliencount": 61, 
                    "firstlienvalue": 6715, 
                    "juniorliencount": "NA", 
                    "juniorlienvalue": "NA"
                }
            ]
        }, 
        {
            "point": "3.00 - 3.49", 
            "purchasers": [
                {
                    "name": "Fannie Mae", 
                    "firstliencount": 1, 
                    "firstlienvalue": 104, 
                    "juniorliencount": "NA", 
                    "juniorlienvalue": "NA"
                }, 
                {
                    "name": "Ginnie Mae", 
                    "firstliencount": 2, 
                    "firstlienvalue": 452, 
                    "juniorliencount": "NA", 
                    "juniorlienvalue": "NA"
                }, 
                {
                    "name": "Freddie Mac", 
                    "firstliencount": 0, 
                    "firstlienvalue": 0, 
                    "juniorliencount": "NA", 
                    "juniorlienvalue": "NA"
                }, 
                {
                    "name": "Farmer Mac", 
                    "firstliencount": 0, 
                    "firstlienvalue": 0, 
                    "juniorliencount": "NA", 
                    "juniorlienvalue": "NA"
                }, 
                {
                    "name": "Private Securitization", 
                    "firstliencount": 0, 
                    "firstlienvalue": 0, 
                    "juniorliencount": "NA", 
                    "juniorlienvalue": "NA"
                }, 
                {
                    "name": "Commercial bank, savings bank or association", 
                    "firstliencount": 0, 
                    "firstlienvalue": 0, 
                    "juniorliencount": "NA", 
                    "juniorlienvalue": "NA"
                }, 
                {
                    "name": "Life insurance co., credit union, finance co.", 
                    "firstliencount": 1, 
                    "firstlienvalue": 400, 
                    "juniorliencount": "NA", 
                    "juniorlienvalue": "NA"
                }, 
                {
                    "name": "Affiliate institution", 
                    "firstliencount": 0, 
                    "firstlienvalue": 0, 
                    "juniorliencount": "NA", 
                    "juniorlienvalue": "NA"
                }, 
                {
                    "name": "Other", 
                    "firstliencount": 45, 
                    "firstlienvalue": 3815, 
                    "juniorliencount": "NA", 
                    "juniorlienvalue": "NA"
                }
            ]
        }, 
        {
            "point": "3.50 - 4.49", 
            "purchasers": [
                {
                    "name": "Fannie Mae", 
                    "firstliencount": 0, 
                    "firstlienvalue": 0, 
                    "juniorliencount": 0, 
                    "juniorlienvalue": 0
                }, 
                {
                    "name": "Ginnie Mae", 
                    "firstliencount": 3, 
                    "firstlienvalue": 543, 
                    "juniorliencount": 0, 
                    "juniorlienvalue": 0
                }, 
                {
                    "name": "Freddie Mac", 
                    "firstliencount": 0, 
                    "firstlienvalue": 0, 
                    "juniorliencount": 0, 
                    "juniorlienvalue": 0
                }, 
                {
                    "name": "Farmer Mac", 
                    "firstliencount": 0, 
                    "firstlienvalue": 0, 
                    "juniorliencount": 0, 
                    "juniorlienvalue": 0
                }, 
                {
                    "name": "Private Securitization", 
                    "firstliencount": 0, 
                    "firstlienvalue": 0, 
                    "juniorliencount": 0, 
                    "juniorlienvalue": 0
                }, 
                {
                    "name": "Commercial bank, savings bank or association", 
                    "firstliencount": 1, 
                    "firstlienvalue": 134, 
                    "juniorliencount": 0, 
                    "juniorlienvalue": 0
                }, 
                {
                    "name": "Life insurance co., credit union, finance co.", 
                    "firstliencount": 0, 
                    "firstlienvalue": 0, 
                    "juniorliencount": 1, 
                    "juniorlienvalue": 35
                }, 
                {
                    "name": "Affiliate institution", 
                    "firstliencount": 0, 
                    "firstlienvalue": 0, 
                    "juniorliencount": 0, 
                    "juniorlienvalue": 0
                }, 
                {
                    "name": "Other", 
                    "firstliencount": 45, 
                    "firstlienvalue": 3114, 
                    "juniorliencount": 59, 
                    "juniorlienvalue": 3128
                }
            ]
        }, 
        {
            "point": "4.50 - 5.49", 
            "purchasers": [
                {
                    "name": "Fannie Mae", 
                    "firstliencount": 0, 
                    "firstlienvalue": 0, 
                    "juniorliencount": 0, 
                    "juniorlienvalue": 0
                }, 
                {
                    "name": "Ginnie Mae", 
                    "firstliencount": 0, 
                    "firstlienvalue": 0, 
                    "juniorliencount": 0, 
                    "juniorlienvalue": 0
                }, 
                {
                    "name": "Freddie Mac", 
                    "firstliencount": 0, 
                    "firstlienvalue": 0, 
                    "juniorliencount": 0, 
                    "juniorlienvalue": 0
                }, 
                {
                    "name": "Farmer Mac", 
                    "firstliencount": 0, 
                    "firstlienvalue": 0, 
                    "juniorliencount": 0, 
                    "juniorlienvalue": 0
                }, 
                {
                    "name": "Private Securitization", 
                    "firstliencount": 0, 
                    "firstlienvalue": 0, 
                    "juniorliencount": 0, 
                    "juniorlienvalue": 0
                }, 
                {
                    "name": "Commercial bank, savings bank or association", 
                    "firstliencount": 0, 
                    "firstlienvalue": 0, 
                    "juniorliencount": 0, 
                    "juniorlienvalue": 0
                }, 
                {
                    "name": "Life insurance co., credit union, finance co.", 
                    "firstliencount": 0, 
                    "firstlienvalue": 0, 
                    "juniorliencount": 0, 
                    "juniorlienvalue": 0
                }, 
                {
                    "name": "Affiliate institution", 
                    "firstliencount": 0, 
                    "firstlienvalue": 0, 
                    "juniorliencount": 0, 
                    "juniorlienvalue": 0
                }, 
                {
                    "name": "Other", 
                    "firstliencount": 7, 
                    "firstlienvalue": 280, 
                    "juniorliencount": 23, 
                    "juniorlienvalue": 550
                }
            ]
        }, 
        {
            "point": "5.50 - 6.49", 
            "purchasers": [
                {
                    "name": "Fannie Mae", 
                    "firstliencount": 0, 
                    "firstlienvalue": 0, 
                    "juniorliencount": 0, 
                    "juniorlienvalue": 0
                }, 
                {
                    "name": "Ginnie Mae", 
                    "firstliencount": 0, 
                    "firstlienvalue": 0, 
                    "juniorliencount": 0, 
                    "juniorlienvalue": 0
                }, 
                {
                    "name": "Freddie Mac", 
                    "firstliencount": 0, 
                    "firstlienvalue": 0, 
                    "juniorliencount": 0, 
                    "juniorlienvalue": 0
                }, 
                {
                    "name": "Farmer Mac", 
                    "firstliencount": 0, 
                    "firstlienvalue": 0, 
                    "juniorliencount": 0, 
                    "juniorlienvalue": 0
                }, 
                {
                    "name": "Private Securitization", 
                    "firstliencount": 0, 
                    "firstlienvalue": 0, 
                    "juniorliencount": 0, 
                    "juniorlienvalue": 0
                }, 
                {
                    "name": "Commercial bank, savings bank or association", 
                    "firstliencount": 0, 
                    "firstlienvalue": 0, 
                    "juniorliencount": 0, 
                    "juniorlienvalue": 0
                }, 
                {
                    "name": "Life insurance co., credit union, finance co.", 
                    "firstliencount": 0, 
                    "firstlienvalue": 0, 
                    "juniorliencount": 0, 
                    "juniorlienvalue": 0
                }, 
                {
                    "name": "Affiliate institution", 
                    "firstliencount": 0, 
                    "firstlienvalue": 0, 
                    "juniorliencount": 0, 
                    "juniorlienvalue": 0
                }, 
                {
                    "name": "Other", 
                    "firstliencount": 5, 
                    "firstlienvalue": 162, 
                    "juniorliencount": 16, 
                    "juniorlienvalue": 354
                }
            ]
        }, 
        {
            "point": "6.5 or more", 
            "purchasers": [
                {
                    "name": "Fannie Mae", 
                    "firstliencount": 0, 
                    "firstlienvalue": 0, 
                    "juniorliencount": 0, 
                    "juniorlienvalue": 0
                }, 
                {
                    "name": "Ginnie Mae", 
                    "firstliencount": 0, 
                    "firstlienvalue": 0, 
                    "juniorliencount": 0, 
                    "juniorlienvalue": 0
                }, 
                {
                    "name": "Freddie Mac", 
                    "firstliencount": 0, 
                    "firstlienvalue": 0, 
                    "juniorliencount": 0, 
                    "juniorlienvalue": 0
                }, 
                {
                    "name": "Farmer Mac", 
                    "firstliencount": 0, 
                    "firstlienvalue": 0, 
                    "juniorliencount": 0, 
                    "juniorlienvalue": 0
                }, 
                {
                    "name": "Private Securitization", 
                    "firstliencount": 0, 
                    "firstlienvalue": 0, 
                    "juniorliencount": 0, 
                    "juniorlienvalue": 0
                }, 
                {
                    "name": "Commercial bank, savings bank or association", 
                    "firstliencount": 0, 
                    "firstlienvalue": 0, 
                    "juniorliencount": 0, 
                    "juniorlienvalue": 0
                }, 
                {
                    "name": "Life insurance co., credit union, finance co.", 
                    "firstliencount": 0, 
                    "firstlienvalue": 0, 
                    "juniorliencount": 0, 
                    "juniorlienvalue": 0
                }, 
                {
                    "name": "Affiliate institution", 
                    "firstliencount": 0, 
                    "firstlienvalue": 0, 
                    "juniorliencount": 0, 
                    "juniorlienvalue": 0
                }, 
                {
                    "name": "Other", 
                    "firstliencount": 3, 
                    "firstlienvalue": 99, 
                    "juniorliencount": 24, 
                    "juniorlienvalue": 492
                }
            ]
        }, 
        {
            "point": "Mean", 
            "purchasers": [
                {
                    "name": "Fannie Mae", 
                    "firstliencount": 1.81, 
                    "firstlienvalue": 1.8, 
                    "juniorliencount": 0, 
                    "juniorlienvalue": 0
                }, 
                {
                    "name": "Ginnie Mae", 
                    "firstliencount": 1.8, 
                    "firstlienvalue": 1.81, 
                    "juniorliencount": 0, 
                    "juniorlienvalue": 0
                }, 
                {
                    "name": "Freddie Mac", 
                    "firstliencount": 1.75, 
                    "firstlienvalue": 1.74, 
                    "juniorliencount": 0, 
                    "juniorlienvalue": 0
                }, 
                {
                    "name": "Farmer Mac", 
                    "firstliencount": 0, 
                    "firstlienvalue": 0, 
                    "juniorliencount": 0, 
                    "juniorlienvalue": 0
                }, 
                {
                    "name": "Private Securitization", 
                    "firstliencount": 1.51, 
                    "firstlienvalue": 1.51, 
                    "juniorliencount": 0, 
                    "juniorlienvalue": 0
                }, 
                {
                    "name": "Commercial bank, savings bank or association", 
                    "firstliencount": 1.8, 
                    "firstlienvalue": 1.8, 
                    "juniorliencount": 0, 
                    "juniorlienvalue": 0
                }, 
                {
                    "name": "Life insurance co., credit union, finance co.", 
                    "firstliencount": 1.95, 
                    "firstlienvalue": 2.04, 
                    "juniorliencount": 3.93, 
                    "juniorlienvalue": 3.93
                }, 
                {
                    "name": "Affiliate institution", 
                    "firstliencount": 1.65, 
                    "firstlienvalue": 1.66, 
                    "juniorliencount": 0, 
                    "juniorlienvalue": 0
                }, 
                {
                    "name": "Other", 
                    "firstliencount": 2.4, 
                    "firstlienvalue": 2.24, 
                    "juniorliencount": 5.2, 
                    "juniorlienvalue": 5.9
                }
            ]
        }, 
        {
            "point": "Median", 
            "purchasers": [
                {
                    "name": "Fannie Mae", 
                    "firstliencount": 1.72, 
                    "firstlienvalue": 1.72, 
                    "juniorliencount": 0, 
                    "juniorlienvalue": 0
                }, 
                {
                    "name": "Ginnie Mae", 
                    "firstliencount": 1.68, 
                    "firstlienvalue": 1.68, 
                    "juniorliencount": 0, 
                    "juniorlienvalue": 0
                }, 
                {
                    "name": "Freddie Mac", 
                    "firstliencount": 1.73, 
                    "firstlienvalue": 1.74, 
                    "juniorliencount": 0, 
                    "juniorlienvalue": 0
                }, 
                {
                    "name": "Farmer Mac", 
                    "firstliencount": 0, 
                    "firstlienvalue": 0, 
                    "juniorliencount": 0, 
                    "juniorlienvalue": 0
                }, 
                {
                    "name": "Private Securitization", 
                    "firstliencount": 1.51, 
                    "firstlienvalue": 1.51, 
                    "juniorliencount": 0, 
                    "juniorlienvalue": 0
                }, 
                {
                    "name": "Commercial bank, savings bank or association", 
                    "firstliencount": 1.74, 
                    "firstlienvalue": 1.74, 
                    "juniorliencount": 0, 
                    "juniorlienvalue": 0
                }, 
                {
                    "name": "Life insurance co., credit union, finance co.", 
                    "firstliencount": 1.86, 
                    "firstlienvalue": 1.87, 
                    "juniorliencount": 3.93, 
                    "juniorlienvalue": 3.93
                }, 
                {
                    "name": "Affiliate institution", 
                    "firstliencount": 1.61, 
                    "firstlienvalue": 1.62, 
                    "juniorliencount": 0, 
                    "juniorlienvalue": 0
                }, 
                {
                    "name": "Other", 
                    "firstliencount": 2.13, 
                    "firstlienvalue": 2.09, 
                    "juniorliencount": 4.52, 
                    "juniorlienvalue": 3.9
                }
            ]
        }
    ], 
    "hoepa": {
        "pricing": "hoepa loans", 
        "purchasers": [
            {
                "name": "Fannie Mae", 
                "firstliencount": 0, 
                "firstlienvalue": 0, 
                "juniorliencount": 0, 
                "juniorlienvalue": 0
            }, 
            {
                "name": "Ginnie Mae", 
                "firstliencount": 0, 
                "firstlienvalue": 0, 
                "juniorliencount": 0, 
                "juniorlienvalue": 0
            }, 
            {
                "name": "Freddie Mac", 
                "firstliencount": 0, 
                "firstlienvalue": 0, 
                "juniorliencount": 0, 
                "juniorlienvalue": 0
            }, 
            {
                "name": "Farmer Mac", 
                "firstliencount": 0, 
                "firstlienvalue": 0, 
                "juniorliencount": 0, 
                "juniorlienvalue": 0
            }, 
            {
                "name": "Private Securitization", 
                "firstliencount": 0, 
                "firstlienvalue": 0, 
                "juniorliencount": 0, 
                "juniorlienvalue": 0
            }, 
            {
                "name": "Commercial bank, savings bank or association", 
                "firstliencount": 0, 
                "firstlienvalue": 0, 
                "juniorliencount": 0, 
                "juniorlienvalue": 0
            }, 
            {
                "name": "Life insurance co., credit union, finance co.", 
                "firstliencount": 0, 
                "firstlienvalue": 0, 
                "juniorliencount": 0, 
                "juniorlienvalue": 0
            }, 
            {
                "name": "Affiliate institution", 
                "firstliencount": 0, 
                "firstlienvalue": 0, 
                "juniorliencount": 0, 
                "juniorlienvalue": 0
            }, 
            {
                "name": "Other", 
                "firstliencount": 5, 
                "firstlienvalue": 252, 
                "juniorliencount": 7, 
                "juniorlienvalue": 118
            }
        ]
    }
}