{
    "table": "3-1", 
    "type": "aggregate", 
    "desc": "Loans sold. By characteristics of borrower and census tract in which property is located and by type of purchaser (includes originations and purchased loans).", 
    "year": "2012", 
    "msa": {
        "id": "45940", 
        "name": "Trenton-Ewing", 
        "state": "NJ", 
        "state_name": "New Jersey"
    }, 
    "borrowercharacteristics": [
        {
            "characteristic": "Race", 
            "races": [
                {
                    "race": "American Indian/Alaska Native", 
                    "purchasers": [
                        {
                            "name": "Fannie Mae", 
                            "count": 0, 
                            "value": 0
                        }, 
                        {
                            "name": "Ginnie Mae", 
                            "count": 0, 
                            "value": 0
                        }, 
                        {
                            "name": "Freddie Mac", 
                            "count": 0, 
                            "value": 0
                        }, 
                        {
                            "name": "Farmer Mac", 
                            "count": 0, 
                            "value": 0
                        }, 
                        {
                            "name": "Private Securitization", 
                            "count": 0, 
                            "value": 0
                        }, 
                        {
                            "name": "Commercial bank, savings bank or association", 
                            "count": 0, 
                            "value": 0
                        }, 
                        {
                            "name": "Life insurance co., credit union, finance co.", 
                            "count": 0, 
                            "value": 0
                        }, 
                        {
                            "name": "Affiliate institution", 
                            "count": 0, 
                            "value": 0
                        }, 
                        {
                            "name": "Other", 
                            "count": 0, 
                            "value": 0
                        }
                    ]
                }, 
                {
                    "race": "Asian", 
                    "purchasers": [
                        {
                            "name": "Fannie Mae", 
                            "count": 1, 
                            "value": 279.0
                        }, 
                        {
                            "name": "Ginnie Mae", 
                            "count": 1, 
                            "value": 268.0
                        }, 
                        {
                            "name": "Freddie Mac", 
                            "count": 0, 
                            "value": 0
                        }, 
                        {
                            "name": "Farmer Mac", 
                            "count": 0, 
                            "value": 0
                        }, 
                        {
                            "name": "Private Securitization", 
                            "count": 0, 
                            "value": 0
                        }, 
                        {
                            "name": "Commercial bank, savings bank or association", 
                            "count": 0, 
                            "value": 0
                        }, 
                        {
                            "name": "Life insurance co., credit union, finance co.", 
                            "count": 0, 
                            "value": 0
                        }, 
                        {
                            "name": "Affiliate institution", 
                            "count": 0, 
                            "value": 0
                        }, 
                        {
                            "name": "Other", 
                            "count": 10, 
                            "value": 3433.0
                        }
                    ]
                }, 
                {
                    "race": "Black or African American", 
                    "purchasers": [
                        {
                            "name": "Fannie Mae", 
                            "count": 268, 
                            "value": 81097.0
                        }, 
                        {
                            "name": "Ginnie Mae", 
                            "count": 21, 
                            "value": 6202.0
                        }, 
                        {
                            "name": "Freddie Mac", 
                            "count": 137, 
                            "value": 39172.0
                        }, 
                        {
                            "name": "Farmer Mac", 
                            "count": 0, 
                            "value": 0
                        }, 
                        {
                            "name": "Private Securitization", 
                            "count": 7, 
                            "value": 2476.0
                        }, 
                        {
                            "name": "Commercial bank, savings bank or association", 
                            "count": 143, 
                            "value": 52274.0
                        }, 
                        {
                            "name": "Life insurance co., credit union, finance co.", 
                            "count": 13, 
                            "value": 4075.0
                        }, 
                        {
                            "name": "Affiliate institution", 
                            "count": 20, 
                            "value": 7959.0
                        }, 
                        {
                            "name": "Other", 
                            "count": 649, 
                            "value": 225618.0
                        }
                    ]
                }, 
                {
                    "race": "Native Hawaiian or Pacific Islander", 
                    "purchasers": [
                        {
                            "name": "Fannie Mae", 
                            "count": 32, 
                            "value": 6103.0
                        }, 
                        {
                            "name": "Ginnie Mae", 
                            "count": 44, 
                            "value": 9183.0
                        }, 
                        {
                            "name": "Freddie Mac", 
                            "count": 19, 
                            "value": 3986.0
                        }, 
                        {
                            "name": "Farmer Mac", 
                            "count": 0, 
                            "value": 0
                        }, 
                        {
                            "name": "Private Securitization", 
                            "count": 3, 
                            "value": 572.0
                        }, 
                        {
                            "name": "Commercial bank, savings bank or association", 
                            "count": 10, 
                            "value": 2434.0
                        }, 
                        {
                            "name": "Life insurance co., credit union, finance co.", 
                            "count": 7, 
                            "value": 1928.0
                        }, 
                        {
                            "name": "Affiliate institution", 
                            "count": 9, 
                            "value": 1974.0
                        }, 
                        {
                            "name": "Other", 
                            "count": 227, 
                            "value": 43963.0
                        }
                    ]
                }, 
                {
                    "race": "White", 
                    "purchasers": [
                        {
                            "name": "Fannie Mae", 
                            "count": 3, 
                            "value": 671.0
                        }, 
                        {
                            "name": "Ginnie Mae", 
                            "count": 3, 
                            "value": 672.0
                        }, 
                        {
                            "name": "Freddie Mac", 
                            "count": 2, 
                            "value": 370.0
                        }, 
                        {
                            "name": "Farmer Mac", 
                            "count": 0, 
                            "value": 0
                        }, 
                        {
                            "name": "Private Securitization", 
                            "count": 0, 
                            "value": 0
                        }, 
                        {
                            "name": "Commercial bank, savings bank or association", 
                            "count": 3, 
                            "value": 948.0
                        }, 
                        {
                            "name": "Life insurance co., credit union, finance co.", 
                            "count": 6, 
                            "value": 1552.0
                        }, 
                        {
                            "name": "Affiliate institution", 
                            "count": 0, 
                            "value": 0
                        }, 
                        {
                            "name": "Other", 
                            "count": 14, 
                            "value": 3044.0
                        }
                    ]
                }, 
                {
                    "race": "2 or more minority races", 
                    "purchasers": [
                        {
                            "name": "Fannie Mae", 
                            "count": 1430, 
                            "value": 344626.0
                        }, 
                        {
                            "name": "Ginnie Mae", 
                            "count": 412, 
                            "value": 103086.0
                        }, 
                        {
                            "name": "Freddie Mac", 
                            "count": 668, 
                            "value": 160917.0
                        }, 
                        {
                            "name": "Farmer Mac", 
                            "count": 0, 
                            "value": 0
                        }, 
                        {
                            "name": "Private Securitization", 
                            "count": 71, 
                            "value": 17709.0
                        }, 
                        {
                            "name": "Commercial bank, savings bank or association", 
                            "count": 461, 
                            "value": 130982.0
                        }, 
                        {
                            "name": "Life insurance co., credit union, finance co.", 
                            "count": 119, 
                            "value": 33003.0
                        }, 
                        {
                            "name": "Affiliate institution", 
                            "count": 84, 
                            "value": 20782.0
                        }, 
                        {
                            "name": "Other", 
                            "count": 3585, 
                            "value": 942379.0
                        }
                    ]
                }, 
                {
                    "race": "Joint", 
                    "purchasers": [
                        {
                            "name": "Fannie Mae", 
                            "count": 248, 
                            "value": 65777.0
                        }, 
                        {
                            "name": "Ginnie Mae", 
                            "count": 70, 
                            "value": 18674.0
                        }, 
                        {
                            "name": "Freddie Mac", 
                            "count": 97, 
                            "value": 23783.0
                        }, 
                        {
                            "name": "Farmer Mac", 
                            "count": 0, 
                            "value": 0
                        }, 
                        {
                            "name": "Private Securitization", 
                            "count": 10, 
                            "value": 2416.0
                        }, 
                        {
                            "name": "Commercial bank, savings bank or association", 
                            "count": 72, 
                            "value": 21120.0
                        }, 
                        {
                            "name": "Life insurance co., credit union, finance co.", 
                            "count": 41, 
                            "value": 11111.0
                        }, 
                        {
                            "name": "Affiliate institution", 
                            "count": 25, 
                            "value": 10055.0
                        }, 
                        {
                            "name": "Other", 
                            "count": 823, 
                            "value": 242599.0
                        }
                    ]
                }, 
                {
                    "race": "Not Provided", 
                    "purchasers": [
                        {
                            "name": "Fannie Mae", 
                            "count": 547, 
                            "value": 139541.0
                        }, 
                        {
                            "name": "Ginnie Mae", 
                            "count": 111, 
                            "value": 30481.0
                        }, 
                        {
                            "name": "Freddie Mac", 
                            "count": 240, 
                            "value": 62344.0
                        }, 
                        {
                            "name": "Farmer Mac", 
                            "count": 0, 
                            "value": 0
                        }, 
                        {
                            "name": "Private Securitization", 
                            "count": 20, 
                            "value": 2886.0
                        }, 
                        {
                            "name": "Commercial bank, savings bank or association", 
                            "count": 46, 
                            "value": 11770.0
                        }, 
                        {
                            "name": "Life insurance co., credit union, finance co.", 
                            "count": 7, 
                            "value": 1445.0
                        }, 
                        {
                            "name": "Affiliate institution", 
                            "count": 96, 
                            "value": 29063.0
                        }, 
                        {
                            "name": "Other", 
                            "count": 402, 
                            "value": 85306.0
                        }
                    ]
                }, 
                {
                    "race": "Not Applicable", 
                    "purchasers": [
                        {
                            "name": "Fannie Mae", 
                            "count": 1767, 
                            "value": 387844.0
                        }, 
                        {
                            "name": "Ginnie Mae", 
                            "count": 716, 
                            "value": 146342.0
                        }, 
                        {
                            "name": "Freddie Mac", 
                            "count": 791, 
                            "value": 179173.0
                        }, 
                        {
                            "name": "Farmer Mac", 
                            "count": 0, 
                            "value": 0
                        }, 
                        {
                            "name": "Private Securitization", 
                            "count": 44, 
                            "value": 8553.0
                        }, 
                        {
                            "name": "Commercial bank, savings bank or association", 
                            "count": 689, 
                            "value": 178437.0
                        }, 
                        {
                            "name": "Life insurance co., credit union, finance co.", 
                            "count": 209, 
                            "value": 48338.0
                        }, 
                        {
                            "name": "Affiliate institution", 
                            "count": 180, 
                            "value": 45272.0
                        }, 
                        {
                            "name": "Other", 
                            "count": 5480, 
                            "value": 1185014.0
                        }
                    ]
                }, 
                {
                    "race": "No co-applicant", 
                    "purchasers": [
                        {
                            "name": "Fannie Mae", 
                            "count": 0, 
                            "value": 0
                        }, 
                        {
                            "name": "Ginnie Mae", 
                            "count": 0, 
                            "value": 0
                        }, 
                        {
                            "name": "Freddie Mac", 
                            "count": 0, 
                            "value": 0
                        }, 
                        {
                            "name": "Farmer Mac", 
                            "count": 0, 
                            "value": 0
                        }, 
                        {
                            "name": "Private Securitization", 
                            "count": 0, 
                            "value": 0
                        }, 
                        {
                            "name": "Commercial bank, savings bank or association", 
                            "count": 0, 
                            "value": 0
                        }, 
                        {
                            "name": "Life insurance co., credit union, finance co.", 
                            "count": 0, 
                            "value": 0
                        }, 
                        {
                            "name": "Affiliate institution", 
                            "count": 0, 
                            "value": 0
                        }, 
                        {
                            "name": "Other", 
                            "count": 0, 
                            "value": 0
                        }
                    ]
                }
            ]
        }, 
        {
            "characteristic": "Ethnicity", 
            "ethnicities": [
                {
                    "ethnicitie": "Hispanic or Latino", 
                    "purchasers": [
                        {
                            "name": "Fannie Mae", 
                            "count": 49, 
                            "value": 9294
                        }, 
                        {
                            "name": "Ginnie Mae", 
                            "count": 35, 
                            "value": 6195
                        }, 
                        {
                            "name": "Freddie Mac", 
                            "count": 14, 
                            "value": 3117
                        }, 
                        {
                            "name": "Farmer Mac", 
                            "count": 0, 
                            "value": 0
                        }, 
                        {
                            "name": "Private Securitization", 
                            "count": 0, 
                            "value": 0
                        }, 
                        {
                            "name": "Commercial bank, savings bank or association", 
                            "count": 20, 
                            "value": 4236
                        }, 
                        {
                            "name": "Life insurance co., credit union, finance co.", 
                            "count": 4, 
                            "value": 843
                        }, 
                        {
                            "name": "Affiliate institution", 
                            "count": 2, 
                            "value": 501
                        }, 
                        {
                            "name": "Other", 
                            "count": 193, 
                            "value": 35632
                        }
                    ]
                }, 
                {
                    "ethnicitie": "Not Hispanic or Latino", 
                    "purchasers": [
                        {
                            "name": "Fannie Mae", 
                            "count": 3130, 
                            "value": 743117
                        }, 
                        {
                            "name": "Ginnie Mae", 
                            "count": 982, 
                            "value": 226559
                        }, 
                        {
                            "name": "Freddie Mac", 
                            "count": 1476, 
                            "value": 352615
                        }, 
                        {
                            "name": "Farmer Mac", 
                            "count": 0, 
                            "value": 0
                        }, 
                        {
                            "name": "Private Securitization", 
                            "count": 113, 
                            "value": 26593
                        }, 
                        {
                            "name": "Commercial bank, savings bank or association", 
                            "count": 1195, 
                            "value": 340063
                        }, 
                        {
                            "name": "Life insurance co., credit union, finance co.", 
                            "count": 340, 
                            "value": 86811
                        }, 
                        {
                            "name": "Affiliate institution", 
                            "count": 200, 
                            "value": 51251
                        }, 
                        {
                            "name": "Other", 
                            "count": 8477, 
                            "value": 2072821
                        }
                    ]
                }, 
                {
                    "ethnicitie": "Not provided", 
                    "purchasers": [
                        {
                            "name": "Fannie Mae", 
                            "count": 119, 
                            "value": 22971
                        }, 
                        {
                            "name": "Ginnie Mae", 
                            "count": 130, 
                            "value": 23145
                        }, 
                        {
                            "name": "Freddie Mac", 
                            "count": 42, 
                            "value": 8309
                        }, 
                        {
                            "name": "Farmer Mac", 
                            "count": 0, 
                            "value": 0
                        }, 
                        {
                            "name": "Private Securitization", 
                            "count": 6, 
                            "value": 1421
                        }, 
                        {
                            "name": "Commercial bank, savings bank or association", 
                            "count": 47, 
                            "value": 9886
                        }, 
                        {
                            "name": "Life insurance co., credit union, finance co.", 
                            "count": 20, 
                            "value": 4516
                        }, 
                        {
                            "name": "Affiliate institution", 
                            "count": 10, 
                            "value": 2518
                        }, 
                        {
                            "name": "Other", 
                            "count": 550, 
                            "value": 99241
                        }
                    ]
                }, 
                {
                    "ethnicitie": "Not applicable", 
                    "purchasers": [
                        {
                            "name": "Fannie Mae", 
                            "count": 998, 
                            "value": 250556
                        }, 
                        {
                            "name": "Ginnie Mae", 
                            "count": 231, 
                            "value": 59009
                        }, 
                        {
                            "name": "Freddie Mac", 
                            "count": 422, 
                            "value": 105704
                        }, 
                        {
                            "name": "Farmer Mac", 
                            "count": 0, 
                            "value": 0
                        }, 
                        {
                            "name": "Private Securitization", 
                            "count": 36, 
                            "value": 6598
                        }, 
                        {
                            "name": "Commercial bank, savings bank or association", 
                            "count": 162, 
                            "value": 43780
                        }, 
                        {
                            "name": "Life insurance co., credit union, finance co.", 
                            "count": 38, 
                            "value": 9282
                        }, 
                        {
                            "name": "Affiliate institution", 
                            "count": 202, 
                            "value": 60835
                        }, 
                        {
                            "name": "Other", 
                            "count": 1970, 
                            "value": 523662
                        }
                    ]
                }, 
                {
                    "ethnicitie": "No co-applicant", 
                    "purchasers": [
                        {
                            "name": "Fannie Mae", 
                            "count": 0, 
                            "value": 0
                        }, 
                        {
                            "name": "Ginnie Mae", 
                            "count": 0, 
                            "value": 0
                        }, 
                        {
                            "name": "Freddie Mac", 
                            "count": 0, 
                            "value": 0
                        }, 
                        {
                            "name": "Farmer Mac", 
                            "count": 0, 
                            "value": 0
                        }, 
                        {
                            "name": "Private Securitization", 
                            "count": 0, 
                            "value": 0
                        }, 
                        {
                            "name": "Commercial bank, savings bank or association", 
                            "count": 0, 
                            "value": 0
                        }, 
                        {
                            "name": "Life insurance co., credit union, finance co.", 
                            "count": 0, 
                            "value": 0
                        }, 
                        {
                            "name": "Affiliate institution", 
                            "count": 0, 
                            "value": 0
                        }, 
                        {
                            "name": "Other", 
                            "count": 0, 
                            "value": 0
                        }
                    ]
                }
            ]
        }, 
        {
            "characteristic": "Minority Status", 
            "minoritystatuses": [
                {
                    "minoritystatuse": "White Non-Hispanic", 
                    "purchasers": [
                        {
                            "name": "Fannie Mae", 
                            "count": 3339, 
                            "value": 781033
                        }, 
                        {
                            "name": "Ginnie Mae", 
                            "count": 998, 
                            "value": 239934
                        }, 
                        {
                            "name": "Freddie Mac", 
                            "count": 1513, 
                            "value": 354989
                        }, 
                        {
                            "name": "Farmer Mac", 
                            "count": 0, 
                            "value": 0
                        }, 
                        {
                            "name": "Private Securitization", 
                            "count": 137, 
                            "value": 29973
                        }, 
                        {
                            "name": "Commercial bank, savings bank or association", 
                            "count": 912, 
                            "value": 242184
                        }, 
                        {
                            "name": "Life insurance co., credit union, finance co.", 
                            "count": 293, 
                            "value": 73562
                        }, 
                        {
                            "name": "Affiliate institution", 
                            "count": 345, 
                            "value": 95849
                        }, 
                        {
                            "name": "Other", 
                            "count": 8173, 
                            "value": 2027243
                        }
                    ]
                }, 
                {
                    "minoritystatuse": "Others, Including Hispanic", 
                    "purchasers": [
                        {
                            "name": "Fannie Mae", 
                            "count": 957, 
                            "value": 244905
                        }, 
                        {
                            "name": "Ginnie Mae", 
                            "count": 380, 
                            "value": 74974
                        }, 
                        {
                            "name": "Freddie Mac", 
                            "count": 441, 
                            "value": 114756
                        }, 
                        {
                            "name": "Farmer Mac", 
                            "count": 0, 
                            "value": 0
                        }, 
                        {
                            "name": "Private Securitization", 
                            "count": 18, 
                            "value": 4639
                        }, 
                        {
                            "name": "Commercial bank, savings bank or association", 
                            "count": 512, 
                            "value": 155781
                        }, 
                        {
                            "name": "Life insurance co., credit union, finance co.", 
                            "count": 109, 
                            "value": 27890
                        }, 
                        {
                            "name": "Affiliate institution", 
                            "count": 69, 
                            "value": 19256
                        }, 
                        {
                            "name": "Other", 
                            "count": 3017, 
                            "value": 704113
                        }
                    ]
                }
            ]
        }, 
        {
            "characteristic": "Applicant Income", 
            "applicantincomes": [
                {
                    "applicantincome": "Less than 50% of MSA/MD median", 
                    "purchasers": [
                        {
                            "name": "Fannie Mae", 
                            "count": 260, 
                            "value": 32927
                        }, 
                        {
                            "name": "Ginnie Mae", 
                            "count": 138, 
                            "value": 17076
                        }, 
                        {
                            "name": "Freddie Mac", 
                            "count": 116, 
                            "value": 15363
                        }, 
                        {
                            "name": "Farmer Mac", 
                            "count": 0, 
                            "value": 0
                        }, 
                        {
                            "name": "Private Securitization", 
                            "count": 8, 
                            "value": 887
                        }, 
                        {
                            "name": "Commercial bank, savings bank or association", 
                            "count": 80, 
                            "value": 10403
                        }, 
                        {
                            "name": "Life insurance co., credit union, finance co.", 
                            "count": 20, 
                            "value": 2751
                        }, 
                        {
                            "name": "Affiliate institution", 
                            "count": 18, 
                            "value": 2115
                        }, 
                        {
                            "name": "Other", 
                            "count": 1255, 
                            "value": 136519
                        }
                    ]
                }, 
                {
                    "applicantincome": "50-79% of MSA/MD median", 
                    "purchasers": [
                        {
                            "name": "Fannie Mae", 
                            "count": 624, 
                            "value": 103190
                        }, 
                        {
                            "name": "Ginnie Mae", 
                            "count": 245, 
                            "value": 45544
                        }, 
                        {
                            "name": "Freddie Mac", 
                            "count": 244, 
                            "value": 38954
                        }, 
                        {
                            "name": "Farmer Mac", 
                            "count": 0, 
                            "value": 0
                        }, 
                        {
                            "name": "Private Securitization", 
                            "count": 27, 
                            "value": 4488
                        }, 
                        {
                            "name": "Commercial bank, savings bank or association", 
                            "count": 191, 
                            "value": 34117
                        }, 
                        {
                            "name": "Life insurance co., credit union, finance co.", 
                            "count": 84, 
                            "value": 16505
                        }, 
                        {
                            "name": "Affiliate institution", 
                            "count": 38, 
                            "value": 5988
                        }, 
                        {
                            "name": "Other", 
                            "count": 2033, 
                            "value": 298613
                        }
                    ]
                }, 
                {
                    "applicantincome": "80-99% of MSA/MD median", 
                    "purchasers": [
                        {
                            "name": "Fannie Mae", 
                            "count": 475, 
                            "value": 94520
                        }, 
                        {
                            "name": "Ginnie Mae", 
                            "count": 114, 
                            "value": 25573
                        }, 
                        {
                            "name": "Freddie Mac", 
                            "count": 211, 
                            "value": 44609
                        }, 
                        {
                            "name": "Farmer Mac", 
                            "count": 0, 
                            "value": 0
                        }, 
                        {
                            "name": "Private Securitization", 
                            "count": 21, 
                            "value": 4016
                        }, 
                        {
                            "name": "Commercial bank, savings bank or association", 
                            "count": 148, 
                            "value": 33709
                        }, 
                        {
                            "name": "Life insurance co., credit union, finance co.", 
                            "count": 49, 
                            "value": 10403
                        }, 
                        {
                            "name": "Affiliate institution", 
                            "count": 44, 
                            "value": 8581
                        }, 
                        {
                            "name": "Other", 
                            "count": 1154, 
                            "value": 213259
                        }
                    ]
                }, 
                {
                    "applicantincome": "100-119% of MSA/MD median", 
                    "purchasers": [
                        {
                            "name": "Fannie Mae", 
                            "count": 494, 
                            "value": 115423
                        }, 
                        {
                            "name": "Ginnie Mae", 
                            "count": 104, 
                            "value": 27602
                        }, 
                        {
                            "name": "Freddie Mac", 
                            "count": 242, 
                            "value": 55961
                        }, 
                        {
                            "name": "Farmer Mac", 
                            "count": 0, 
                            "value": 0
                        }, 
                        {
                            "name": "Private Securitization", 
                            "count": 19, 
                            "value": 3904
                        }, 
                        {
                            "name": "Commercial bank, savings bank or association", 
                            "count": 176, 
                            "value": 46012
                        }, 
                        {
                            "name": "Life insurance co., credit union, finance co.", 
                            "count": 44, 
                            "value": 11579
                        }, 
                        {
                            "name": "Affiliate institution", 
                            "count": 46, 
                            "value": 10718
                        }, 
                        {
                            "name": "Other", 
                            "count": 1040, 
                            "value": 219797
                        }
                    ]
                }, 
                {
                    "applicantincome": "120% or more of MSA/MD median", 
                    "purchasers": [
                        {
                            "name": "Fannie Mae", 
                            "count": 2061, 
                            "value": 590121
                        }, 
                        {
                            "name": "Ginnie Mae", 
                            "count": 175, 
                            "value": 54644
                        }, 
                        {
                            "name": "Freddie Mac", 
                            "count": 914, 
                            "value": 254851
                        }, 
                        {
                            "name": "Farmer Mac", 
                            "count": 0, 
                            "value": 0
                        }, 
                        {
                            "name": "Private Securitization", 
                            "count": 80, 
                            "value": 21317
                        }, 
                        {
                            "name": "Commercial bank, savings bank or association", 
                            "count": 719, 
                            "value": 246624
                        }, 
                        {
                            "name": "Life insurance co., credit union, finance co.", 
                            "count": 152, 
                            "value": 47449
                        }, 
                        {
                            "name": "Affiliate institution", 
                            "count": 256, 
                            "value": 84700
                        }, 
                        {
                            "name": "Other", 
                            "count": 4544, 
                            "value": 1575040
                        }
                    ]
                }, 
                {
                    "applicantincome": "income not available", 
                    "purchasers": [
                        {
                            "name": "Fannie Mae", 
                            "count": 382, 
                            "value": 89757
                        }, 
                        {
                            "name": "Ginnie Mae", 
                            "count": 602, 
                            "value": 144469
                        }, 
                        {
                            "name": "Freddie Mac", 
                            "count": 227, 
                            "value": 60007
                        }, 
                        {
                            "name": "Farmer Mac", 
                            "count": 0, 
                            "value": 0
                        }, 
                        {
                            "name": "Private Securitization", 
                            "count": 0, 
                            "value": 0
                        }, 
                        {
                            "name": "Commercial bank, savings bank or association", 
                            "count": 110, 
                            "value": 27100
                        }, 
                        {
                            "name": "Life insurance co., credit union, finance co.", 
                            "count": 53, 
                            "value": 12765
                        }, 
                        {
                            "name": "Affiliate institution", 
                            "count": 12, 
                            "value": 3003
                        }, 
                        {
                            "name": "Other", 
                            "count": 1164, 
                            "value": 288128
                        }
                    ]
                }
            ]
        }
    ], 
    "censuscharacteristics": [
        {
            "characteristic": "Racial/Ethnic Composition", 
            "tractpctminority": [
                {
                    "tractpctminorit": "Less than 10% minority", 
                    "purchasers": [
                        {
                            "name": "Fannie Mae", 
                            "count": 276, 
                            "value": 71511
                        }, 
                        {
                            "name": "Ginnie Mae", 
                            "count": 58, 
                            "value": 16538
                        }, 
                        {
                            "name": "Freddie Mac", 
                            "count": 123, 
                            "value": 30571
                        }, 
                        {
                            "name": "Farmer Mac", 
                            "count": 0, 
                            "value": 0
                        }, 
                        {
                            "name": "Private Securitization", 
                            "count": 17, 
                            "value": 4311
                        }, 
                        {
                            "name": "Commercial bank, savings bank or association", 
                            "count": 78, 
                            "value": 22799
                        }, 
                        {
                            "name": "Life insurance co., credit union, finance co.", 
                            "count": 23, 
                            "value": 6486
                        }, 
                        {
                            "name": "Affiliate institution", 
                            "count": 23, 
                            "value": 6466
                        }, 
                        {
                            "name": "Other", 
                            "count": 611, 
                            "value": 180126
                        }
                    ]
                }, 
                {
                    "tractpctminorit": "10-19% minority", 
                    "purchasers": [
                        {
                            "name": "Fannie Mae", 
                            "count": 3149, 
                            "value": 773086
                        }, 
                        {
                            "name": "Ginnie Mae", 
                            "count": 962, 
                            "value": 230178
                        }, 
                        {
                            "name": "Freddie Mac", 
                            "count": 1447, 
                            "value": 356055
                        }, 
                        {
                            "name": "Farmer Mac", 
                            "count": 0, 
                            "value": 0
                        }, 
                        {
                            "name": "Private Securitization", 
                            "count": 113, 
                            "value": 25858
                        }, 
                        {
                            "name": "Commercial bank, savings bank or association", 
                            "count": 1086, 
                            "value": 307772
                        }, 
                        {
                            "name": "Life insurance co., credit union, finance co.", 
                            "count": 284, 
                            "value": 73645
                        }, 
                        {
                            "name": "Affiliate institution", 
                            "count": 281, 
                            "value": 82594
                        }, 
                        {
                            "name": "Other", 
                            "count": 7575, 
                            "value": 2025329
                        }
                    ]
                }, 
                {
                    "tractpctminorit": "20-49% minority", 
                    "purchasers": [
                        {
                            "name": "Fannie Mae", 
                            "count": 761, 
                            "value": 169927
                        }, 
                        {
                            "name": "Ginnie Mae", 
                            "count": 284, 
                            "value": 53520
                        }, 
                        {
                            "name": "Freddie Mac", 
                            "count": 326, 
                            "value": 76408
                        }, 
                        {
                            "name": "Farmer Mac", 
                            "count": 0, 
                            "value": 0
                        }, 
                        {
                            "name": "Private Securitization", 
                            "count": 25, 
                            "value": 4443
                        }, 
                        {
                            "name": "Commercial bank, savings bank or association", 
                            "count": 239, 
                            "value": 64221
                        }, 
                        {
                            "name": "Life insurance co., credit union, finance co.", 
                            "count": 84, 
                            "value": 19595
                        }, 
                        {
                            "name": "Affiliate institution", 
                            "count": 94, 
                            "value": 24626
                        }, 
                        {
                            "name": "Other", 
                            "count": 2136, 
                            "value": 432808
                        }
                    ]
                }, 
                {
                    "tractpctminorit": "50-79% minority", 
                    "purchasers": [
                        {
                            "name": "Fannie Mae", 
                            "count": 110, 
                            "value": 11414
                        }, 
                        {
                            "name": "Ginnie Mae", 
                            "count": 74, 
                            "value": 14672
                        }, 
                        {
                            "name": "Freddie Mac", 
                            "count": 58, 
                            "value": 6711
                        }, 
                        {
                            "name": "Farmer Mac", 
                            "count": 0, 
                            "value": 0
                        }, 
                        {
                            "name": "Private Securitization", 
                            "count": 0, 
                            "value": 0
                        }, 
                        {
                            "name": "Commercial bank, savings bank or association", 
                            "count": 21, 
                            "value": 3173
                        }, 
                        {
                            "name": "Life insurance co., credit union, finance co.", 
                            "count": 11, 
                            "value": 1726
                        }, 
                        {
                            "name": "Affiliate institution", 
                            "count": 16, 
                            "value": 1419
                        }, 
                        {
                            "name": "Other", 
                            "count": 868, 
                            "value": 93093
                        }
                    ]
                }, 
                {
                    "tractpctminorit": "80-100% minority", 
                    "purchasers": [
                        {
                            "name": "Fannie Mae", 
                            "count": 0, 
                            "value": 0
                        }, 
                        {
                            "name": "Ginnie Mae", 
                            "count": 0, 
                            "value": 0
                        }, 
                        {
                            "name": "Freddie Mac", 
                            "count": 0, 
                            "value": 0
                        }, 
                        {
                            "name": "Farmer Mac", 
                            "count": 0, 
                            "value": 0
                        }, 
                        {
                            "name": "Private Securitization", 
                            "count": 0, 
                            "value": 0
                        }, 
                        {
                            "name": "Commercial bank, savings bank or association", 
                            "count": 0, 
                            "value": 0
                        }, 
                        {
                            "name": "Life insurance co., credit union, finance co.", 
                            "count": 0, 
                            "value": 0
                        }, 
                        {
                            "name": "Affiliate institution", 
                            "count": 0, 
                            "value": 0
                        }, 
                        {
                            "name": "Other", 
                            "count": 0, 
                            "value": 0
                        }
                    ]
                }
            ]
        }, 
        {
            "characteristic": "Income", 
            "incomelevel": [
                {
                    "incomeleve": "Low income", 
                    "purchasers": [
                        {
                            "name": "Fannie Mae", 
                            "count": 62, 
                            "value": 6064
                        }, 
                        {
                            "name": "Ginnie Mae", 
                            "count": 38, 
                            "value": 9262
                        }, 
                        {
                            "name": "Freddie Mac", 
                            "count": 26, 
                            "value": 2837
                        }, 
                        {
                            "name": "Farmer Mac", 
                            "count": 0, 
                            "value": 0
                        }, 
                        {
                            "name": "Private Securitization", 
                            "count": 2, 
                            "value": 211
                        }, 
                        {
                            "name": "Commercial bank, savings bank or association", 
                            "count": 15, 
                            "value": 2256
                        }, 
                        {
                            "name": "Life insurance co., credit union, finance co.", 
                            "count": 3, 
                            "value": 341
                        }, 
                        {
                            "name": "Affiliate institution", 
                            "count": 9, 
                            "value": 902
                        }, 
                        {
                            "name": "Other", 
                            "count": 531, 
                            "value": 45744
                        }
                    ]
                }, 
                {
                    "incomeleve": "Moderate income", 
                    "purchasers": [
                        {
                            "name": "Fannie Mae", 
                            "count": 253, 
                            "value": 32268
                        }, 
                        {
                            "name": "Ginnie Mae", 
                            "count": 225, 
                            "value": 34863
                        }, 
                        {
                            "name": "Freddie Mac", 
                            "count": 101, 
                            "value": 12888
                        }, 
                        {
                            "name": "Farmer Mac", 
                            "count": 0, 
                            "value": 0
                        }, 
                        {
                            "name": "Private Securitization", 
                            "count": 9, 
                            "value": 1289
                        }, 
                        {
                            "name": "Commercial bank, savings bank or association", 
                            "count": 76, 
                            "value": 10818
                        }, 
                        {
                            "name": "Life insurance co., credit union, finance co.", 
                            "count": 37, 
                            "value": 6667
                        }, 
                        {
                            "name": "Affiliate institution", 
                            "count": 29, 
                            "value": 3588
                        }, 
                        {
                            "name": "Other", 
                            "count": 1348, 
                            "value": 171855
                        }
                    ]
                }, 
                {
                    "incomeleve": "Middle income", 
                    "purchasers": [
                        {
                            "name": "Fannie Mae", 
                            "count": 1104, 
                            "value": 195717
                        }, 
                        {
                            "name": "Ginnie Mae", 
                            "count": 692, 
                            "value": 146504
                        }, 
                        {
                            "name": "Freddie Mac", 
                            "count": 540, 
                            "value": 100951
                        }, 
                        {
                            "name": "Farmer Mac", 
                            "count": 0, 
                            "value": 0
                        }, 
                        {
                            "name": "Private Securitization", 
                            "count": 33, 
                            "value": 5700
                        }, 
                        {
                            "name": "Commercial bank, savings bank or association", 
                            "count": 361, 
                            "value": 73131
                        }, 
                        {
                            "name": "Life insurance co., credit union, finance co.", 
                            "count": 162, 
                            "value": 33167
                        }, 
                        {
                            "name": "Affiliate institution", 
                            "count": 79, 
                            "value": 15052
                        }, 
                        {
                            "name": "Other", 
                            "count": 3329, 
                            "value": 591646
                        }
                    ]
                }, 
                {
                    "incomeleve": "Upper income", 
                    "purchasers": [
                        {
                            "name": "Fannie Mae", 
                            "count": 2877, 
                            "value": 791889
                        }, 
                        {
                            "name": "Ginnie Mae", 
                            "count": 423, 
                            "value": 124279
                        }, 
                        {
                            "name": "Freddie Mac", 
                            "count": 1287, 
                            "value": 353069
                        }, 
                        {
                            "name": "Farmer Mac", 
                            "count": 0, 
                            "value": 0
                        }, 
                        {
                            "name": "Private Securitization", 
                            "count": 111, 
                            "value": 27412
                        }, 
                        {
                            "name": "Commercial bank, savings bank or association", 
                            "count": 972, 
                            "value": 311760
                        }, 
                        {
                            "name": "Life insurance co., credit union, finance co.", 
                            "count": 200, 
                            "value": 61277
                        }, 
                        {
                            "name": "Affiliate institution", 
                            "count": 297, 
                            "value": 95563
                        }, 
                        {
                            "name": "Other", 
                            "count": 5982, 
                            "value": 1922111
                        }
                    ]
                }
            ]
        }
    ], 
    "total": {
        "purchasers": [
            {
                "name": "Fannie Mae", 
                "count": 4296, 
                "value": 1025938
            }, 
            {
                "name": "Ginnie Mae", 
                "count": 1378, 
                "value": 314908
            }, 
            {
                "name": "Freddie Mac", 
                "count": 1954, 
                "value": 469745
            }, 
            {
                "name": "Farmer Mac", 
                "count": 0, 
                "value": 0
            }, 
            {
                "name": "Private Securitization", 
                "count": 155, 
                "value": 34612
            }, 
            {
                "name": "Commercial bank, savings bank or association", 
                "count": 1424, 
                "value": 397965
            }, 
            {
                "name": "Life insurance co., credit union, finance co.", 
                "count": 402, 
                "value": 101452
            }, 
            {
                "name": "Affiliate institution", 
                "count": 414, 
                "value": 115105
            }, 
            {
                "name": "Other", 
                "count": 11190, 
                "value": 2731356
            }
        ]
    }
}