{
    "table": "3-1", 
    "type": "Aggregate", 
    "desc": "Loans sold, by characteristics of borrower and census tract in which property is located and by type of purchaser (includes originations and purchased loans),", 
    "year": "2012", 
    "msa": {
        "id": "32900", 
        "name": "Merced", 
        "state": "CA", 
        "state_name": "California"
    }, 
    "borrowercharacteristics": [
        {
            "characteristic": "Race", 
            "races": [
                {
                    "race": "American Indian/Alaska Native", 
                    "purchasers": [
                        {
                            "name": "Fannie Mae", 
                            "count": 3, 
                            "value": 429.0
                        }, 
                        {
                            "name": "Ginnie Mae", 
                            "count": 8, 
                            "value": 1384.0
                        }, 
                        {
                            "name": "Freddie Mac", 
                            "count": 6, 
                            "value": 950.0
                        }, 
                        {
                            "name": "Farmer Mac", 
                            "count": 0, 
                            "value": 0
                        }, 
                        {
                            "name": "Private Securitization", 
                            "count": 0, 
                            "value": 0
                        }, 
                        {
                            "name": "Commercial bank, savings bank or association", 
                            "count": 2, 
                            "value": 212.0
                        }, 
                        {
                            "name": "Life insurance co., credit union, finance co.", 
                            "count": 0, 
                            "value": 0
                        }, 
                        {
                            "name": "Affiliate institution", 
                            "count": 2, 
                            "value": 220.0
                        }, 
                        {
                            "name": "Other", 
                            "count": 15, 
                            "value": 2590.0
                        }
                    ]
                }, 
                {
                    "race": "Asian", 
                    "purchasers": [
                        {
                            "name": "Fannie Mae", 
                            "count": 13, 
                            "value": 1519.0
                        }, 
                        {
                            "name": "Ginnie Mae", 
                            "count": 44, 
                            "value": 6535.0
                        }, 
                        {
                            "name": "Freddie Mac", 
                            "count": 14, 
                            "value": 2504.0
                        }, 
                        {
                            "name": "Farmer Mac", 
                            "count": 0, 
                            "value": 0
                        }, 
                        {
                            "name": "Private Securitization", 
                            "count": 0, 
                            "value": 0
                        }, 
                        {
                            "name": "Commercial bank, savings bank or association", 
                            "count": 16, 
                            "value": 2363.0
                        }, 
                        {
                            "name": "Life insurance co., credit union, finance co.", 
                            "count": 1, 
                            "value": 184.0
                        }, 
                        {
                            "name": "Affiliate institution", 
                            "count": 1, 
                            "value": 102.0
                        }, 
                        {
                            "name": "Other", 
                            "count": 54, 
                            "value": 6915.0
                        }
                    ]
                }, 
                {
                    "race": "Black or African American", 
                    "purchasers": [
                        {
                            "name": "Fannie Mae", 
                            "count": 230, 
                            "value": 37075.0
                        }, 
                        {
                            "name": "Ginnie Mae", 
                            "count": 89, 
                            "value": 14143.0
                        }, 
                        {
                            "name": "Freddie Mac", 
                            "count": 98, 
                            "value": 18338.0
                        }, 
                        {
                            "name": "Farmer Mac", 
                            "count": 0, 
                            "value": 0
                        }, 
                        {
                            "name": "Private Securitization", 
                            "count": 1, 
                            "value": 229.0
                        }, 
                        {
                            "name": "Commercial bank, savings bank or association", 
                            "count": 49, 
                            "value": 7390.0
                        }, 
                        {
                            "name": "Life insurance co., credit union, finance co.", 
                            "count": 21, 
                            "value": 3334.0
                        }, 
                        {
                            "name": "Affiliate institution", 
                            "count": 27, 
                            "value": 4370.0
                        }, 
                        {
                            "name": "Other", 
                            "count": 399, 
                            "value": 63170.0
                        }
                    ]
                }, 
                {
                    "race": "Native Hawaiian or Other Pacific Islander", 
                    "purchasers": [
                        {
                            "name": "Fannie Mae", 
                            "count": 20, 
                            "value": 3319.0
                        }, 
                        {
                            "name": "Ginnie Mae", 
                            "count": 23, 
                            "value": 4460.0
                        }, 
                        {
                            "name": "Freddie Mac", 
                            "count": 9, 
                            "value": 1606.0
                        }, 
                        {
                            "name": "Farmer Mac", 
                            "count": 0, 
                            "value": 0
                        }, 
                        {
                            "name": "Private Securitization", 
                            "count": 0, 
                            "value": 0
                        }, 
                        {
                            "name": "Commercial bank, savings bank or association", 
                            "count": 11, 
                            "value": 1869.0
                        }, 
                        {
                            "name": "Life insurance co., credit union, finance co.", 
                            "count": 0, 
                            "value": 0
                        }, 
                        {
                            "name": "Affiliate institution", 
                            "count": 5, 
                            "value": 635.0
                        }, 
                        {
                            "name": "Other", 
                            "count": 64, 
                            "value": 11470.0
                        }
                    ]
                }, 
                {
                    "race": "White", 
                    "purchasers": [
                        {
                            "name": "Fannie Mae", 
                            "count": 9, 
                            "value": 1467.0
                        }, 
                        {
                            "name": "Ginnie Mae", 
                            "count": 18, 
                            "value": 2735.0
                        }, 
                        {
                            "name": "Freddie Mac", 
                            "count": 4, 
                            "value": 696.0
                        }, 
                        {
                            "name": "Farmer Mac", 
                            "count": 0, 
                            "value": 0
                        }, 
                        {
                            "name": "Private Securitization", 
                            "count": 0, 
                            "value": 0
                        }, 
                        {
                            "name": "Commercial bank, savings bank or association", 
                            "count": 5, 
                            "value": 417.0
                        }, 
                        {
                            "name": "Life insurance co., credit union, finance co.", 
                            "count": 0, 
                            "value": 0
                        }, 
                        {
                            "name": "Affiliate institution", 
                            "count": 1, 
                            "value": 46.0
                        }, 
                        {
                            "name": "Other", 
                            "count": 40, 
                            "value": 6195.0
                        }
                    ]
                }, 
                {
                    "race": "2 or more minority races", 
                    "purchasers": [
                        {
                            "name": "Fannie Mae", 
                            "count": 1274, 
                            "value": 202541.0
                        }, 
                        {
                            "name": "Ginnie Mae", 
                            "count": 1438, 
                            "value": 216600.0
                        }, 
                        {
                            "name": "Freddie Mac", 
                            "count": 627, 
                            "value": 110124.0
                        }, 
                        {
                            "name": "Farmer Mac", 
                            "count": 0, 
                            "value": 0
                        }, 
                        {
                            "name": "Private Securitization", 
                            "count": 3, 
                            "value": 362.0
                        }, 
                        {
                            "name": "Commercial bank, savings bank or association", 
                            "count": 570, 
                            "value": 85880.0
                        }, 
                        {
                            "name": "Life insurance co., credit union, finance co.", 
                            "count": 245, 
                            "value": 33920.0
                        }, 
                        {
                            "name": "Affiliate institution", 
                            "count": 124, 
                            "value": 21520.0
                        }, 
                        {
                            "name": "Other", 
                            "count": 2887, 
                            "value": 448764.0
                        }
                    ]
                }, 
                {
                    "race": "Joint (White/Minority Race", 
                    "purchasers": [
                        {
                            "name": "Fannie Mae", 
                            "count": 45, 
                            "value": 8226.0
                        }, 
                        {
                            "name": "Ginnie Mae", 
                            "count": 27, 
                            "value": 5680.0
                        }, 
                        {
                            "name": "Freddie Mac", 
                            "count": 29, 
                            "value": 5903.0
                        }, 
                        {
                            "name": "Farmer Mac", 
                            "count": 0, 
                            "value": 0
                        }, 
                        {
                            "name": "Private Securitization", 
                            "count": 0, 
                            "value": 0
                        }, 
                        {
                            "name": "Commercial bank, savings bank or association", 
                            "count": 6, 
                            "value": 1418.0
                        }, 
                        {
                            "name": "Life insurance co., credit union, finance co.", 
                            "count": 2, 
                            "value": 244.0
                        }, 
                        {
                            "name": "Affiliate institution", 
                            "count": 2, 
                            "value": 342.0
                        }, 
                        {
                            "name": "Other", 
                            "count": 71, 
                            "value": 12008.0
                        }
                    ]
                }, 
                {
                    "race": "Not Available", 
                    "purchasers": [
                        {
                            "name": "Fannie Mae", 
                            "count": 439, 
                            "value": 112012.0
                        }, 
                        {
                            "name": "Ginnie Mae", 
                            "count": 206, 
                            "value": 33262.0
                        }, 
                        {
                            "name": "Freddie Mac", 
                            "count": 184, 
                            "value": 32649.0
                        }, 
                        {
                            "name": "Farmer Mac", 
                            "count": 0, 
                            "value": 0
                        }, 
                        {
                            "name": "Private Securitization", 
                            "count": 2, 
                            "value": 375.0
                        }, 
                        {
                            "name": "Commercial bank, savings bank or association", 
                            "count": 43, 
                            "value": 7295.0
                        }, 
                        {
                            "name": "Life insurance co., credit union, finance co.", 
                            "count": 35, 
                            "value": 5973.0
                        }, 
                        {
                            "name": "Affiliate institution", 
                            "count": 55, 
                            "value": 9059.0
                        }, 
                        {
                            "name": "Other", 
                            "count": 925, 
                            "value": 175840.0
                        }
                    ]
                }
            ]
        }, 
        {
            "characteristic": "Ethnicity", 
            "ethnicities": [
                {
                    "ethnicity": "Hispanic or Latino", 
                    "purchasers": [
                        {
                            "name": "Fannie Mae", 
                            "count": 392, 
                            "value": 51255
                        }, 
                        {
                            "name": "Ginnie Mae", 
                            "count": 803, 
                            "value": 108373
                        }, 
                        {
                            "name": "Freddie Mac", 
                            "count": 218, 
                            "value": 34179
                        }, 
                        {
                            "name": "Farmer Mac", 
                            "count": 0, 
                            "value": 0
                        }, 
                        {
                            "name": "Private Securitization", 
                            "count": 1, 
                            "value": 167
                        }, 
                        {
                            "name": "Commercial bank, savings bank or association", 
                            "count": 279, 
                            "value": 35623
                        }, 
                        {
                            "name": "Life insurance co., credit union, finance co.", 
                            "count": 132, 
                            "value": 16519
                        }, 
                        {
                            "name": "Affiliate institution", 
                            "count": 44, 
                            "value": 6745
                        }, 
                        {
                            "name": "Other", 
                            "count": 1385, 
                            "value": 184197
                        }
                    ]
                }, 
                {
                    "ethnicity": "Not Hispanic or Latino", 
                    "purchasers": [
                        {
                            "name": "Fannie Mae", 
                            "count": 1183, 
                            "value": 200375
                        }, 
                        {
                            "name": "Ginnie Mae", 
                            "count": 816, 
                            "value": 137621
                        }, 
                        {
                            "name": "Freddie Mac", 
                            "count": 548, 
                            "value": 101901
                        }, 
                        {
                            "name": "Farmer Mac", 
                            "count": 0, 
                            "value": 0
                        }, 
                        {
                            "name": "Private Securitization", 
                            "count": 3, 
                            "value": 424
                        }, 
                        {
                            "name": "Commercial bank, savings bank or association", 
                            "count": 356, 
                            "value": 59718
                        }, 
                        {
                            "name": "Life insurance co., credit union, finance co.", 
                            "count": 130, 
                            "value": 20236
                        }, 
                        {
                            "name": "Affiliate institution", 
                            "count": 130, 
                            "value": 22560
                        }, 
                        {
                            "name": "Other", 
                            "count": 2194, 
                            "value": 371373
                        }
                    ]
                }, 
                {
                    "ethnicity": "Joint (Hispanic or Latino/Not Hispanic or Latino", 
                    "purchasers": [
                        {
                            "name": "Fannie Mae", 
                            "count": 65, 
                            "value": 11425
                        }, 
                        {
                            "name": "Ginnie Mae", 
                            "count": 58, 
                            "value": 10443
                        }, 
                        {
                            "name": "Freddie Mac", 
                            "count": 42, 
                            "value": 8041
                        }, 
                        {
                            "name": "Farmer Mac", 
                            "count": 0, 
                            "value": 0
                        }, 
                        {
                            "name": "Private Securitization", 
                            "count": 0, 
                            "value": 0
                        }, 
                        {
                            "name": "Commercial bank, savings bank or association", 
                            "count": 29, 
                            "value": 5119
                        }, 
                        {
                            "name": "Life insurance co., credit union, finance co.", 
                            "count": 6, 
                            "value": 798
                        }, 
                        {
                            "name": "Affiliate institution", 
                            "count": 7, 
                            "value": 1320
                        }, 
                        {
                            "name": "Other", 
                            "count": 139, 
                            "value": 23079
                        }
                    ]
                }, 
                {
                    "ethnicity": "Ethnicity Not Available", 
                    "purchasers": [
                        {
                            "name": "Fannie Mae", 
                            "count": 393, 
                            "value": 103533
                        }, 
                        {
                            "name": "Ginnie Mae", 
                            "count": 176, 
                            "value": 28362
                        }, 
                        {
                            "name": "Freddie Mac", 
                            "count": 163, 
                            "value": 28649
                        }, 
                        {
                            "name": "Farmer Mac", 
                            "count": 0, 
                            "value": 0
                        }, 
                        {
                            "name": "Private Securitization", 
                            "count": 2, 
                            "value": 375
                        }, 
                        {
                            "name": "Commercial bank, savings bank or association", 
                            "count": 38, 
                            "value": 6384
                        }, 
                        {
                            "name": "Life insurance co., credit union, finance co.", 
                            "count": 36, 
                            "value": 6102
                        }, 
                        {
                            "name": "Affiliate institution", 
                            "count": 36, 
                            "value": 5669
                        }, 
                        {
                            "name": "Other", 
                            "count": 737, 
                            "value": 148303
                        }
                    ]
                }
            ]
        }, 
        {
            "characteristic": "Minority Status", 
            "minoritystatuses": [
                {
                    "minoritystatus": "White Non-Hispanic", 
                    "purchasers": [
                        {
                            "name": "Fannie Mae", 
                            "count": 1283, 
                            "value": 255788
                        }, 
                        {
                            "name": "Ginnie Mae", 
                            "count": 849, 
                            "value": 141691
                        }, 
                        {
                            "name": "Freddie Mac", 
                            "count": 576, 
                            "value": 104879
                        }, 
                        {
                            "name": "Farmer Mac", 
                            "count": 0, 
                            "value": 0
                        }, 
                        {
                            "name": "Private Securitization", 
                            "count": 4, 
                            "value": 570
                        }, 
                        {
                            "name": "Commercial bank, savings bank or association", 
                            "count": 321, 
                            "value": 54690
                        }, 
                        {
                            "name": "Life insurance co., credit union, finance co.", 
                            "count": 144, 
                            "value": 22820
                        }, 
                        {
                            "name": "Affiliate institution", 
                            "count": 128, 
                            "value": 22359
                        }, 
                        {
                            "name": "Other", 
                            "count": 2370, 
                            "value": 429645
                        }
                    ]
                }, 
                {
                    "minoritystatus": "Others, Including Hispanic", 
                    "purchasers": [
                        {
                            "name": "Fannie Mae", 
                            "count": 750, 
                            "value": 110800
                        }, 
                        {
                            "name": "Ginnie Mae", 
                            "count": 1004, 
                            "value": 143108
                        }, 
                        {
                            "name": "Freddie Mac", 
                            "count": 395, 
                            "value": 67891
                        }, 
                        {
                            "name": "Farmer Mac", 
                            "count": 0, 
                            "value": 0
                        }, 
                        {
                            "name": "Private Securitization", 
                            "count": 2, 
                            "value": 396
                        }, 
                        {
                            "name": "Commercial bank, savings bank or association", 
                            "count": 381, 
                            "value": 52154
                        }, 
                        {
                            "name": "Life insurance co., credit union, finance co.", 
                            "count": 160, 
                            "value": 20835
                        }, 
                        {
                            "name": "Affiliate institution", 
                            "count": 89, 
                            "value": 13935
                        }, 
                        {
                            "name": "Other", 
                            "count": 2085, 
                            "value": 297307
                        }
                    ]
                }
            ]
        }, 
        {
            "characteristic": "Applicant Income", 
            "applicantincomes": [
                {
                    "applicantincome": "Less than 50% of MSA/MD median", 
                    "purchasers": [
                        {
                            "name": "Fannie Mae", 
                            "count": 143, 
                            "value": 16188
                        }, 
                        {
                            "name": "Ginnie Mae", 
                            "count": 159, 
                            "value": 13815
                        }, 
                        {
                            "name": "Freddie Mac", 
                            "count": 67, 
                            "value": 7397
                        }, 
                        {
                            "name": "Farmer Mac", 
                            "count": 0, 
                            "value": 0
                        }, 
                        {
                            "name": "Private Securitization", 
                            "count": 0, 
                            "value": 0
                        }, 
                        {
                            "name": "Commercial bank, savings bank or association", 
                            "count": 66, 
                            "value": 5851
                        }, 
                        {
                            "name": "Life insurance co., credit union, finance co.", 
                            "count": 32, 
                            "value": 2907
                        }, 
                        {
                            "name": "Affiliate institution", 
                            "count": 19, 
                            "value": 2259
                        }, 
                        {
                            "name": "Other", 
                            "count": 325, 
                            "value": 31639
                        }
                    ]
                }, 
                {
                    "applicantincome": "50-79% of MSA/MD median", 
                    "purchasers": [
                        {
                            "name": "Fannie Mae", 
                            "count": 234, 
                            "value": 27737
                        }, 
                        {
                            "name": "Ginnie Mae", 
                            "count": 361, 
                            "value": 42273
                        }, 
                        {
                            "name": "Freddie Mac", 
                            "count": 95, 
                            "value": 13828
                        }, 
                        {
                            "name": "Farmer Mac", 
                            "count": 0, 
                            "value": 0
                        }, 
                        {
                            "name": "Private Securitization", 
                            "count": 0, 
                            "value": 0
                        }, 
                        {
                            "name": "Commercial bank, savings bank or association", 
                            "count": 158, 
                            "value": 18029
                        }, 
                        {
                            "name": "Life insurance co., credit union, finance co.", 
                            "count": 62, 
                            "value": 7123
                        }, 
                        {
                            "name": "Affiliate institution", 
                            "count": 19, 
                            "value": 2574
                        }, 
                        {
                            "name": "Other", 
                            "count": 620, 
                            "value": 69188
                        }
                    ]
                }, 
                {
                    "applicantincome": "80-99% of MSA/MD median", 
                    "purchasers": [
                        {
                            "name": "Fannie Mae", 
                            "count": 214, 
                            "value": 30167
                        }, 
                        {
                            "name": "Ginnie Mae", 
                            "count": 234, 
                            "value": 32303
                        }, 
                        {
                            "name": "Freddie Mac", 
                            "count": 99, 
                            "value": 15740
                        }, 
                        {
                            "name": "Farmer Mac", 
                            "count": 0, 
                            "value": 0
                        }, 
                        {
                            "name": "Private Securitization", 
                            "count": 1, 
                            "value": 167
                        }, 
                        {
                            "name": "Commercial bank, savings bank or association", 
                            "count": 98, 
                            "value": 13100
                        }, 
                        {
                            "name": "Life insurance co., credit union, finance co.", 
                            "count": 54, 
                            "value": 7142
                        }, 
                        {
                            "name": "Affiliate institution", 
                            "count": 27, 
                            "value": 3930
                        }, 
                        {
                            "name": "Other", 
                            "count": 577, 
                            "value": 74286
                        }
                    ]
                }, 
                {
                    "applicantincome": "100-119% of MSA/MD median", 
                    "purchasers": [
                        {
                            "name": "Fannie Mae", 
                            "count": 183, 
                            "value": 28187
                        }, 
                        {
                            "name": "Ginnie Mae", 
                            "count": 140, 
                            "value": 21357
                        }, 
                        {
                            "name": "Freddie Mac", 
                            "count": 86, 
                            "value": 13879
                        }, 
                        {
                            "name": "Farmer Mac", 
                            "count": 0, 
                            "value": 0
                        }, 
                        {
                            "name": "Private Securitization", 
                            "count": 1, 
                            "value": 99
                        }, 
                        {
                            "name": "Commercial bank, savings bank or association", 
                            "count": 56, 
                            "value": 8009
                        }, 
                        {
                            "name": "Life insurance co., credit union, finance co.", 
                            "count": 25, 
                            "value": 3431
                        }, 
                        {
                            "name": "Affiliate institution", 
                            "count": 16, 
                            "value": 2614
                        }, 
                        {
                            "name": "Other", 
                            "count": 372, 
                            "value": 53603
                        }
                    ]
                }, 
                {
                    "applicantincome": "120% or more of MSA/MD median", 
                    "purchasers": [
                        {
                            "name": "Fannie Mae", 
                            "count": 1156, 
                            "value": 207186
                        }, 
                        {
                            "name": "Ginnie Mae", 
                            "count": 368, 
                            "value": 73531
                        }, 
                        {
                            "name": "Freddie Mac", 
                            "count": 593, 
                            "value": 116805
                        }, 
                        {
                            "name": "Farmer Mac", 
                            "count": 0, 
                            "value": 0
                        }, 
                        {
                            "name": "Private Securitization", 
                            "count": 3, 
                            "value": 424
                        }, 
                        {
                            "name": "Commercial bank, savings bank or association", 
                            "count": 251, 
                            "value": 48200
                        }, 
                        {
                            "name": "Life insurance co., credit union, finance co.", 
                            "count": 96, 
                            "value": 17552
                        }, 
                        {
                            "name": "Affiliate institution", 
                            "count": 131, 
                            "value": 23648
                        }, 
                        {
                            "name": "Other", 
                            "count": 1911, 
                            "value": 357676
                        }
                    ]
                }, 
                {
                    "applicantincome": "income not available", 
                    "purchasers": [
                        {
                            "name": "Fannie Mae", 
                            "count": 103, 
                            "value": 57123
                        }, 
                        {
                            "name": "Ginnie Mae", 
                            "count": 591, 
                            "value": 101520
                        }, 
                        {
                            "name": "Freddie Mac", 
                            "count": 31, 
                            "value": 5121
                        }, 
                        {
                            "name": "Farmer Mac", 
                            "count": 0, 
                            "value": 0
                        }, 
                        {
                            "name": "Private Securitization", 
                            "count": 1, 
                            "value": 276
                        }, 
                        {
                            "name": "Commercial bank, savings bank or association", 
                            "count": 73, 
                            "value": 13655
                        }, 
                        {
                            "name": "Life insurance co., credit union, finance co.", 
                            "count": 35, 
                            "value": 5500
                        }, 
                        {
                            "name": "Affiliate institution", 
                            "count": 5, 
                            "value": 1269
                        }, 
                        {
                            "name": "Other", 
                            "count": 650, 
                            "value": 140560
                        }
                    ]
                }
            ]
        }
    ], 
    "censuscharacteristics": [
        {
            "characteristic": "Racial/Ethnic Composition", 
            "tractpctminorities": [
                {
                    "tractpctminority": "Less than 10% minority", 
                    "purchasers": [
                        {
                            "name": "Fannie Mae", 
                            "count": 0, 
                            "value": 0
                        }, 
                        {
                            "name": "Ginnie Mae", 
                            "count": 0, 
                            "value": 0
                        }, 
                        {
                            "name": "Freddie Mac", 
                            "count": 0, 
                            "value": 0
                        }, 
                        {
                            "name": "Farmer Mac", 
                            "count": 0, 
                            "value": 0
                        }, 
                        {
                            "name": "Private Securitization", 
                            "count": 0, 
                            "value": 0
                        }, 
                        {
                            "name": "Commercial bank, savings bank or association", 
                            "count": 0, 
                            "value": 0
                        }, 
                        {
                            "name": "Life insurance co., credit union, finance co.", 
                            "count": 0, 
                            "value": 0
                        }, 
                        {
                            "name": "Affiliate institution", 
                            "count": 0, 
                            "value": 0
                        }, 
                        {
                            "name": "Other", 
                            "count": 0, 
                            "value": 0
                        }
                    ]
                }, 
                {
                    "tractpctminority": "10-19% minority", 
                    "purchasers": [
                        {
                            "name": "Fannie Mae", 
                            "count": 289, 
                            "value": 58242
                        }, 
                        {
                            "name": "Ginnie Mae", 
                            "count": 159, 
                            "value": 35870
                        }, 
                        {
                            "name": "Freddie Mac", 
                            "count": 129, 
                            "value": 28673
                        }, 
                        {
                            "name": "Farmer Mac", 
                            "count": 0, 
                            "value": 0
                        }, 
                        {
                            "name": "Private Securitization", 
                            "count": 3, 
                            "value": 538
                        }, 
                        {
                            "name": "Commercial bank, savings bank or association", 
                            "count": 101, 
                            "value": 20594
                        }, 
                        {
                            "name": "Life insurance co., credit union, finance co.", 
                            "count": 28, 
                            "value": 4570
                        }, 
                        {
                            "name": "Affiliate institution", 
                            "count": 28, 
                            "value": 6013
                        }, 
                        {
                            "name": "Other", 
                            "count": 534, 
                            "value": 130134
                        }
                    ]
                }, 
                {
                    "tractpctminority": "20-49% minority", 
                    "purchasers": [
                        {
                            "name": "Fannie Mae", 
                            "count": 1466, 
                            "value": 271074
                        }, 
                        {
                            "name": "Ginnie Mae", 
                            "count": 1399, 
                            "value": 212466
                        }, 
                        {
                            "name": "Freddie Mac", 
                            "count": 703, 
                            "value": 122628
                        }, 
                        {
                            "name": "Farmer Mac", 
                            "count": 0, 
                            "value": 0
                        }, 
                        {
                            "name": "Private Securitization", 
                            "count": 3, 
                            "value": 428
                        }, 
                        {
                            "name": "Commercial bank, savings bank or association", 
                            "count": 504, 
                            "value": 75516
                        }, 
                        {
                            "name": "Life insurance co., credit union, finance co.", 
                            "count": 204, 
                            "value": 30293
                        }, 
                        {
                            "name": "Affiliate institution", 
                            "count": 160, 
                            "value": 25936
                        }, 
                        {
                            "name": "Other", 
                            "count": 3233, 
                            "value": 500691
                        }
                    ]
                }, 
                {
                    "tractpctminority": "50-79% minority", 
                    "purchasers": [
                        {
                            "name": "Fannie Mae", 
                            "count": 278, 
                            "value": 37272
                        }, 
                        {
                            "name": "Ginnie Mae", 
                            "count": 295, 
                            "value": 36463
                        }, 
                        {
                            "name": "Freddie Mac", 
                            "count": 139, 
                            "value": 21469
                        }, 
                        {
                            "name": "Farmer Mac", 
                            "count": 0, 
                            "value": 0
                        }, 
                        {
                            "name": "Private Securitization", 
                            "count": 0, 
                            "value": 0
                        }, 
                        {
                            "name": "Commercial bank, savings bank or association", 
                            "count": 97, 
                            "value": 10734
                        }, 
                        {
                            "name": "Life insurance co., credit union, finance co.", 
                            "count": 72, 
                            "value": 8792
                        }, 
                        {
                            "name": "Affiliate institution", 
                            "count": 29, 
                            "value": 4345
                        }, 
                        {
                            "name": "Other", 
                            "count": 688, 
                            "value": 96127
                        }
                    ]
                }, 
                {
                    "tractpctminority": "80-100% minority", 
                    "purchasers": [
                        {
                            "name": "Fannie Mae", 
                            "count": 0, 
                            "value": 0
                        }, 
                        {
                            "name": "Ginnie Mae", 
                            "count": 0, 
                            "value": 0
                        }, 
                        {
                            "name": "Freddie Mac", 
                            "count": 0, 
                            "value": 0
                        }, 
                        {
                            "name": "Farmer Mac", 
                            "count": 0, 
                            "value": 0
                        }, 
                        {
                            "name": "Private Securitization", 
                            "count": 0, 
                            "value": 0
                        }, 
                        {
                            "name": "Commercial bank, savings bank or association", 
                            "count": 0, 
                            "value": 0
                        }, 
                        {
                            "name": "Life insurance co., credit union, finance co.", 
                            "count": 0, 
                            "value": 0
                        }, 
                        {
                            "name": "Affiliate institution", 
                            "count": 0, 
                            "value": 0
                        }, 
                        {
                            "name": "Other", 
                            "count": 0, 
                            "value": 0
                        }
                    ]
                }
            ]
        }, 
        {
            "characteristic": "Income", 
            "incomelevels": [
                {
                    "incomelevel": "Low income", 
                    "purchasers": [
                        {
                            "name": "Fannie Mae", 
                            "count": 9, 
                            "value": 1000
                        }, 
                        {
                            "name": "Ginnie Mae", 
                            "count": 10, 
                            "value": 1230
                        }, 
                        {
                            "name": "Freddie Mac", 
                            "count": 8, 
                            "value": 1328
                        }, 
                        {
                            "name": "Farmer Mac", 
                            "count": 0, 
                            "value": 0
                        }, 
                        {
                            "name": "Private Securitization", 
                            "count": 0, 
                            "value": 0
                        }, 
                        {
                            "name": "Commercial bank, savings bank or association", 
                            "count": 3, 
                            "value": 352
                        }, 
                        {
                            "name": "Life insurance co., credit union, finance co.", 
                            "count": 2, 
                            "value": 313
                        }, 
                        {
                            "name": "Affiliate institution", 
                            "count": 1, 
                            "value": 69
                        }, 
                        {
                            "name": "Other", 
                            "count": 32, 
                            "value": 3933
                        }
                    ]
                }, 
                {
                    "incomelevel": "Moderate income", 
                    "purchasers": [
                        {
                            "name": "Fannie Mae", 
                            "count": 355, 
                            "value": 65332
                        }, 
                        {
                            "name": "Ginnie Mae", 
                            "count": 351, 
                            "value": 42688
                        }, 
                        {
                            "name": "Freddie Mac", 
                            "count": 173, 
                            "value": 25154
                        }, 
                        {
                            "name": "Farmer Mac", 
                            "count": 0, 
                            "value": 0
                        }, 
                        {
                            "name": "Private Securitization", 
                            "count": 1, 
                            "value": 99
                        }, 
                        {
                            "name": "Commercial bank, savings bank or association", 
                            "count": 119, 
                            "value": 14071
                        }, 
                        {
                            "name": "Life insurance co., credit union, finance co.", 
                            "count": 41, 
                            "value": 4750
                        }, 
                        {
                            "name": "Affiliate institution", 
                            "count": 32, 
                            "value": 4498
                        }, 
                        {
                            "name": "Other", 
                            "count": 948, 
                            "value": 133493
                        }
                    ]
                }, 
                {
                    "incomelevel": "Middle income", 
                    "purchasers": [
                        {
                            "name": "Fannie Mae", 
                            "count": 604, 
                            "value": 88146
                        }, 
                        {
                            "name": "Ginnie Mae", 
                            "count": 656, 
                            "value": 92159
                        }, 
                        {
                            "name": "Freddie Mac", 
                            "count": 305, 
                            "value": 50506
                        }, 
                        {
                            "name": "Farmer Mac", 
                            "count": 0, 
                            "value": 0
                        }, 
                        {
                            "name": "Private Securitization", 
                            "count": 2, 
                            "value": 396
                        }, 
                        {
                            "name": "Commercial bank, savings bank or association", 
                            "count": 244, 
                            "value": 33386
                        }, 
                        {
                            "name": "Life insurance co., credit union, finance co.", 
                            "count": 140, 
                            "value": 19074
                        }, 
                        {
                            "name": "Affiliate institution", 
                            "count": 74, 
                            "value": 11043
                        }, 
                        {
                            "name": "Other", 
                            "count": 1464, 
                            "value": 242393
                        }
                    ]
                }, 
                {
                    "incomelevel": "Upper income", 
                    "purchasers": [
                        {
                            "name": "Fannie Mae", 
                            "count": 1065, 
                            "value": 212110
                        }, 
                        {
                            "name": "Ginnie Mae", 
                            "count": 836, 
                            "value": 148722
                        }, 
                        {
                            "name": "Freddie Mac", 
                            "count": 485, 
                            "value": 95782
                        }, 
                        {
                            "name": "Farmer Mac", 
                            "count": 0, 
                            "value": 0
                        }, 
                        {
                            "name": "Private Securitization", 
                            "count": 3, 
                            "value": 471
                        }, 
                        {
                            "name": "Commercial bank, savings bank or association", 
                            "count": 336, 
                            "value": 59035
                        }, 
                        {
                            "name": "Life insurance co., credit union, finance co.", 
                            "count": 121, 
                            "value": 19518
                        }, 
                        {
                            "name": "Affiliate institution", 
                            "count": 110, 
                            "value": 20684
                        }, 
                        {
                            "name": "Other", 
                            "count": 2011, 
                            "value": 347133
                        }
                    ]
                }
            ]
        }
    ], 
    "total": {
        "purchasers": [
            {
                "name": "Fannie Mae", 
                "count": 2033, 
                "value": 366588
            }, 
            {
                "name": "Ginnie Mae", 
                "count": 1853, 
                "value": 284799
            }, 
            {
                "name": "Freddie Mac", 
                "count": 971, 
                "value": 172770
            }, 
            {
                "name": "Farmer Mac", 
                "count": 0, 
                "value": 0
            }, 
            {
                "name": "Private Securitization", 
                "count": 6, 
                "value": 966
            }, 
            {
                "name": "Commercial bank, savings bank or association", 
                "count": 702, 
                "value": 106844
            }, 
            {
                "name": "Life insurance co., credit union, finance co.", 
                "count": 304, 
                "value": 43655
            }, 
            {
                "name": "Affiliate institution", 
                "count": 217, 
                "value": 36294
            }, 
            {
                "name": "Other", 
                "count": 4455, 
                "value": 726952
            }
        ]
    }
}