{
    "table": "3-1", 
    "type": "aggregate", 
    "desc": "Loans sold. By characteristics of borrower and census tract in which property is located and by type of purchaser (includes originations and purchased loans).", 
    "year": "2012", 
    "msa": {
        "id": "41100", 
        "name": "St.-George", 
        "state": "UT", 
        "state_name": "Utah"
    }, 
    "borrowercharacteristics": [
        {
            "characteristic": "Race", 
            "races": [
                {
                    "race": "American Indian/Alaska Native", 
                    "purchasers": [
                        {
                            "name": "Fannie Mae", 
                            "count": 0, 
                            "value": 0
                        }, 
                        {
                            "name": "Ginnie Mae", 
                            "count": 0, 
                            "value": 0
                        }, 
                        {
                            "name": "Freddie Mac", 
                            "count": 0, 
                            "value": 0
                        }, 
                        {
                            "name": "Farmer Mac", 
                            "count": 0, 
                            "value": 0
                        }, 
                        {
                            "name": "Private Securitization", 
                            "count": 0, 
                            "value": 0
                        }, 
                        {
                            "name": "Commercial bank, savings bank or association", 
                            "count": 0, 
                            "value": 0
                        }, 
                        {
                            "name": "Life insurance co., credit union, finance co.", 
                            "count": 0, 
                            "value": 0
                        }, 
                        {
                            "name": "Affiliate institution", 
                            "count": 0, 
                            "value": 0
                        }, 
                        {
                            "name": "Other", 
                            "count": 0, 
                            "value": 0
                        }
                    ]
                }, 
                {
                    "race": "Asian", 
                    "purchasers": [
                        {
                            "name": "Fannie Mae", 
                            "count": 2, 
                            "value": 328.0
                        }, 
                        {
                            "name": "Ginnie Mae", 
                            "count": 2, 
                            "value": 377.0
                        }, 
                        {
                            "name": "Freddie Mac", 
                            "count": 1, 
                            "value": 132.0
                        }, 
                        {
                            "name": "Farmer Mac", 
                            "count": 0, 
                            "value": 0
                        }, 
                        {
                            "name": "Private Securitization", 
                            "count": 0, 
                            "value": 0
                        }, 
                        {
                            "name": "Commercial bank, savings bank or association", 
                            "count": 2, 
                            "value": 454.0
                        }, 
                        {
                            "name": "Life insurance co., credit union, finance co.", 
                            "count": 0, 
                            "value": 0
                        }, 
                        {
                            "name": "Affiliate institution", 
                            "count": 0, 
                            "value": 0
                        }, 
                        {
                            "name": "Other", 
                            "count": 5, 
                            "value": 658.0
                        }
                    ]
                }, 
                {
                    "race": "Black or African American", 
                    "purchasers": [
                        {
                            "name": "Fannie Mae", 
                            "count": 1, 
                            "value": 362.0
                        }, 
                        {
                            "name": "Ginnie Mae", 
                            "count": 2, 
                            "value": 343.0
                        }, 
                        {
                            "name": "Freddie Mac", 
                            "count": 3, 
                            "value": 483.0
                        }, 
                        {
                            "name": "Farmer Mac", 
                            "count": 0, 
                            "value": 0
                        }, 
                        {
                            "name": "Private Securitization", 
                            "count": 0, 
                            "value": 0
                        }, 
                        {
                            "name": "Commercial bank, savings bank or association", 
                            "count": 0, 
                            "value": 0
                        }, 
                        {
                            "name": "Life insurance co., credit union, finance co.", 
                            "count": 0, 
                            "value": 0
                        }, 
                        {
                            "name": "Affiliate institution", 
                            "count": 0, 
                            "value": 0
                        }, 
                        {
                            "name": "Other", 
                            "count": 10, 
                            "value": 2113.0
                        }
                    ]
                }, 
                {
                    "race": "Native Hawaiian or Pacific Islander", 
                    "purchasers": [
                        {
                            "name": "Fannie Mae", 
                            "count": 0, 
                            "value": 0
                        }, 
                        {
                            "name": "Ginnie Mae", 
                            "count": 1, 
                            "value": 194.0
                        }, 
                        {
                            "name": "Freddie Mac", 
                            "count": 0, 
                            "value": 0
                        }, 
                        {
                            "name": "Farmer Mac", 
                            "count": 0, 
                            "value": 0
                        }, 
                        {
                            "name": "Private Securitization", 
                            "count": 0, 
                            "value": 0
                        }, 
                        {
                            "name": "Commercial bank, savings bank or association", 
                            "count": 0, 
                            "value": 0
                        }, 
                        {
                            "name": "Life insurance co., credit union, finance co.", 
                            "count": 0, 
                            "value": 0
                        }, 
                        {
                            "name": "Affiliate institution", 
                            "count": 0, 
                            "value": 0
                        }, 
                        {
                            "name": "Other", 
                            "count": 7, 
                            "value": 1764.0
                        }
                    ]
                }, 
                {
                    "race": "White", 
                    "purchasers": [
                        {
                            "name": "Fannie Mae", 
                            "count": 2, 
                            "value": 333.0
                        }, 
                        {
                            "name": "Ginnie Mae", 
                            "count": 1, 
                            "value": 254.0
                        }, 
                        {
                            "name": "Freddie Mac", 
                            "count": 1, 
                            "value": 58.0
                        }, 
                        {
                            "name": "Farmer Mac", 
                            "count": 0, 
                            "value": 0
                        }, 
                        {
                            "name": "Private Securitization", 
                            "count": 0, 
                            "value": 0
                        }, 
                        {
                            "name": "Commercial bank, savings bank or association", 
                            "count": 0, 
                            "value": 0
                        }, 
                        {
                            "name": "Life insurance co., credit union, finance co.", 
                            "count": 0, 
                            "value": 0
                        }, 
                        {
                            "name": "Affiliate institution", 
                            "count": 1, 
                            "value": 230.0
                        }, 
                        {
                            "name": "Other", 
                            "count": 4, 
                            "value": 534.0
                        }
                    ]
                }, 
                {
                    "race": "2 or more minority races", 
                    "purchasers": [
                        {
                            "name": "Fannie Mae", 
                            "count": 1292, 
                            "value": 243652.0
                        }, 
                        {
                            "name": "Ginnie Mae", 
                            "count": 509, 
                            "value": 99984.0
                        }, 
                        {
                            "name": "Freddie Mac", 
                            "count": 738, 
                            "value": 143859.0
                        }, 
                        {
                            "name": "Farmer Mac", 
                            "count": 0, 
                            "value": 0
                        }, 
                        {
                            "name": "Private Securitization", 
                            "count": 18, 
                            "value": 3947.0
                        }, 
                        {
                            "name": "Commercial bank, savings bank or association", 
                            "count": 536, 
                            "value": 110002.0
                        }, 
                        {
                            "name": "Life insurance co., credit union, finance co.", 
                            "count": 102, 
                            "value": 16623.0
                        }, 
                        {
                            "name": "Affiliate institution", 
                            "count": 67, 
                            "value": 13211.0
                        }, 
                        {
                            "name": "Other", 
                            "count": 2686, 
                            "value": 529186.0
                        }
                    ]
                }, 
                {
                    "race": "Joint", 
                    "purchasers": [
                        {
                            "name": "Fannie Mae", 
                            "count": 90, 
                            "value": 15750.0
                        }, 
                        {
                            "name": "Ginnie Mae", 
                            "count": 18, 
                            "value": 3466.0
                        }, 
                        {
                            "name": "Freddie Mac", 
                            "count": 49, 
                            "value": 9143.0
                        }, 
                        {
                            "name": "Farmer Mac", 
                            "count": 0, 
                            "value": 0
                        }, 
                        {
                            "name": "Private Securitization", 
                            "count": 5, 
                            "value": 1225.0
                        }, 
                        {
                            "name": "Commercial bank, savings bank or association", 
                            "count": 30, 
                            "value": 6503.0
                        }, 
                        {
                            "name": "Life insurance co., credit union, finance co.", 
                            "count": 4, 
                            "value": 742.0
                        }, 
                        {
                            "name": "Affiliate institution", 
                            "count": 8, 
                            "value": 1479.0
                        }, 
                        {
                            "name": "Other", 
                            "count": 241, 
                            "value": 45567.0
                        }
                    ]
                }, 
                {
                    "race": "Not Provided", 
                    "purchasers": [
                        {
                            "name": "Fannie Mae", 
                            "count": 247, 
                            "value": 47291.0
                        }, 
                        {
                            "name": "Ginnie Mae", 
                            "count": 145, 
                            "value": 28231.0
                        }, 
                        {
                            "name": "Freddie Mac", 
                            "count": 510, 
                            "value": 103510.0
                        }, 
                        {
                            "name": "Farmer Mac", 
                            "count": 0, 
                            "value": 0
                        }, 
                        {
                            "name": "Private Securitization", 
                            "count": 0, 
                            "value": 0
                        }, 
                        {
                            "name": "Commercial bank, savings bank or association", 
                            "count": 4, 
                            "value": 1014.0
                        }, 
                        {
                            "name": "Life insurance co., credit union, finance co.", 
                            "count": 3, 
                            "value": 584.0
                        }, 
                        {
                            "name": "Affiliate institution", 
                            "count": 11, 
                            "value": 2841.0
                        }, 
                        {
                            "name": "Other", 
                            "count": 149, 
                            "value": 26872.0
                        }
                    ]
                }, 
                {
                    "race": "Not Applicable", 
                    "purchasers": [
                        {
                            "name": "Fannie Mae", 
                            "count": 775, 
                            "value": 128598.0
                        }, 
                        {
                            "name": "Ginnie Mae", 
                            "count": 438, 
                            "value": 77141.0
                        }, 
                        {
                            "name": "Freddie Mac", 
                            "count": 349, 
                            "value": 64686.0
                        }, 
                        {
                            "name": "Farmer Mac", 
                            "count": 0, 
                            "value": 0
                        }, 
                        {
                            "name": "Private Securitization", 
                            "count": 9, 
                            "value": 1431.0
                        }, 
                        {
                            "name": "Commercial bank, savings bank or association", 
                            "count": 323, 
                            "value": 59615.0
                        }, 
                        {
                            "name": "Life insurance co., credit union, finance co.", 
                            "count": 110, 
                            "value": 14305.0
                        }, 
                        {
                            "name": "Affiliate institution", 
                            "count": 44, 
                            "value": 9474.0
                        }, 
                        {
                            "name": "Other", 
                            "count": 2029, 
                            "value": 351642.0
                        }
                    ]
                }, 
                {
                    "race": "No co-applicant", 
                    "purchasers": [
                        {
                            "name": "Fannie Mae", 
                            "count": 0, 
                            "value": 0
                        }, 
                        {
                            "name": "Ginnie Mae", 
                            "count": 0, 
                            "value": 0
                        }, 
                        {
                            "name": "Freddie Mac", 
                            "count": 0, 
                            "value": 0
                        }, 
                        {
                            "name": "Farmer Mac", 
                            "count": 0, 
                            "value": 0
                        }, 
                        {
                            "name": "Private Securitization", 
                            "count": 0, 
                            "value": 0
                        }, 
                        {
                            "name": "Commercial bank, savings bank or association", 
                            "count": 0, 
                            "value": 0
                        }, 
                        {
                            "name": "Life insurance co., credit union, finance co.", 
                            "count": 0, 
                            "value": 0
                        }, 
                        {
                            "name": "Affiliate institution", 
                            "count": 0, 
                            "value": 0
                        }, 
                        {
                            "name": "Other", 
                            "count": 0, 
                            "value": 0
                        }
                    ]
                }
            ]
        }, 
        {
            "characteristic": "Ethnicity", 
            "ethnicities": [
                {
                    "ethnicitie": "Hispanic or Latino", 
                    "purchasers": [
                        {
                            "name": "Fannie Mae", 
                            "count": 15, 
                            "value": 2126
                        }, 
                        {
                            "name": "Ginnie Mae", 
                            "count": 9, 
                            "value": 1513
                        }, 
                        {
                            "name": "Freddie Mac", 
                            "count": 9, 
                            "value": 1464
                        }, 
                        {
                            "name": "Farmer Mac", 
                            "count": 0, 
                            "value": 0
                        }, 
                        {
                            "name": "Private Securitization", 
                            "count": 1, 
                            "value": 406
                        }, 
                        {
                            "name": "Commercial bank, savings bank or association", 
                            "count": 8, 
                            "value": 1139
                        }, 
                        {
                            "name": "Life insurance co., credit union, finance co.", 
                            "count": 2, 
                            "value": 111
                        }, 
                        {
                            "name": "Affiliate institution", 
                            "count": 0, 
                            "value": 0
                        }, 
                        {
                            "name": "Other", 
                            "count": 20, 
                            "value": 2482
                        }
                    ]
                }, 
                {
                    "ethnicitie": "Not Hispanic or Latino", 
                    "purchasers": [
                        {
                            "name": "Fannie Mae", 
                            "count": 1870, 
                            "value": 339022
                        }, 
                        {
                            "name": "Ginnie Mae", 
                            "count": 883, 
                            "value": 165379
                        }, 
                        {
                            "name": "Freddie Mac", 
                            "count": 1018, 
                            "value": 194590
                        }, 
                        {
                            "name": "Farmer Mac", 
                            "count": 0, 
                            "value": 0
                        }, 
                        {
                            "name": "Private Securitization", 
                            "count": 22, 
                            "value": 4424
                        }, 
                        {
                            "name": "Commercial bank, savings bank or association", 
                            "count": 817, 
                            "value": 161957
                        }, 
                        {
                            "name": "Life insurance co., credit union, finance co.", 
                            "count": 205, 
                            "value": 30090
                        }, 
                        {
                            "name": "Affiliate institution", 
                            "count": 101, 
                            "value": 21149
                        }, 
                        {
                            "name": "Other", 
                            "count": 4381, 
                            "value": 824458
                        }
                    ]
                }, 
                {
                    "ethnicitie": "Not provided", 
                    "purchasers": [
                        {
                            "name": "Fannie Mae", 
                            "count": 60, 
                            "value": 10291
                        }, 
                        {
                            "name": "Ginnie Mae", 
                            "count": 36, 
                            "value": 6701
                        }, 
                        {
                            "name": "Freddie Mac", 
                            "count": 31, 
                            "value": 6298
                        }, 
                        {
                            "name": "Farmer Mac", 
                            "count": 0, 
                            "value": 0
                        }, 
                        {
                            "name": "Private Securitization", 
                            "count": 2, 
                            "value": 99
                        }, 
                        {
                            "name": "Commercial bank, savings bank or association", 
                            "count": 25, 
                            "value": 4364
                        }, 
                        {
                            "name": "Life insurance co., credit union, finance co.", 
                            "count": 5, 
                            "value": 730
                        }, 
                        {
                            "name": "Affiliate institution", 
                            "count": 3, 
                            "value": 484
                        }, 
                        {
                            "name": "Other", 
                            "count": 142, 
                            "value": 22141
                        }
                    ]
                }, 
                {
                    "ethnicitie": "Not applicable", 
                    "purchasers": [
                        {
                            "name": "Fannie Mae", 
                            "count": 464, 
                            "value": 84875
                        }, 
                        {
                            "name": "Ginnie Mae", 
                            "count": 188, 
                            "value": 36397
                        }, 
                        {
                            "name": "Freddie Mac", 
                            "count": 593, 
                            "value": 119519
                        }, 
                        {
                            "name": "Farmer Mac", 
                            "count": 0, 
                            "value": 0
                        }, 
                        {
                            "name": "Private Securitization", 
                            "count": 7, 
                            "value": 1674
                        }, 
                        {
                            "name": "Commercial bank, savings bank or association", 
                            "count": 45, 
                            "value": 10128
                        }, 
                        {
                            "name": "Life insurance co., credit union, finance co.", 
                            "count": 7, 
                            "value": 1323
                        }, 
                        {
                            "name": "Affiliate institution", 
                            "count": 27, 
                            "value": 5602
                        }, 
                        {
                            "name": "Other", 
                            "count": 588, 
                            "value": 109255
                        }
                    ]
                }, 
                {
                    "ethnicitie": "No co-applicant", 
                    "purchasers": [
                        {
                            "name": "Fannie Mae", 
                            "count": 0, 
                            "value": 0
                        }, 
                        {
                            "name": "Ginnie Mae", 
                            "count": 0, 
                            "value": 0
                        }, 
                        {
                            "name": "Freddie Mac", 
                            "count": 0, 
                            "value": 0
                        }, 
                        {
                            "name": "Farmer Mac", 
                            "count": 0, 
                            "value": 0
                        }, 
                        {
                            "name": "Private Securitization", 
                            "count": 0, 
                            "value": 0
                        }, 
                        {
                            "name": "Commercial bank, savings bank or association", 
                            "count": 0, 
                            "value": 0
                        }, 
                        {
                            "name": "Life insurance co., credit union, finance co.", 
                            "count": 0, 
                            "value": 0
                        }, 
                        {
                            "name": "Affiliate institution", 
                            "count": 0, 
                            "value": 0
                        }, 
                        {
                            "name": "Other", 
                            "count": 0, 
                            "value": 0
                        }
                    ]
                }
            ]
        }, 
        {
            "characteristic": "Minority Status", 
            "minoritystatuses": [
                {
                    "minoritystatuse": "White Non-Hispanic", 
                    "purchasers": [
                        {
                            "name": "Fannie Mae", 
                            "count": 2303, 
                            "value": 417874
                        }, 
                        {
                            "name": "Ginnie Mae", 
                            "count": 1044, 
                            "value": 196602
                        }, 
                        {
                            "name": "Freddie Mac", 
                            "count": 1584, 
                            "value": 308922
                        }, 
                        {
                            "name": "Farmer Mac", 
                            "count": 0, 
                            "value": 0
                        }, 
                        {
                            "name": "Private Securitization", 
                            "count": 29, 
                            "value": 6098
                        }, 
                        {
                            "name": "Commercial bank, savings bank or association", 
                            "count": 846, 
                            "value": 168246
                        }, 
                        {
                            "name": "Life insurance co., credit union, finance co.", 
                            "count": 211, 
                            "value": 31071
                        }, 
                        {
                            "name": "Affiliate institution", 
                            "count": 126, 
                            "value": 26340
                        }, 
                        {
                            "name": "Other", 
                            "count": 4880, 
                            "value": 915890
                        }
                    ]
                }, 
                {
                    "minoritystatuse": "Others, Including Hispanic", 
                    "purchasers": [
                        {
                            "name": "Fannie Mae", 
                            "count": 106, 
                            "value": 18440
                        }, 
                        {
                            "name": "Ginnie Mae", 
                            "count": 72, 
                            "value": 13388
                        }, 
                        {
                            "name": "Freddie Mac", 
                            "count": 67, 
                            "value": 12949
                        }, 
                        {
                            "name": "Farmer Mac", 
                            "count": 0, 
                            "value": 0
                        }, 
                        {
                            "name": "Private Securitization", 
                            "count": 3, 
                            "value": 505
                        }, 
                        {
                            "name": "Commercial bank, savings bank or association", 
                            "count": 49, 
                            "value": 9342
                        }, 
                        {
                            "name": "Life insurance co., credit union, finance co.", 
                            "count": 8, 
                            "value": 1183
                        }, 
                        {
                            "name": "Affiliate institution", 
                            "count": 5, 
                            "value": 895
                        }, 
                        {
                            "name": "Other", 
                            "count": 251, 
                            "value": 42446
                        }
                    ]
                }
            ]
        }, 
        {
            "characteristic": "Applicant Income", 
            "applicantincomes": [
                {
                    "applicantincome": "Less than 50% of MSA/MD median", 
                    "purchasers": [
                        {
                            "name": "Fannie Mae", 
                            "count": 143, 
                            "value": 16491
                        }, 
                        {
                            "name": "Ginnie Mae", 
                            "count": 56, 
                            "value": 5885
                        }, 
                        {
                            "name": "Freddie Mac", 
                            "count": 56, 
                            "value": 6810
                        }, 
                        {
                            "name": "Farmer Mac", 
                            "count": 0, 
                            "value": 0
                        }, 
                        {
                            "name": "Private Securitization", 
                            "count": 1, 
                            "value": 110
                        }, 
                        {
                            "name": "Commercial bank, savings bank or association", 
                            "count": 36, 
                            "value": 3408
                        }, 
                        {
                            "name": "Life insurance co., credit union, finance co.", 
                            "count": 32, 
                            "value": 2528
                        }, 
                        {
                            "name": "Affiliate institution", 
                            "count": 8, 
                            "value": 1049
                        }, 
                        {
                            "name": "Other", 
                            "count": 349, 
                            "value": 36524
                        }
                    ]
                }, 
                {
                    "applicantincome": "50-79% of MSA/MD median", 
                    "purchasers": [
                        {
                            "name": "Fannie Mae", 
                            "count": 329, 
                            "value": 43837
                        }, 
                        {
                            "name": "Ginnie Mae", 
                            "count": 200, 
                            "value": 29193
                        }, 
                        {
                            "name": "Freddie Mac", 
                            "count": 159, 
                            "value": 23101
                        }, 
                        {
                            "name": "Farmer Mac", 
                            "count": 0, 
                            "value": 0
                        }, 
                        {
                            "name": "Private Securitization", 
                            "count": 2, 
                            "value": 143
                        }, 
                        {
                            "name": "Commercial bank, savings bank or association", 
                            "count": 142, 
                            "value": 20480
                        }, 
                        {
                            "name": "Life insurance co., credit union, finance co.", 
                            "count": 64, 
                            "value": 5955
                        }, 
                        {
                            "name": "Affiliate institution", 
                            "count": 18, 
                            "value": 3072
                        }, 
                        {
                            "name": "Other", 
                            "count": 804, 
                            "value": 105022
                        }
                    ]
                }, 
                {
                    "applicantincome": "80-99% of MSA/MD median", 
                    "purchasers": [
                        {
                            "name": "Fannie Mae", 
                            "count": 237, 
                            "value": 37502
                        }, 
                        {
                            "name": "Ginnie Mae", 
                            "count": 113, 
                            "value": 20554
                        }, 
                        {
                            "name": "Freddie Mac", 
                            "count": 160, 
                            "value": 27303
                        }, 
                        {
                            "name": "Farmer Mac", 
                            "count": 0, 
                            "value": 0
                        }, 
                        {
                            "name": "Private Securitization", 
                            "count": 4, 
                            "value": 823
                        }, 
                        {
                            "name": "Commercial bank, savings bank or association", 
                            "count": 111, 
                            "value": 18424
                        }, 
                        {
                            "name": "Life insurance co., credit union, finance co.", 
                            "count": 24, 
                            "value": 3476
                        }, 
                        {
                            "name": "Affiliate institution", 
                            "count": 20, 
                            "value": 3677
                        }, 
                        {
                            "name": "Other", 
                            "count": 554, 
                            "value": 86493
                        }
                    ]
                }, 
                {
                    "applicantincome": "100-119% of MSA/MD median", 
                    "purchasers": [
                        {
                            "name": "Fannie Mae", 
                            "count": 230, 
                            "value": 40759
                        }, 
                        {
                            "name": "Ginnie Mae", 
                            "count": 85, 
                            "value": 17927
                        }, 
                        {
                            "name": "Freddie Mac", 
                            "count": 131, 
                            "value": 23084
                        }, 
                        {
                            "name": "Farmer Mac", 
                            "count": 0, 
                            "value": 0
                        }, 
                        {
                            "name": "Private Securitization", 
                            "count": 2, 
                            "value": 99
                        }, 
                        {
                            "name": "Commercial bank, savings bank or association", 
                            "count": 100, 
                            "value": 18500
                        }, 
                        {
                            "name": "Life insurance co., credit union, finance co.", 
                            "count": 23, 
                            "value": 3086
                        }, 
                        {
                            "name": "Affiliate institution", 
                            "count": 14, 
                            "value": 2553
                        }, 
                        {
                            "name": "Other", 
                            "count": 500, 
                            "value": 82489
                        }
                    ]
                }, 
                {
                    "applicantincome": "120% or more of MSA/MD median", 
                    "purchasers": [
                        {
                            "name": "Fannie Mae", 
                            "count": 1199, 
                            "value": 248524
                        }, 
                        {
                            "name": "Ginnie Mae", 
                            "count": 175, 
                            "value": 40817
                        }, 
                        {
                            "name": "Freddie Mac", 
                            "count": 654, 
                            "value": 141076
                        }, 
                        {
                            "name": "Farmer Mac", 
                            "count": 0, 
                            "value": 0
                        }, 
                        {
                            "name": "Private Securitization", 
                            "count": 23, 
                            "value": 5428
                        }, 
                        {
                            "name": "Commercial bank, savings bank or association", 
                            "count": 440, 
                            "value": 103006
                        }, 
                        {
                            "name": "Life insurance co., credit union, finance co.", 
                            "count": 57, 
                            "value": 12716
                        }, 
                        {
                            "name": "Affiliate institution", 
                            "count": 69, 
                            "value": 16288
                        }, 
                        {
                            "name": "Other", 
                            "count": 2223, 
                            "value": 512508
                        }
                    ]
                }, 
                {
                    "applicantincome": "income not available", 
                    "purchasers": [
                        {
                            "name": "Fannie Mae", 
                            "count": 271, 
                            "value": 49201
                        }, 
                        {
                            "name": "Ginnie Mae", 
                            "count": 487, 
                            "value": 95614
                        }, 
                        {
                            "name": "Freddie Mac", 
                            "count": 491, 
                            "value": 100497
                        }, 
                        {
                            "name": "Farmer Mac", 
                            "count": 0, 
                            "value": 0
                        }, 
                        {
                            "name": "Private Securitization", 
                            "count": 0, 
                            "value": 0
                        }, 
                        {
                            "name": "Commercial bank, savings bank or association", 
                            "count": 66, 
                            "value": 13770
                        }, 
                        {
                            "name": "Life insurance co., credit union, finance co.", 
                            "count": 19, 
                            "value": 4493
                        }, 
                        {
                            "name": "Affiliate institution", 
                            "count": 2, 
                            "value": 596
                        }, 
                        {
                            "name": "Other", 
                            "count": 701, 
                            "value": 135300
                        }
                    ]
                }
            ]
        }
    ], 
    "censuscharacteristics": [
        {
            "characteristic": "Racial/Ethnic Composition", 
            "tractpctminority": [
                {
                    "tractpctminorit": "Less than 10% minority", 
                    "purchasers": [
                        {
                            "name": "Fannie Mae", 
                            "count": 655, 
                            "value": 125943
                        }, 
                        {
                            "name": "Ginnie Mae", 
                            "count": 248, 
                            "value": 49649
                        }, 
                        {
                            "name": "Freddie Mac", 
                            "count": 460, 
                            "value": 93131
                        }, 
                        {
                            "name": "Farmer Mac", 
                            "count": 0, 
                            "value": 0
                        }, 
                        {
                            "name": "Private Securitization", 
                            "count": 9, 
                            "value": 2244
                        }, 
                        {
                            "name": "Commercial bank, savings bank or association", 
                            "count": 236, 
                            "value": 51599
                        }, 
                        {
                            "name": "Life insurance co., credit union, finance co.", 
                            "count": 48, 
                            "value": 8315
                        }, 
                        {
                            "name": "Affiliate institution", 
                            "count": 38, 
                            "value": 8615
                        }, 
                        {
                            "name": "Other", 
                            "count": 1437, 
                            "value": 292991
                        }
                    ]
                }, 
                {
                    "tractpctminorit": "10-19% minority", 
                    "purchasers": [
                        {
                            "name": "Fannie Mae", 
                            "count": 1754, 
                            "value": 310371
                        }, 
                        {
                            "name": "Ginnie Mae", 
                            "count": 868, 
                            "value": 160341
                        }, 
                        {
                            "name": "Freddie Mac", 
                            "count": 1191, 
                            "value": 228740
                        }, 
                        {
                            "name": "Farmer Mac", 
                            "count": 0, 
                            "value": 0
                        }, 
                        {
                            "name": "Private Securitization", 
                            "count": 23, 
                            "value": 4359
                        }, 
                        {
                            "name": "Commercial bank, savings bank or association", 
                            "count": 659, 
                            "value": 125989
                        }, 
                        {
                            "name": "Life insurance co., credit union, finance co.", 
                            "count": 171, 
                            "value": 23939
                        }, 
                        {
                            "name": "Affiliate institution", 
                            "count": 93, 
                            "value": 18620
                        }, 
                        {
                            "name": "Other", 
                            "count": 3694, 
                            "value": 665345
                        }
                    ]
                }, 
                {
                    "tractpctminorit": "20-49% minority", 
                    "purchasers": [
                        {
                            "name": "Fannie Mae", 
                            "count": 0, 
                            "value": 0
                        }, 
                        {
                            "name": "Ginnie Mae", 
                            "count": 0, 
                            "value": 0
                        }, 
                        {
                            "name": "Freddie Mac", 
                            "count": 0, 
                            "value": 0
                        }, 
                        {
                            "name": "Farmer Mac", 
                            "count": 0, 
                            "value": 0
                        }, 
                        {
                            "name": "Private Securitization", 
                            "count": 0, 
                            "value": 0
                        }, 
                        {
                            "name": "Commercial bank, savings bank or association", 
                            "count": 0, 
                            "value": 0
                        }, 
                        {
                            "name": "Life insurance co., credit union, finance co.", 
                            "count": 0, 
                            "value": 0
                        }, 
                        {
                            "name": "Affiliate institution", 
                            "count": 0, 
                            "value": 0
                        }, 
                        {
                            "name": "Other", 
                            "count": 0, 
                            "value": 0
                        }
                    ]
                }, 
                {
                    "tractpctminorit": "50-79% minority", 
                    "purchasers": [
                        {
                            "name": "Fannie Mae", 
                            "count": 0, 
                            "value": 0
                        }, 
                        {
                            "name": "Ginnie Mae", 
                            "count": 0, 
                            "value": 0
                        }, 
                        {
                            "name": "Freddie Mac", 
                            "count": 0, 
                            "value": 0
                        }, 
                        {
                            "name": "Farmer Mac", 
                            "count": 0, 
                            "value": 0
                        }, 
                        {
                            "name": "Private Securitization", 
                            "count": 0, 
                            "value": 0
                        }, 
                        {
                            "name": "Commercial bank, savings bank or association", 
                            "count": 0, 
                            "value": 0
                        }, 
                        {
                            "name": "Life insurance co., credit union, finance co.", 
                            "count": 0, 
                            "value": 0
                        }, 
                        {
                            "name": "Affiliate institution", 
                            "count": 0, 
                            "value": 0
                        }, 
                        {
                            "name": "Other", 
                            "count": 0, 
                            "value": 0
                        }
                    ]
                }, 
                {
                    "tractpctminorit": "80-100% minority", 
                    "purchasers": [
                        {
                            "name": "Fannie Mae", 
                            "count": 0, 
                            "value": 0
                        }, 
                        {
                            "name": "Ginnie Mae", 
                            "count": 0, 
                            "value": 0
                        }, 
                        {
                            "name": "Freddie Mac", 
                            "count": 0, 
                            "value": 0
                        }, 
                        {
                            "name": "Farmer Mac", 
                            "count": 0, 
                            "value": 0
                        }, 
                        {
                            "name": "Private Securitization", 
                            "count": 0, 
                            "value": 0
                        }, 
                        {
                            "name": "Commercial bank, savings bank or association", 
                            "count": 0, 
                            "value": 0
                        }, 
                        {
                            "name": "Life insurance co., credit union, finance co.", 
                            "count": 0, 
                            "value": 0
                        }, 
                        {
                            "name": "Affiliate institution", 
                            "count": 0, 
                            "value": 0
                        }, 
                        {
                            "name": "Other", 
                            "count": 0, 
                            "value": 0
                        }
                    ]
                }
            ]
        }, 
        {
            "characteristic": "Income", 
            "incomelevel": [
                {
                    "incomeleve": "Low income", 
                    "purchasers": [
                        {
                            "name": "Fannie Mae", 
                            "count": 0, 
                            "value": 0
                        }, 
                        {
                            "name": "Ginnie Mae", 
                            "count": 0, 
                            "value": 0
                        }, 
                        {
                            "name": "Freddie Mac", 
                            "count": 0, 
                            "value": 0
                        }, 
                        {
                            "name": "Farmer Mac", 
                            "count": 0, 
                            "value": 0
                        }, 
                        {
                            "name": "Private Securitization", 
                            "count": 0, 
                            "value": 0
                        }, 
                        {
                            "name": "Commercial bank, savings bank or association", 
                            "count": 0, 
                            "value": 0
                        }, 
                        {
                            "name": "Life insurance co., credit union, finance co.", 
                            "count": 0, 
                            "value": 0
                        }, 
                        {
                            "name": "Affiliate institution", 
                            "count": 0, 
                            "value": 0
                        }, 
                        {
                            "name": "Other", 
                            "count": 0, 
                            "value": 0
                        }
                    ]
                }, 
                {
                    "incomeleve": "Moderate income", 
                    "purchasers": [
                        {
                            "name": "Fannie Mae", 
                            "count": 0, 
                            "value": 0
                        }, 
                        {
                            "name": "Ginnie Mae", 
                            "count": 0, 
                            "value": 0
                        }, 
                        {
                            "name": "Freddie Mac", 
                            "count": 0, 
                            "value": 0
                        }, 
                        {
                            "name": "Farmer Mac", 
                            "count": 0, 
                            "value": 0
                        }, 
                        {
                            "name": "Private Securitization", 
                            "count": 0, 
                            "value": 0
                        }, 
                        {
                            "name": "Commercial bank, savings bank or association", 
                            "count": 0, 
                            "value": 0
                        }, 
                        {
                            "name": "Life insurance co., credit union, finance co.", 
                            "count": 0, 
                            "value": 0
                        }, 
                        {
                            "name": "Affiliate institution", 
                            "count": 0, 
                            "value": 0
                        }, 
                        {
                            "name": "Other", 
                            "count": 0, 
                            "value": 0
                        }
                    ]
                }, 
                {
                    "incomeleve": "Middle income", 
                    "purchasers": [
                        {
                            "name": "Fannie Mae", 
                            "count": 2020, 
                            "value": 357171
                        }, 
                        {
                            "name": "Ginnie Mae", 
                            "count": 953, 
                            "value": 175997
                        }, 
                        {
                            "name": "Freddie Mac", 
                            "count": 1374, 
                            "value": 261163
                        }, 
                        {
                            "name": "Farmer Mac", 
                            "count": 0, 
                            "value": 0
                        }, 
                        {
                            "name": "Private Securitization", 
                            "count": 29, 
                            "value": 5751
                        }, 
                        {
                            "name": "Commercial bank, savings bank or association", 
                            "count": 741, 
                            "value": 141505
                        }, 
                        {
                            "name": "Life insurance co., credit union, finance co.", 
                            "count": 186, 
                            "value": 26292
                        }, 
                        {
                            "name": "Affiliate institution", 
                            "count": 113, 
                            "value": 22896
                        }, 
                        {
                            "name": "Other", 
                            "count": 4349, 
                            "value": 782892
                        }
                    ]
                }, 
                {
                    "incomeleve": "Upper income", 
                    "purchasers": [
                        {
                            "name": "Fannie Mae", 
                            "count": 389, 
                            "value": 79143
                        }, 
                        {
                            "name": "Ginnie Mae", 
                            "count": 163, 
                            "value": 33993
                        }, 
                        {
                            "name": "Freddie Mac", 
                            "count": 277, 
                            "value": 60708
                        }, 
                        {
                            "name": "Farmer Mac", 
                            "count": 0, 
                            "value": 0
                        }, 
                        {
                            "name": "Private Securitization", 
                            "count": 3, 
                            "value": 852
                        }, 
                        {
                            "name": "Commercial bank, savings bank or association", 
                            "count": 154, 
                            "value": 36083
                        }, 
                        {
                            "name": "Life insurance co., credit union, finance co.", 
                            "count": 33, 
                            "value": 5962
                        }, 
                        {
                            "name": "Affiliate institution", 
                            "count": 18, 
                            "value": 4339
                        }, 
                        {
                            "name": "Other", 
                            "count": 782, 
                            "value": 175444
                        }
                    ]
                }
            ]
        }
    ], 
    "total": {
        "purchasers": [
            {
                "name": "Fannie Mae", 
                "count": 2409, 
                "value": 436314
            }, 
            {
                "name": "Ginnie Mae", 
                "count": 1116, 
                "value": 209990
            }, 
            {
                "name": "Freddie Mac", 
                "count": 1651, 
                "value": 321871
            }, 
            {
                "name": "Farmer Mac", 
                "count": 0, 
                "value": 0
            }, 
            {
                "name": "Private Securitization", 
                "count": 32, 
                "value": 6603
            }, 
            {
                "name": "Commercial bank, savings bank or association", 
                "count": 895, 
                "value": 177588
            }, 
            {
                "name": "Life insurance co., credit union, finance co.", 
                "count": 219, 
                "value": 32254
            }, 
            {
                "name": "Affiliate institution", 
                "count": 131, 
                "value": 27235
            }, 
            {
                "name": "Other", 
                "count": 5131, 
                "value": 958336
            }
        ]
    }
}