{
    "table": "3-1", 
    "type": "aggregate", 
    "desc": "Loans sold. By characteristics of borrower and census tract in which property is located and by type of purchaser (includes originations and purchased loans).", 
    "year": "2012", 
    "msa": {
        "id": "36540", 
        "name": "Omaha-Council-Bluffs", 
        "state": "NE", 
        "state_name": "Nebraska"
    }, 
    "borrowercharacteristics": [
        {
            "characteristic": "Race", 
            "races": [
                {
                    "race": "American Indian/Alaska Native", 
                    "purchasers": [
                        {
                            "name": "Fannie Mae", 
                            "count": 0, 
                            "value": 0
                        }, 
                        {
                            "name": "Ginnie Mae", 
                            "count": 0, 
                            "value": 0
                        }, 
                        {
                            "name": "Freddie Mac", 
                            "count": 0, 
                            "value": 0
                        }, 
                        {
                            "name": "Farmer Mac", 
                            "count": 0, 
                            "value": 0
                        }, 
                        {
                            "name": "Private Securitization", 
                            "count": 0, 
                            "value": 0
                        }, 
                        {
                            "name": "Commercial bank, savings bank or association", 
                            "count": 0, 
                            "value": 0
                        }, 
                        {
                            "name": "Life insurance co., credit union, finance co.", 
                            "count": 0, 
                            "value": 0
                        }, 
                        {
                            "name": "Affiliate institution", 
                            "count": 0, 
                            "value": 0
                        }, 
                        {
                            "name": "Other", 
                            "count": 0, 
                            "value": 0
                        }
                    ]
                }, 
                {
                    "race": "Asian", 
                    "purchasers": [
                        {
                            "name": "Fannie Mae", 
                            "count": 4, 
                            "value": 510.0
                        }, 
                        {
                            "name": "Ginnie Mae", 
                            "count": 5, 
                            "value": 696.0
                        }, 
                        {
                            "name": "Freddie Mac", 
                            "count": 2, 
                            "value": 260.0
                        }, 
                        {
                            "name": "Farmer Mac", 
                            "count": 0, 
                            "value": 0
                        }, 
                        {
                            "name": "Private Securitization", 
                            "count": 0, 
                            "value": 0
                        }, 
                        {
                            "name": "Commercial bank, savings bank or association", 
                            "count": 5, 
                            "value": 711.0
                        }, 
                        {
                            "name": "Life insurance co., credit union, finance co.", 
                            "count": 0, 
                            "value": 0
                        }, 
                        {
                            "name": "Affiliate institution", 
                            "count": 0, 
                            "value": 0
                        }, 
                        {
                            "name": "Other", 
                            "count": 27, 
                            "value": 2882.0
                        }
                    ]
                }, 
                {
                    "race": "Black or African American", 
                    "purchasers": [
                        {
                            "name": "Fannie Mae", 
                            "count": 71, 
                            "value": 12464.0
                        }, 
                        {
                            "name": "Ginnie Mae", 
                            "count": 48, 
                            "value": 5914.0
                        }, 
                        {
                            "name": "Freddie Mac", 
                            "count": 45, 
                            "value": 7347.0
                        }, 
                        {
                            "name": "Farmer Mac", 
                            "count": 0, 
                            "value": 0
                        }, 
                        {
                            "name": "Private Securitization", 
                            "count": 0, 
                            "value": 0
                        }, 
                        {
                            "name": "Commercial bank, savings bank or association", 
                            "count": 66, 
                            "value": 10819.0
                        }, 
                        {
                            "name": "Life insurance co., credit union, finance co.", 
                            "count": 13, 
                            "value": 2812.0
                        }, 
                        {
                            "name": "Affiliate institution", 
                            "count": 4, 
                            "value": 505.0
                        }, 
                        {
                            "name": "Other", 
                            "count": 154, 
                            "value": 23918.0
                        }
                    ]
                }, 
                {
                    "race": "Native Hawaiian or Pacific Islander", 
                    "purchasers": [
                        {
                            "name": "Fannie Mae", 
                            "count": 48, 
                            "value": 7527.0
                        }, 
                        {
                            "name": "Ginnie Mae", 
                            "count": 56, 
                            "value": 9795.0
                        }, 
                        {
                            "name": "Freddie Mac", 
                            "count": 14, 
                            "value": 2041.0
                        }, 
                        {
                            "name": "Farmer Mac", 
                            "count": 0, 
                            "value": 0
                        }, 
                        {
                            "name": "Private Securitization", 
                            "count": 0, 
                            "value": 0
                        }, 
                        {
                            "name": "Commercial bank, savings bank or association", 
                            "count": 24, 
                            "value": 4031.0
                        }, 
                        {
                            "name": "Life insurance co., credit union, finance co.", 
                            "count": 9, 
                            "value": 1584.0
                        }, 
                        {
                            "name": "Affiliate institution", 
                            "count": 20, 
                            "value": 2533.0
                        }, 
                        {
                            "name": "Other", 
                            "count": 225, 
                            "value": 26590.0
                        }
                    ]
                }, 
                {
                    "race": "White", 
                    "purchasers": [
                        {
                            "name": "Fannie Mae", 
                            "count": 4, 
                            "value": 750.0
                        }, 
                        {
                            "name": "Ginnie Mae", 
                            "count": 4, 
                            "value": 738.0
                        }, 
                        {
                            "name": "Freddie Mac", 
                            "count": 3, 
                            "value": 427.0
                        }, 
                        {
                            "name": "Farmer Mac", 
                            "count": 0, 
                            "value": 0
                        }, 
                        {
                            "name": "Private Securitization", 
                            "count": 0, 
                            "value": 0
                        }, 
                        {
                            "name": "Commercial bank, savings bank or association", 
                            "count": 3, 
                            "value": 887.0
                        }, 
                        {
                            "name": "Life insurance co., credit union, finance co.", 
                            "count": 0, 
                            "value": 0
                        }, 
                        {
                            "name": "Affiliate institution", 
                            "count": 0, 
                            "value": 0
                        }, 
                        {
                            "name": "Other", 
                            "count": 12, 
                            "value": 1697.0
                        }
                    ]
                }, 
                {
                    "race": "2 or more minority races", 
                    "purchasers": [
                        {
                            "name": "Fannie Mae", 
                            "count": 7385, 
                            "value": 1280307.0
                        }, 
                        {
                            "name": "Ginnie Mae", 
                            "count": 3514, 
                            "value": 598896.0
                        }, 
                        {
                            "name": "Freddie Mac", 
                            "count": 2782, 
                            "value": 485697.0
                        }, 
                        {
                            "name": "Farmer Mac", 
                            "count": 0, 
                            "value": 0
                        }, 
                        {
                            "name": "Private Securitization", 
                            "count": 46, 
                            "value": 7220.0
                        }, 
                        {
                            "name": "Commercial bank, savings bank or association", 
                            "count": 3696, 
                            "value": 690861.0
                        }, 
                        {
                            "name": "Life insurance co., credit union, finance co.", 
                            "count": 1004, 
                            "value": 181079.0
                        }, 
                        {
                            "name": "Affiliate institution", 
                            "count": 529, 
                            "value": 74075.0
                        }, 
                        {
                            "name": "Other", 
                            "count": 12830, 
                            "value": 1899849.0
                        }
                    ]
                }, 
                {
                    "race": "Joint", 
                    "purchasers": [
                        {
                            "name": "Fannie Mae", 
                            "count": 817, 
                            "value": 141656.0
                        }, 
                        {
                            "name": "Ginnie Mae", 
                            "count": 357, 
                            "value": 59926.0
                        }, 
                        {
                            "name": "Freddie Mac", 
                            "count": 187, 
                            "value": 35052.0
                        }, 
                        {
                            "name": "Farmer Mac", 
                            "count": 0, 
                            "value": 0
                        }, 
                        {
                            "name": "Private Securitization", 
                            "count": 10, 
                            "value": 1756.0
                        }, 
                        {
                            "name": "Commercial bank, savings bank or association", 
                            "count": 102, 
                            "value": 19031.0
                        }, 
                        {
                            "name": "Life insurance co., credit union, finance co.", 
                            "count": 93, 
                            "value": 15516.0
                        }, 
                        {
                            "name": "Affiliate institution", 
                            "count": 33, 
                            "value": 4063.0
                        }, 
                        {
                            "name": "Other", 
                            "count": 1977, 
                            "value": 262672.0
                        }
                    ]
                }, 
                {
                    "race": "Not Provided", 
                    "purchasers": [
                        {
                            "name": "Fannie Mae", 
                            "count": 1378, 
                            "value": 220431.0
                        }, 
                        {
                            "name": "Ginnie Mae", 
                            "count": 1580, 
                            "value": 229495.0
                        }, 
                        {
                            "name": "Freddie Mac", 
                            "count": 1042, 
                            "value": 178612.0
                        }, 
                        {
                            "name": "Farmer Mac", 
                            "count": 0, 
                            "value": 0
                        }, 
                        {
                            "name": "Private Securitization", 
                            "count": 0, 
                            "value": 0
                        }, 
                        {
                            "name": "Commercial bank, savings bank or association", 
                            "count": 177, 
                            "value": 34914.0
                        }, 
                        {
                            "name": "Life insurance co., credit union, finance co.", 
                            "count": 12, 
                            "value": 2004.0
                        }, 
                        {
                            "name": "Affiliate institution", 
                            "count": 53, 
                            "value": 9753.0
                        }, 
                        {
                            "name": "Other", 
                            "count": 1039, 
                            "value": 167340.0
                        }
                    ]
                }, 
                {
                    "race": "Not Applicable", 
                    "purchasers": [
                        {
                            "name": "Fannie Mae", 
                            "count": 4890, 
                            "value": 697547.0
                        }, 
                        {
                            "name": "Ginnie Mae", 
                            "count": 3910, 
                            "value": 549206.0
                        }, 
                        {
                            "name": "Freddie Mac", 
                            "count": 1729, 
                            "value": 249397.0
                        }, 
                        {
                            "name": "Farmer Mac", 
                            "count": 0, 
                            "value": 0
                        }, 
                        {
                            "name": "Private Securitization", 
                            "count": 29, 
                            "value": 4423.0
                        }, 
                        {
                            "name": "Commercial bank, savings bank or association", 
                            "count": 2906, 
                            "value": 408717.0
                        }, 
                        {
                            "name": "Life insurance co., credit union, finance co.", 
                            "count": 730, 
                            "value": 107170.0
                        }, 
                        {
                            "name": "Affiliate institution", 
                            "count": 404, 
                            "value": 46417.0
                        }, 
                        {
                            "name": "Other", 
                            "count": 13253, 
                            "value": 1615112.0
                        }
                    ]
                }, 
                {
                    "race": "No co-applicant", 
                    "purchasers": [
                        {
                            "name": "Fannie Mae", 
                            "count": 0, 
                            "value": 0
                        }, 
                        {
                            "name": "Ginnie Mae", 
                            "count": 0, 
                            "value": 0
                        }, 
                        {
                            "name": "Freddie Mac", 
                            "count": 0, 
                            "value": 0
                        }, 
                        {
                            "name": "Farmer Mac", 
                            "count": 0, 
                            "value": 0
                        }, 
                        {
                            "name": "Private Securitization", 
                            "count": 0, 
                            "value": 0
                        }, 
                        {
                            "name": "Commercial bank, savings bank or association", 
                            "count": 0, 
                            "value": 0
                        }, 
                        {
                            "name": "Life insurance co., credit union, finance co.", 
                            "count": 0, 
                            "value": 0
                        }, 
                        {
                            "name": "Affiliate institution", 
                            "count": 0, 
                            "value": 0
                        }, 
                        {
                            "name": "Other", 
                            "count": 0, 
                            "value": 0
                        }
                    ]
                }
            ]
        }, 
        {
            "characteristic": "Ethnicity", 
            "ethnicities": [
                {
                    "ethnicitie": "Hispanic or Latino", 
                    "purchasers": [
                        {
                            "name": "Fannie Mae", 
                            "count": 58, 
                            "value": 7190
                        }, 
                        {
                            "name": "Ginnie Mae", 
                            "count": 68, 
                            "value": 8924
                        }, 
                        {
                            "name": "Freddie Mac", 
                            "count": 26, 
                            "value": 3559
                        }, 
                        {
                            "name": "Farmer Mac", 
                            "count": 0, 
                            "value": 0
                        }, 
                        {
                            "name": "Private Securitization", 
                            "count": 0, 
                            "value": 0
                        }, 
                        {
                            "name": "Commercial bank, savings bank or association", 
                            "count": 63, 
                            "value": 7606
                        }, 
                        {
                            "name": "Life insurance co., credit union, finance co.", 
                            "count": 5, 
                            "value": 1075
                        }, 
                        {
                            "name": "Affiliate institution", 
                            "count": 5, 
                            "value": 481
                        }, 
                        {
                            "name": "Other", 
                            "count": 278, 
                            "value": 27955
                        }
                    ]
                }, 
                {
                    "ethnicitie": "Not Hispanic or Latino", 
                    "purchasers": [
                        {
                            "name": "Fannie Mae", 
                            "count": 11465, 
                            "value": 1851184
                        }, 
                        {
                            "name": "Ginnie Mae", 
                            "count": 6751, 
                            "value": 1048463
                        }, 
                        {
                            "name": "Freddie Mac", 
                            "count": 4335, 
                            "value": 707849
                        }, 
                        {
                            "name": "Farmer Mac", 
                            "count": 0, 
                            "value": 0
                        }, 
                        {
                            "name": "Private Securitization", 
                            "count": 70, 
                            "value": 10513
                        }, 
                        {
                            "name": "Commercial bank, savings bank or association", 
                            "count": 6226, 
                            "value": 1054610
                        }, 
                        {
                            "name": "Life insurance co., credit union, finance co.", 
                            "count": 1681, 
                            "value": 281995
                        }, 
                        {
                            "name": "Affiliate institution", 
                            "count": 847, 
                            "value": 110152
                        }, 
                        {
                            "name": "Other", 
                            "count": 22855, 
                            "value": 3066166
                        }
                    ]
                }, 
                {
                    "ethnicitie": "Not provided", 
                    "purchasers": [
                        {
                            "name": "Fannie Mae", 
                            "count": 310, 
                            "value": 43211
                        }, 
                        {
                            "name": "Ginnie Mae", 
                            "count": 306, 
                            "value": 42449
                        }, 
                        {
                            "name": "Freddie Mac", 
                            "count": 101, 
                            "value": 14092
                        }, 
                        {
                            "name": "Farmer Mac", 
                            "count": 0, 
                            "value": 0
                        }, 
                        {
                            "name": "Private Securitization", 
                            "count": 1, 
                            "value": 417
                        }, 
                        {
                            "name": "Commercial bank, savings bank or association", 
                            "count": 259, 
                            "value": 30068
                        }, 
                        {
                            "name": "Life insurance co., credit union, finance co.", 
                            "count": 47, 
                            "value": 6490
                        }, 
                        {
                            "name": "Affiliate institution", 
                            "count": 28, 
                            "value": 3609
                        }, 
                        {
                            "name": "Other", 
                            "count": 1058, 
                            "value": 106782
                        }
                    ]
                }, 
                {
                    "ethnicitie": "Not applicable", 
                    "purchasers": [
                        {
                            "name": "Fannie Mae", 
                            "count": 2764, 
                            "value": 459607
                        }, 
                        {
                            "name": "Ginnie Mae", 
                            "count": 2349, 
                            "value": 354830
                        }, 
                        {
                            "name": "Freddie Mac", 
                            "count": 1342, 
                            "value": 233333
                        }, 
                        {
                            "name": "Farmer Mac", 
                            "count": 0, 
                            "value": 0
                        }, 
                        {
                            "name": "Private Securitization", 
                            "count": 14, 
                            "value": 2469
                        }, 
                        {
                            "name": "Commercial bank, savings bank or association", 
                            "count": 431, 
                            "value": 77687
                        }, 
                        {
                            "name": "Life insurance co., credit union, finance co.", 
                            "count": 128, 
                            "value": 20605
                        }, 
                        {
                            "name": "Affiliate institution", 
                            "count": 163, 
                            "value": 23104
                        }, 
                        {
                            "name": "Other", 
                            "count": 5326, 
                            "value": 799157
                        }
                    ]
                }, 
                {
                    "ethnicitie": "No co-applicant", 
                    "purchasers": [
                        {
                            "name": "Fannie Mae", 
                            "count": 0, 
                            "value": 0
                        }, 
                        {
                            "name": "Ginnie Mae", 
                            "count": 0, 
                            "value": 0
                        }, 
                        {
                            "name": "Freddie Mac", 
                            "count": 0, 
                            "value": 0
                        }, 
                        {
                            "name": "Farmer Mac", 
                            "count": 0, 
                            "value": 0
                        }, 
                        {
                            "name": "Private Securitization", 
                            "count": 0, 
                            "value": 0
                        }, 
                        {
                            "name": "Commercial bank, savings bank or association", 
                            "count": 0, 
                            "value": 0
                        }, 
                        {
                            "name": "Life insurance co., credit union, finance co.", 
                            "count": 0, 
                            "value": 0
                        }, 
                        {
                            "name": "Affiliate institution", 
                            "count": 0, 
                            "value": 0
                        }, 
                        {
                            "name": "Other", 
                            "count": 0, 
                            "value": 0
                        }
                    ]
                }
            ]
        }, 
        {
            "characteristic": "Minority Status", 
            "minoritystatuses": [
                {
                    "minoritystatuse": "White Non-Hispanic", 
                    "purchasers": [
                        {
                            "name": "Fannie Mae", 
                            "count": 13835, 
                            "value": 2249082
                        }, 
                        {
                            "name": "Ginnie Mae", 
                            "count": 8643, 
                            "value": 1334727
                        }, 
                        {
                            "name": "Freddie Mac", 
                            "count": 5491, 
                            "value": 912242
                        }, 
                        {
                            "name": "Farmer Mac", 
                            "count": 0, 
                            "value": 0
                        }, 
                        {
                            "name": "Private Securitization", 
                            "count": 83, 
                            "value": 12876
                        }, 
                        {
                            "name": "Commercial bank, savings bank or association", 
                            "count": 6320, 
                            "value": 1078746
                        }, 
                        {
                            "name": "Life insurance co., credit union, finance co.", 
                            "count": 1729, 
                            "value": 288531
                        }, 
                        {
                            "name": "Affiliate institution", 
                            "count": 949, 
                            "value": 125295
                        }, 
                        {
                            "name": "Other", 
                            "count": 26681, 
                            "value": 3693056
                        }
                    ]
                }, 
                {
                    "minoritystatuse": "Others, Including Hispanic", 
                    "purchasers": [
                        {
                            "name": "Fannie Mae", 
                            "count": 762, 
                            "value": 112110
                        }, 
                        {
                            "name": "Ginnie Mae", 
                            "count": 831, 
                            "value": 119939
                        }, 
                        {
                            "name": "Freddie Mac", 
                            "count": 313, 
                            "value": 46591
                        }, 
                        {
                            "name": "Farmer Mac", 
                            "count": 0, 
                            "value": 0
                        }, 
                        {
                            "name": "Private Securitization", 
                            "count": 2, 
                            "value": 523
                        }, 
                        {
                            "name": "Commercial bank, savings bank or association", 
                            "count": 659, 
                            "value": 91225
                        }, 
                        {
                            "name": "Life insurance co., credit union, finance co.", 
                            "count": 132, 
                            "value": 21634
                        }, 
                        {
                            "name": "Affiliate institution", 
                            "count": 94, 
                            "value": 12051
                        }, 
                        {
                            "name": "Other", 
                            "count": 2836, 
                            "value": 307004
                        }
                    ]
                }
            ]
        }, 
        {
            "characteristic": "Applicant Income", 
            "applicantincomes": [
                {
                    "applicantincome": "Less than 50% of MSA/MD median", 
                    "purchasers": [
                        {
                            "name": "Fannie Mae", 
                            "count": 848, 
                            "value": 70637
                        }, 
                        {
                            "name": "Ginnie Mae", 
                            "count": 659, 
                            "value": 62773
                        }, 
                        {
                            "name": "Freddie Mac", 
                            "count": 273, 
                            "value": 22060
                        }, 
                        {
                            "name": "Farmer Mac", 
                            "count": 0, 
                            "value": 0
                        }, 
                        {
                            "name": "Private Securitization", 
                            "count": 5, 
                            "value": 335
                        }, 
                        {
                            "name": "Commercial bank, savings bank or association", 
                            "count": 638, 
                            "value": 55417
                        }, 
                        {
                            "name": "Life insurance co., credit union, finance co.", 
                            "count": 110, 
                            "value": 10397
                        }, 
                        {
                            "name": "Affiliate institution", 
                            "count": 99, 
                            "value": 7921
                        }, 
                        {
                            "name": "Other", 
                            "count": 3417, 
                            "value": 241755
                        }
                    ]
                }, 
                {
                    "applicantincome": "50-79% of MSA/MD median", 
                    "purchasers": [
                        {
                            "name": "Fannie Mae", 
                            "count": 2323, 
                            "value": 256315
                        }, 
                        {
                            "name": "Ginnie Mae", 
                            "count": 1604, 
                            "value": 203247
                        }, 
                        {
                            "name": "Freddie Mac", 
                            "count": 837, 
                            "value": 90464
                        }, 
                        {
                            "name": "Farmer Mac", 
                            "count": 0, 
                            "value": 0
                        }, 
                        {
                            "name": "Private Securitization", 
                            "count": 9, 
                            "value": 1031
                        }, 
                        {
                            "name": "Commercial bank, savings bank or association", 
                            "count": 1415, 
                            "value": 166503
                        }, 
                        {
                            "name": "Life insurance co., credit union, finance co.", 
                            "count": 307, 
                            "value": 36819
                        }, 
                        {
                            "name": "Affiliate institution", 
                            "count": 201, 
                            "value": 19870
                        }, 
                        {
                            "name": "Other", 
                            "count": 5781, 
                            "value": 529817
                        }
                    ]
                }, 
                {
                    "applicantincome": "80-99% of MSA/MD median", 
                    "purchasers": [
                        {
                            "name": "Fannie Mae", 
                            "count": 1558, 
                            "value": 200283
                        }, 
                        {
                            "name": "Ginnie Mae", 
                            "count": 805, 
                            "value": 120292
                        }, 
                        {
                            "name": "Freddie Mac", 
                            "count": 575, 
                            "value": 74542
                        }, 
                        {
                            "name": "Farmer Mac", 
                            "count": 0, 
                            "value": 0
                        }, 
                        {
                            "name": "Private Securitization", 
                            "count": 20, 
                            "value": 2181
                        }, 
                        {
                            "name": "Commercial bank, savings bank or association", 
                            "count": 720, 
                            "value": 104946
                        }, 
                        {
                            "name": "Life insurance co., credit union, finance co.", 
                            "count": 218, 
                            "value": 30062
                        }, 
                        {
                            "name": "Affiliate institution", 
                            "count": 125, 
                            "value": 14459
                        }, 
                        {
                            "name": "Other", 
                            "count": 3234, 
                            "value": 347866
                        }
                    ]
                }, 
                {
                    "applicantincome": "100-119% of MSA/MD median", 
                    "purchasers": [
                        {
                            "name": "Fannie Mae", 
                            "count": 1585, 
                            "value": 228810
                        }, 
                        {
                            "name": "Ginnie Mae", 
                            "count": 701, 
                            "value": 113214
                        }, 
                        {
                            "name": "Freddie Mac", 
                            "count": 643, 
                            "value": 90875
                        }, 
                        {
                            "name": "Farmer Mac", 
                            "count": 0, 
                            "value": 0
                        }, 
                        {
                            "name": "Private Securitization", 
                            "count": 10, 
                            "value": 1276
                        }, 
                        {
                            "name": "Commercial bank, savings bank or association", 
                            "count": 715, 
                            "value": 116860
                        }, 
                        {
                            "name": "Life insurance co., credit union, finance co.", 
                            "count": 208, 
                            "value": 32655
                        }, 
                        {
                            "name": "Affiliate institution", 
                            "count": 145, 
                            "value": 18401
                        }, 
                        {
                            "name": "Other", 
                            "count": 2817, 
                            "value": 337176
                        }
                    ]
                }, 
                {
                    "applicantincome": "120% or more of MSA/MD median", 
                    "purchasers": [
                        {
                            "name": "Fannie Mae", 
                            "count": 6788, 
                            "value": 1334980
                        }, 
                        {
                            "name": "Ginnie Mae", 
                            "count": 1445, 
                            "value": 291503
                        }, 
                        {
                            "name": "Freddie Mac", 
                            "count": 2547, 
                            "value": 506838
                        }, 
                        {
                            "name": "Farmer Mac", 
                            "count": 0, 
                            "value": 0
                        }, 
                        {
                            "name": "Private Securitization", 
                            "count": 41, 
                            "value": 8576
                        }, 
                        {
                            "name": "Commercial bank, savings bank or association", 
                            "count": 2584, 
                            "value": 564244
                        }, 
                        {
                            "name": "Life insurance co., credit union, finance co.", 
                            "count": 733, 
                            "value": 150787
                        }, 
                        {
                            "name": "Affiliate institution", 
                            "count": 443, 
                            "value": 71479
                        }, 
                        {
                            "name": "Other", 
                            "count": 10233, 
                            "value": 1846308
                        }
                    ]
                }, 
                {
                    "applicantincome": "income not available", 
                    "purchasers": [
                        {
                            "name": "Fannie Mae", 
                            "count": 1495, 
                            "value": 270167
                        }, 
                        {
                            "name": "Ginnie Mae", 
                            "count": 4260, 
                            "value": 663637
                        }, 
                        {
                            "name": "Freddie Mac", 
                            "count": 929, 
                            "value": 174054
                        }, 
                        {
                            "name": "Farmer Mac", 
                            "count": 0, 
                            "value": 0
                        }, 
                        {
                            "name": "Private Securitization", 
                            "count": 0, 
                            "value": 0
                        }, 
                        {
                            "name": "Commercial bank, savings bank or association", 
                            "count": 902, 
                            "value": 160761
                        }, 
                        {
                            "name": "Life insurance co., credit union, finance co.", 
                            "count": 284, 
                            "value": 49395
                        }, 
                        {
                            "name": "Affiliate institution", 
                            "count": 30, 
                            "value": 5216
                        }, 
                        {
                            "name": "Other", 
                            "count": 4029, 
                            "value": 696226
                        }
                    ]
                }
            ]
        }
    ], 
    "censuscharacteristics": [
        {
            "characteristic": "Racial/Ethnic Composition", 
            "tractpctminority": [
                {
                    "tractpctminorit": "Less than 10% minority", 
                    "purchasers": [
                        {
                            "name": "Fannie Mae", 
                            "count": 7445, 
                            "value": 1331343
                        }, 
                        {
                            "name": "Ginnie Mae", 
                            "count": 3145, 
                            "value": 530837
                        }, 
                        {
                            "name": "Freddie Mac", 
                            "count": 2954, 
                            "value": 542896
                        }, 
                        {
                            "name": "Farmer Mac", 
                            "count": 0, 
                            "value": 0
                        }, 
                        {
                            "name": "Private Securitization", 
                            "count": 50, 
                            "value": 8564
                        }, 
                        {
                            "name": "Commercial bank, savings bank or association", 
                            "count": 3195, 
                            "value": 598391
                        }, 
                        {
                            "name": "Life insurance co., credit union, finance co.", 
                            "count": 874, 
                            "value": 160851
                        }, 
                        {
                            "name": "Affiliate institution", 
                            "count": 379, 
                            "value": 56474
                        }, 
                        {
                            "name": "Other", 
                            "count": 12648, 
                            "value": 1989986
                        }
                    ]
                }, 
                {
                    "tractpctminorit": "10-19% minority", 
                    "purchasers": [
                        {
                            "name": "Fannie Mae", 
                            "count": 6855, 
                            "value": 1008673
                        }, 
                        {
                            "name": "Ginnie Mae", 
                            "count": 5900, 
                            "value": 888783
                        }, 
                        {
                            "name": "Freddie Mac", 
                            "count": 2747, 
                            "value": 406404
                        }, 
                        {
                            "name": "Farmer Mac", 
                            "count": 0, 
                            "value": 0
                        }, 
                        {
                            "name": "Private Securitization", 
                            "count": 34, 
                            "value": 4775
                        }, 
                        {
                            "name": "Commercial bank, savings bank or association", 
                            "count": 3571, 
                            "value": 554736
                        }, 
                        {
                            "name": "Life insurance co., credit union, finance co.", 
                            "count": 956, 
                            "value": 146762
                        }, 
                        {
                            "name": "Affiliate institution", 
                            "count": 623, 
                            "value": 78109
                        }, 
                        {
                            "name": "Other", 
                            "count": 14697, 
                            "value": 1841047
                        }
                    ]
                }, 
                {
                    "tractpctminorit": "20-49% minority", 
                    "purchasers": [
                        {
                            "name": "Fannie Mae", 
                            "count": 271, 
                            "value": 19343
                        }, 
                        {
                            "name": "Ginnie Mae", 
                            "count": 381, 
                            "value": 31845
                        }, 
                        {
                            "name": "Freddie Mac", 
                            "count": 97, 
                            "value": 9215
                        }, 
                        {
                            "name": "Farmer Mac", 
                            "count": 0, 
                            "value": 0
                        }, 
                        {
                            "name": "Private Securitization", 
                            "count": 1, 
                            "value": 60
                        }, 
                        {
                            "name": "Commercial bank, savings bank or association", 
                            "count": 179, 
                            "value": 13805
                        }, 
                        {
                            "name": "Life insurance co., credit union, finance co.", 
                            "count": 28, 
                            "value": 2383
                        }, 
                        {
                            "name": "Affiliate institution", 
                            "count": 38, 
                            "value": 2586
                        }, 
                        {
                            "name": "Other", 
                            "count": 1730, 
                            "value": 142808
                        }
                    ]
                }, 
                {
                    "tractpctminorit": "50-79% minority", 
                    "purchasers": [
                        {
                            "name": "Fannie Mae", 
                            "count": 26, 
                            "value": 1833
                        }, 
                        {
                            "name": "Ginnie Mae", 
                            "count": 48, 
                            "value": 3201
                        }, 
                        {
                            "name": "Freddie Mac", 
                            "count": 6, 
                            "value": 318
                        }, 
                        {
                            "name": "Farmer Mac", 
                            "count": 0, 
                            "value": 0
                        }, 
                        {
                            "name": "Private Securitization", 
                            "count": 0, 
                            "value": 0
                        }, 
                        {
                            "name": "Commercial bank, savings bank or association", 
                            "count": 29, 
                            "value": 1799
                        }, 
                        {
                            "name": "Life insurance co., credit union, finance co.", 
                            "count": 2, 
                            "value": 119
                        }, 
                        {
                            "name": "Affiliate institution", 
                            "count": 3, 
                            "value": 177
                        }, 
                        {
                            "name": "Other", 
                            "count": 436, 
                            "value": 25307
                        }
                    ]
                }, 
                {
                    "tractpctminorit": "80-100% minority", 
                    "purchasers": [
                        {
                            "name": "Fannie Mae", 
                            "count": 0, 
                            "value": 0
                        }, 
                        {
                            "name": "Ginnie Mae", 
                            "count": 0, 
                            "value": 0
                        }, 
                        {
                            "name": "Freddie Mac", 
                            "count": 0, 
                            "value": 0
                        }, 
                        {
                            "name": "Farmer Mac", 
                            "count": 0, 
                            "value": 0
                        }, 
                        {
                            "name": "Private Securitization", 
                            "count": 0, 
                            "value": 0
                        }, 
                        {
                            "name": "Commercial bank, savings bank or association", 
                            "count": 0, 
                            "value": 0
                        }, 
                        {
                            "name": "Life insurance co., credit union, finance co.", 
                            "count": 0, 
                            "value": 0
                        }, 
                        {
                            "name": "Affiliate institution", 
                            "count": 0, 
                            "value": 0
                        }, 
                        {
                            "name": "Other", 
                            "count": 0, 
                            "value": 0
                        }
                    ]
                }
            ]
        }, 
        {
            "characteristic": "Income", 
            "incomelevel": [
                {
                    "incomeleve": "Low income", 
                    "purchasers": [
                        {
                            "name": "Fannie Mae", 
                            "count": 174, 
                            "value": 17631
                        }, 
                        {
                            "name": "Ginnie Mae", 
                            "count": 217, 
                            "value": 18055
                        }, 
                        {
                            "name": "Freddie Mac", 
                            "count": 73, 
                            "value": 8463
                        }, 
                        {
                            "name": "Farmer Mac", 
                            "count": 0, 
                            "value": 0
                        }, 
                        {
                            "name": "Private Securitization", 
                            "count": 2, 
                            "value": 140
                        }, 
                        {
                            "name": "Commercial bank, savings bank or association", 
                            "count": 110, 
                            "value": 8479
                        }, 
                        {
                            "name": "Life insurance co., credit union, finance co.", 
                            "count": 16, 
                            "value": 1214
                        }, 
                        {
                            "name": "Affiliate institution", 
                            "count": 21, 
                            "value": 1724
                        }, 
                        {
                            "name": "Other", 
                            "count": 1311, 
                            "value": 116463
                        }
                    ]
                }, 
                {
                    "incomeleve": "Moderate income", 
                    "purchasers": [
                        {
                            "name": "Fannie Mae", 
                            "count": 1100, 
                            "value": 134046
                        }, 
                        {
                            "name": "Ginnie Mae", 
                            "count": 1143, 
                            "value": 139956
                        }, 
                        {
                            "name": "Freddie Mac", 
                            "count": 398, 
                            "value": 41419
                        }, 
                        {
                            "name": "Farmer Mac", 
                            "count": 0, 
                            "value": 0
                        }, 
                        {
                            "name": "Private Securitization", 
                            "count": 1, 
                            "value": 55
                        }, 
                        {
                            "name": "Commercial bank, savings bank or association", 
                            "count": 635, 
                            "value": 66034
                        }, 
                        {
                            "name": "Life insurance co., credit union, finance co.", 
                            "count": 143, 
                            "value": 16495
                        }, 
                        {
                            "name": "Affiliate institution", 
                            "count": 115, 
                            "value": 10318
                        }, 
                        {
                            "name": "Other", 
                            "count": 4354, 
                            "value": 397389
                        }
                    ]
                }, 
                {
                    "incomeleve": "Middle income", 
                    "purchasers": [
                        {
                            "name": "Fannie Mae", 
                            "count": 5617, 
                            "value": 786312
                        }, 
                        {
                            "name": "Ginnie Mae", 
                            "count": 4235, 
                            "value": 590771
                        }, 
                        {
                            "name": "Freddie Mac", 
                            "count": 2226, 
                            "value": 323735
                        }, 
                        {
                            "name": "Farmer Mac", 
                            "count": 0, 
                            "value": 0
                        }, 
                        {
                            "name": "Private Securitization", 
                            "count": 33, 
                            "value": 3985
                        }, 
                        {
                            "name": "Commercial bank, savings bank or association", 
                            "count": 2808, 
                            "value": 423523
                        }, 
                        {
                            "name": "Life insurance co., credit union, finance co.", 
                            "count": 744, 
                            "value": 112300
                        }, 
                        {
                            "name": "Affiliate institution", 
                            "count": 463, 
                            "value": 55327
                        }, 
                        {
                            "name": "Other", 
                            "count": 13007, 
                            "value": 1583618
                        }
                    ]
                }, 
                {
                    "incomeleve": "Upper income", 
                    "purchasers": [
                        {
                            "name": "Fannie Mae", 
                            "count": 7706, 
                            "value": 1423203
                        }, 
                        {
                            "name": "Ginnie Mae", 
                            "count": 3879, 
                            "value": 705884
                        }, 
                        {
                            "name": "Freddie Mac", 
                            "count": 3107, 
                            "value": 585216
                        }, 
                        {
                            "name": "Farmer Mac", 
                            "count": 0, 
                            "value": 0
                        }, 
                        {
                            "name": "Private Securitization", 
                            "count": 49, 
                            "value": 9219
                        }, 
                        {
                            "name": "Commercial bank, savings bank or association", 
                            "count": 3421, 
                            "value": 670695
                        }, 
                        {
                            "name": "Life insurance co., credit union, finance co.", 
                            "count": 957, 
                            "value": 180106
                        }, 
                        {
                            "name": "Affiliate institution", 
                            "count": 444, 
                            "value": 69977
                        }, 
                        {
                            "name": "Other", 
                            "count": 10834, 
                            "value": 1892841
                        }
                    ]
                }
            ]
        }
    ], 
    "total": {
        "purchasers": [
            {
                "name": "Fannie Mae", 
                "count": 14597, 
                "value": 2361192
            }, 
            {
                "name": "Ginnie Mae", 
                "count": 9474, 
                "value": 1454666
            }, 
            {
                "name": "Freddie Mac", 
                "count": 5804, 
                "value": 958833
            }, 
            {
                "name": "Farmer Mac", 
                "count": 0, 
                "value": 0
            }, 
            {
                "name": "Private Securitization", 
                "count": 85, 
                "value": 13399
            }, 
            {
                "name": "Commercial bank, savings bank or association", 
                "count": 6979, 
                "value": 1169971
            }, 
            {
                "name": "Life insurance co., credit union, finance co.", 
                "count": 1861, 
                "value": 310165
            }, 
            {
                "name": "Affiliate institution", 
                "count": 1043, 
                "value": 137346
            }, 
            {
                "name": "Other", 
                "count": 29517, 
                "value": 4000060
            }
        ]
    }
}