{
    "table": "3-1", 
    "type": "Aggregate", 
    "desc": "Loans sold, by characteristics of borrower and census tract in which property is located and by type of purchaser (includes originations and purchased loans),", 
    "year": "2012", 
    "msa": {
        "id": "33660", 
        "name": "Mobile", 
        "state": "AL", 
        "state_name": "Alabama"
    }, 
    "borrowercharacteristics": [
        {
            "characteristic": "Race", 
            "races": [
                {
                    "race": "American Indian/Alaska Native", 
                    "purchasers": [
                        {
                            "name": "Fannie Mae", 
                            "count": 6, 
                            "value": 1021.0
                        }, 
                        {
                            "name": "Ginnie Mae", 
                            "count": 6, 
                            "value": 742.0
                        }, 
                        {
                            "name": "Freddie Mac", 
                            "count": 1, 
                            "value": 130.0
                        }, 
                        {
                            "name": "Farmer Mac", 
                            "count": 0, 
                            "value": 0
                        }, 
                        {
                            "name": "Private Securitization", 
                            "count": 0, 
                            "value": 0
                        }, 
                        {
                            "name": "Commercial bank, savings bank or association", 
                            "count": 0, 
                            "value": 0
                        }, 
                        {
                            "name": "Life insurance co., credit union, finance co.", 
                            "count": 1, 
                            "value": 43.0
                        }, 
                        {
                            "name": "Affiliate institution", 
                            "count": 0, 
                            "value": 0
                        }, 
                        {
                            "name": "Other", 
                            "count": 30, 
                            "value": 3559.0
                        }
                    ]
                }, 
                {
                    "race": "Asian", 
                    "purchasers": [
                        {
                            "name": "Fannie Mae", 
                            "count": 5, 
                            "value": 887.0
                        }, 
                        {
                            "name": "Ginnie Mae", 
                            "count": 6, 
                            "value": 715.0
                        }, 
                        {
                            "name": "Freddie Mac", 
                            "count": 1, 
                            "value": 54.0
                        }, 
                        {
                            "name": "Farmer Mac", 
                            "count": 0, 
                            "value": 0
                        }, 
                        {
                            "name": "Private Securitization", 
                            "count": 0, 
                            "value": 0
                        }, 
                        {
                            "name": "Commercial bank, savings bank or association", 
                            "count": 3, 
                            "value": 488.0
                        }, 
                        {
                            "name": "Life insurance co., credit union, finance co.", 
                            "count": 3, 
                            "value": 801.0
                        }, 
                        {
                            "name": "Affiliate institution", 
                            "count": 1, 
                            "value": 57.0
                        }, 
                        {
                            "name": "Other", 
                            "count": 65, 
                            "value": 4563.0
                        }
                    ]
                }, 
                {
                    "race": "Black or African American", 
                    "purchasers": [
                        {
                            "name": "Fannie Mae", 
                            "count": 36, 
                            "value": 5633.0
                        }, 
                        {
                            "name": "Ginnie Mae", 
                            "count": 20, 
                            "value": 2588.0
                        }, 
                        {
                            "name": "Freddie Mac", 
                            "count": 10, 
                            "value": 1497.0
                        }, 
                        {
                            "name": "Farmer Mac", 
                            "count": 0, 
                            "value": 0
                        }, 
                        {
                            "name": "Private Securitization", 
                            "count": 1, 
                            "value": 94.0
                        }, 
                        {
                            "name": "Commercial bank, savings bank or association", 
                            "count": 14, 
                            "value": 2134.0
                        }, 
                        {
                            "name": "Life insurance co., credit union, finance co.", 
                            "count": 11, 
                            "value": 1826.0
                        }, 
                        {
                            "name": "Affiliate institution", 
                            "count": 2, 
                            "value": 152.0
                        }, 
                        {
                            "name": "Other", 
                            "count": 158, 
                            "value": 22261.0
                        }
                    ]
                }, 
                {
                    "race": "Native Hawaiian or Other Pacific Islander", 
                    "purchasers": [
                        {
                            "name": "Fannie Mae", 
                            "count": 148, 
                            "value": 17953.0
                        }, 
                        {
                            "name": "Ginnie Mae", 
                            "count": 476, 
                            "value": 65079.0
                        }, 
                        {
                            "name": "Freddie Mac", 
                            "count": 60, 
                            "value": 6650.0
                        }, 
                        {
                            "name": "Farmer Mac", 
                            "count": 1, 
                            "value": 137.0
                        }, 
                        {
                            "name": "Private Securitization", 
                            "count": 1, 
                            "value": 181.0
                        }, 
                        {
                            "name": "Commercial bank, savings bank or association", 
                            "count": 119, 
                            "value": 17845.0
                        }, 
                        {
                            "name": "Life insurance co., credit union, finance co.", 
                            "count": 134, 
                            "value": 16896.0
                        }, 
                        {
                            "name": "Affiliate institution", 
                            "count": 15, 
                            "value": 2165.0
                        }, 
                        {
                            "name": "Other", 
                            "count": 1891, 
                            "value": 174538.0
                        }
                    ]
                }, 
                {
                    "race": "White", 
                    "purchasers": [
                        {
                            "name": "Fannie Mae", 
                            "count": 1, 
                            "value": 153.0
                        }, 
                        {
                            "name": "Ginnie Mae", 
                            "count": 4, 
                            "value": 592.0
                        }, 
                        {
                            "name": "Freddie Mac", 
                            "count": 2, 
                            "value": 486.0
                        }, 
                        {
                            "name": "Farmer Mac", 
                            "count": 0, 
                            "value": 0
                        }, 
                        {
                            "name": "Private Securitization", 
                            "count": 0, 
                            "value": 0
                        }, 
                        {
                            "name": "Commercial bank, savings bank or association", 
                            "count": 1, 
                            "value": 81.0
                        }, 
                        {
                            "name": "Life insurance co., credit union, finance co.", 
                            "count": 1, 
                            "value": 111.0
                        }, 
                        {
                            "name": "Affiliate institution", 
                            "count": 1, 
                            "value": 101.0
                        }, 
                        {
                            "name": "Other", 
                            "count": 11, 
                            "value": 1318.0
                        }
                    ]
                }, 
                {
                    "race": "2 or more minority races", 
                    "purchasers": [
                        {
                            "name": "Fannie Mae", 
                            "count": 1643, 
                            "value": 251456.0
                        }, 
                        {
                            "name": "Ginnie Mae", 
                            "count": 1784, 
                            "value": 246103.0
                        }, 
                        {
                            "name": "Freddie Mac", 
                            "count": 574, 
                            "value": 83432.0
                        }, 
                        {
                            "name": "Farmer Mac", 
                            "count": 1, 
                            "value": 95.0
                        }, 
                        {
                            "name": "Private Securitization", 
                            "count": 64, 
                            "value": 12942.0
                        }, 
                        {
                            "name": "Commercial bank, savings bank or association", 
                            "count": 705, 
                            "value": 112294.0
                        }, 
                        {
                            "name": "Life insurance co., credit union, finance co.", 
                            "count": 652, 
                            "value": 86310.0
                        }, 
                        {
                            "name": "Affiliate institution", 
                            "count": 115, 
                            "value": 15393.0
                        }, 
                        {
                            "name": "Other", 
                            "count": 6330, 
                            "value": 808514.0
                        }
                    ]
                }, 
                {
                    "race": "Joint (White/Minority Race", 
                    "purchasers": [
                        {
                            "name": "Fannie Mae", 
                            "count": 18, 
                            "value": 2367.0
                        }, 
                        {
                            "name": "Ginnie Mae", 
                            "count": 24, 
                            "value": 4221.0
                        }, 
                        {
                            "name": "Freddie Mac", 
                            "count": 1, 
                            "value": 257.0
                        }, 
                        {
                            "name": "Farmer Mac", 
                            "count": 0, 
                            "value": 0
                        }, 
                        {
                            "name": "Private Securitization", 
                            "count": 0, 
                            "value": 0
                        }, 
                        {
                            "name": "Commercial bank, savings bank or association", 
                            "count": 3, 
                            "value": 618.0
                        }, 
                        {
                            "name": "Life insurance co., credit union, finance co.", 
                            "count": 4, 
                            "value": 626.0
                        }, 
                        {
                            "name": "Affiliate institution", 
                            "count": 2, 
                            "value": 470.0
                        }, 
                        {
                            "name": "Other", 
                            "count": 79, 
                            "value": 10912.0
                        }
                    ]
                }, 
                {
                    "race": "Not Available", 
                    "purchasers": [
                        {
                            "name": "Fannie Mae", 
                            "count": 458, 
                            "value": 73023.0
                        }, 
                        {
                            "name": "Ginnie Mae", 
                            "count": 448, 
                            "value": 61923.0
                        }, 
                        {
                            "name": "Freddie Mac", 
                            "count": 189, 
                            "value": 44732.0
                        }, 
                        {
                            "name": "Farmer Mac", 
                            "count": 0, 
                            "value": 0
                        }, 
                        {
                            "name": "Private Securitization", 
                            "count": 20, 
                            "value": 4518.0
                        }, 
                        {
                            "name": "Commercial bank, savings bank or association", 
                            "count": 63, 
                            "value": 9874.0
                        }, 
                        {
                            "name": "Life insurance co., credit union, finance co.", 
                            "count": 35, 
                            "value": 5285.0
                        }, 
                        {
                            "name": "Affiliate institution", 
                            "count": 33, 
                            "value": 5161.0
                        }, 
                        {
                            "name": "Other", 
                            "count": 1787, 
                            "value": 248257.0
                        }
                    ]
                }
            ]
        }, 
        {
            "characteristic": "Ethnicity", 
            "ethnicities": [
                {
                    "ethnicity": "Hispanic or Latino", 
                    "purchasers": [
                        {
                            "name": "Fannie Mae", 
                            "count": 17, 
                            "value": 2609
                        }, 
                        {
                            "name": "Ginnie Mae", 
                            "count": 37, 
                            "value": 5302
                        }, 
                        {
                            "name": "Freddie Mac", 
                            "count": 9, 
                            "value": 1006
                        }, 
                        {
                            "name": "Farmer Mac", 
                            "count": 0, 
                            "value": 0
                        }, 
                        {
                            "name": "Private Securitization", 
                            "count": 1, 
                            "value": 267
                        }, 
                        {
                            "name": "Commercial bank, savings bank or association", 
                            "count": 8, 
                            "value": 1197
                        }, 
                        {
                            "name": "Life insurance co., credit union, finance co.", 
                            "count": 5, 
                            "value": 711
                        }, 
                        {
                            "name": "Affiliate institution", 
                            "count": 0, 
                            "value": 0
                        }, 
                        {
                            "name": "Other", 
                            "count": 119, 
                            "value": 14175
                        }
                    ]
                }, 
                {
                    "ethnicity": "Not Hispanic or Latino", 
                    "purchasers": [
                        {
                            "name": "Fannie Mae", 
                            "count": 1835, 
                            "value": 274923
                        }, 
                        {
                            "name": "Ginnie Mae", 
                            "count": 2284, 
                            "value": 314631
                        }, 
                        {
                            "name": "Freddie Mac", 
                            "count": 632, 
                            "value": 90345
                        }, 
                        {
                            "name": "Farmer Mac", 
                            "count": 2, 
                            "value": 232
                        }, 
                        {
                            "name": "Private Securitization", 
                            "count": 64, 
                            "value": 12775
                        }, 
                        {
                            "name": "Commercial bank, savings bank or association", 
                            "count": 836, 
                            "value": 132178
                        }, 
                        {
                            "name": "Life insurance co., credit union, finance co.", 
                            "count": 802, 
                            "value": 106024
                        }, 
                        {
                            "name": "Affiliate institution", 
                            "count": 123, 
                            "value": 17004
                        }, 
                        {
                            "name": "Other", 
                            "count": 8278, 
                            "value": 1002738
                        }
                    ]
                }, 
                {
                    "ethnicity": "Joint (Hispanic or Latino/Not Hispanic or Latino", 
                    "purchasers": [
                        {
                            "name": "Fannie Mae", 
                            "count": 18, 
                            "value": 3969
                        }, 
                        {
                            "name": "Ginnie Mae", 
                            "count": 15, 
                            "value": 2243
                        }, 
                        {
                            "name": "Freddie Mac", 
                            "count": 6, 
                            "value": 731
                        }, 
                        {
                            "name": "Farmer Mac", 
                            "count": 0, 
                            "value": 0
                        }, 
                        {
                            "name": "Private Securitization", 
                            "count": 1, 
                            "value": 175
                        }, 
                        {
                            "name": "Commercial bank, savings bank or association", 
                            "count": 4, 
                            "value": 546
                        }, 
                        {
                            "name": "Life insurance co., credit union, finance co.", 
                            "count": 0, 
                            "value": 0
                        }, 
                        {
                            "name": "Affiliate institution", 
                            "count": 1, 
                            "value": 49
                        }, 
                        {
                            "name": "Other", 
                            "count": 50, 
                            "value": 7542
                        }
                    ]
                }, 
                {
                    "ethnicity": "Ethnicity Not Available", 
                    "purchasers": [
                        {
                            "name": "Fannie Mae", 
                            "count": 445, 
                            "value": 70992
                        }, 
                        {
                            "name": "Ginnie Mae", 
                            "count": 432, 
                            "value": 59787
                        }, 
                        {
                            "name": "Freddie Mac", 
                            "count": 191, 
                            "value": 45156
                        }, 
                        {
                            "name": "Farmer Mac", 
                            "count": 0, 
                            "value": 0
                        }, 
                        {
                            "name": "Private Securitization", 
                            "count": 20, 
                            "value": 4518
                        }, 
                        {
                            "name": "Commercial bank, savings bank or association", 
                            "count": 60, 
                            "value": 9413
                        }, 
                        {
                            "name": "Life insurance co., credit union, finance co.", 
                            "count": 34, 
                            "value": 5163
                        }, 
                        {
                            "name": "Affiliate institution", 
                            "count": 45, 
                            "value": 6446
                        }, 
                        {
                            "name": "Other", 
                            "count": 1904, 
                            "value": 249467
                        }
                    ]
                }
            ]
        }, 
        {
            "characteristic": "Minority Status", 
            "minoritystatuses": [
                {
                    "minoritystatus": "White Non-Hispanic", 
                    "purchasers": [
                        {
                            "name": "Fannie Mae", 
                            "count": 2075, 
                            "value": 319079
                        }, 
                        {
                            "name": "Ginnie Mae", 
                            "count": 2186, 
                            "value": 301386
                        }, 
                        {
                            "name": "Freddie Mac", 
                            "count": 752, 
                            "value": 127023
                        }, 
                        {
                            "name": "Farmer Mac", 
                            "count": 1, 
                            "value": 95
                        }, 
                        {
                            "name": "Private Securitization", 
                            "count": 82, 
                            "value": 17018
                        }, 
                        {
                            "name": "Commercial bank, savings bank or association", 
                            "count": 757, 
                            "value": 120587
                        }, 
                        {
                            "name": "Life insurance co., credit union, finance co.", 
                            "count": 682, 
                            "value": 90884
                        }, 
                        {
                            "name": "Affiliate institution", 
                            "count": 147, 
                            "value": 20505
                        }, 
                        {
                            "name": "Other", 
                            "count": 7978, 
                            "value": 1038024
                        }
                    ]
                }, 
                {
                    "minoritystatus": "Others, Including Hispanic", 
                    "purchasers": [
                        {
                            "name": "Fannie Mae", 
                            "count": 240, 
                            "value": 33414
                        }, 
                        {
                            "name": "Ginnie Mae", 
                            "count": 582, 
                            "value": 80577
                        }, 
                        {
                            "name": "Freddie Mac", 
                            "count": 86, 
                            "value": 10215
                        }, 
                        {
                            "name": "Farmer Mac", 
                            "count": 1, 
                            "value": 137
                        }, 
                        {
                            "name": "Private Securitization", 
                            "count": 4, 
                            "value": 717
                        }, 
                        {
                            "name": "Commercial bank, savings bank or association", 
                            "count": 151, 
                            "value": 22747
                        }, 
                        {
                            "name": "Life insurance co., credit union, finance co.", 
                            "count": 159, 
                            "value": 21014
                        }, 
                        {
                            "name": "Affiliate institution", 
                            "count": 22, 
                            "value": 2994
                        }, 
                        {
                            "name": "Other", 
                            "count": 2373, 
                            "value": 235898
                        }
                    ]
                }
            ]
        }, 
        {
            "characteristic": "Applicant Income", 
            "applicantincomes": [
                {
                    "applicantincome": "Less than 50% of MSA/MD median", 
                    "purchasers": [
                        {
                            "name": "Fannie Mae", 
                            "count": 87, 
                            "value": 6870
                        }, 
                        {
                            "name": "Ginnie Mae", 
                            "count": 135, 
                            "value": 12111
                        }, 
                        {
                            "name": "Freddie Mac", 
                            "count": 35, 
                            "value": 2479
                        }, 
                        {
                            "name": "Farmer Mac", 
                            "count": 0, 
                            "value": 0
                        }, 
                        {
                            "name": "Private Securitization", 
                            "count": 1, 
                            "value": 72
                        }, 
                        {
                            "name": "Commercial bank, savings bank or association", 
                            "count": 31, 
                            "value": 2620
                        }, 
                        {
                            "name": "Life insurance co., credit union, finance co.", 
                            "count": 55, 
                            "value": 4033
                        }, 
                        {
                            "name": "Affiliate institution", 
                            "count": 7, 
                            "value": 521
                        }, 
                        {
                            "name": "Other", 
                            "count": 999, 
                            "value": 58230
                        }
                    ]
                }, 
                {
                    "applicantincome": "50-79% of MSA/MD median", 
                    "purchasers": [
                        {
                            "name": "Fannie Mae", 
                            "count": 228, 
                            "value": 20723
                        }, 
                        {
                            "name": "Ginnie Mae", 
                            "count": 487, 
                            "value": 52013
                        }, 
                        {
                            "name": "Freddie Mac", 
                            "count": 104, 
                            "value": 8812
                        }, 
                        {
                            "name": "Farmer Mac", 
                            "count": 1, 
                            "value": 95
                        }, 
                        {
                            "name": "Private Securitization", 
                            "count": 6, 
                            "value": 549
                        }, 
                        {
                            "name": "Commercial bank, savings bank or association", 
                            "count": 196, 
                            "value": 21032
                        }, 
                        {
                            "name": "Life insurance co., credit union, finance co.", 
                            "count": 218, 
                            "value": 21971
                        }, 
                        {
                            "name": "Affiliate institution", 
                            "count": 19, 
                            "value": 1601
                        }, 
                        {
                            "name": "Other", 
                            "count": 1808, 
                            "value": 145096
                        }
                    ]
                }, 
                {
                    "applicantincome": "80-99% of MSA/MD median", 
                    "purchasers": [
                        {
                            "name": "Fannie Mae", 
                            "count": 202, 
                            "value": 22008
                        }, 
                        {
                            "name": "Ginnie Mae", 
                            "count": 345, 
                            "value": 43733
                        }, 
                        {
                            "name": "Freddie Mac", 
                            "count": 85, 
                            "value": 8666
                        }, 
                        {
                            "name": "Farmer Mac", 
                            "count": 0, 
                            "value": 0
                        }, 
                        {
                            "name": "Private Securitization", 
                            "count": 9, 
                            "value": 1120
                        }, 
                        {
                            "name": "Commercial bank, savings bank or association", 
                            "count": 118, 
                            "value": 15533
                        }, 
                        {
                            "name": "Life insurance co., credit union, finance co.", 
                            "count": 148, 
                            "value": 18284
                        }, 
                        {
                            "name": "Affiliate institution", 
                            "count": 23, 
                            "value": 2871
                        }, 
                        {
                            "name": "Other", 
                            "count": 1172, 
                            "value": 113905
                        }
                    ]
                }, 
                {
                    "applicantincome": "100-119% of MSA/MD median", 
                    "purchasers": [
                        {
                            "name": "Fannie Mae", 
                            "count": 227, 
                            "value": 27372
                        }, 
                        {
                            "name": "Ginnie Mae", 
                            "count": 270, 
                            "value": 38032
                        }, 
                        {
                            "name": "Freddie Mac", 
                            "count": 82, 
                            "value": 9574
                        }, 
                        {
                            "name": "Farmer Mac", 
                            "count": 1, 
                            "value": 137
                        }, 
                        {
                            "name": "Private Securitization", 
                            "count": 7, 
                            "value": 1174
                        }, 
                        {
                            "name": "Commercial bank, savings bank or association", 
                            "count": 109, 
                            "value": 15932
                        }, 
                        {
                            "name": "Life insurance co., credit union, finance co.", 
                            "count": 95, 
                            "value": 12634
                        }, 
                        {
                            "name": "Affiliate institution", 
                            "count": 21, 
                            "value": 2144
                        }, 
                        {
                            "name": "Other", 
                            "count": 971, 
                            "value": 105126
                        }
                    ]
                }, 
                {
                    "applicantincome": "120% or more of MSA/MD median", 
                    "purchasers": [
                        {
                            "name": "Fannie Mae", 
                            "count": 1290, 
                            "value": 227352
                        }, 
                        {
                            "name": "Ginnie Mae", 
                            "count": 564, 
                            "value": 98240
                        }, 
                        {
                            "name": "Freddie Mac", 
                            "count": 431, 
                            "value": 73027
                        }, 
                        {
                            "name": "Farmer Mac", 
                            "count": 0, 
                            "value": 0
                        }, 
                        {
                            "name": "Private Securitization", 
                            "count": 63, 
                            "value": 14820
                        }, 
                        {
                            "name": "Commercial bank, savings bank or association", 
                            "count": 348, 
                            "value": 70767
                        }, 
                        {
                            "name": "Life insurance co., credit union, finance co.", 
                            "count": 286, 
                            "value": 48763
                        }, 
                        {
                            "name": "Affiliate institution", 
                            "count": 89, 
                            "value": 14179
                        }, 
                        {
                            "name": "Other", 
                            "count": 3841, 
                            "value": 623593
                        }
                    ]
                }, 
                {
                    "applicantincome": "income not available", 
                    "purchasers": [
                        {
                            "name": "Fannie Mae", 
                            "count": 281, 
                            "value": 48168
                        }, 
                        {
                            "name": "Ginnie Mae", 
                            "count": 967, 
                            "value": 137834
                        }, 
                        {
                            "name": "Freddie Mac", 
                            "count": 101, 
                            "value": 34680
                        }, 
                        {
                            "name": "Farmer Mac", 
                            "count": 0, 
                            "value": 0
                        }, 
                        {
                            "name": "Private Securitization", 
                            "count": 0, 
                            "value": 0
                        }, 
                        {
                            "name": "Commercial bank, savings bank or association", 
                            "count": 106, 
                            "value": 17450
                        }, 
                        {
                            "name": "Life insurance co., credit union, finance co.", 
                            "count": 39, 
                            "value": 6213
                        }, 
                        {
                            "name": "Affiliate institution", 
                            "count": 10, 
                            "value": 2183
                        }, 
                        {
                            "name": "Other", 
                            "count": 1560, 
                            "value": 227972
                        }
                    ]
                }
            ]
        }
    ], 
    "censuscharacteristics": [
        {
            "characteristic": "Racial/Ethnic Composition", 
            "tractpctminorities": [
                {
                    "tractpctminority": "Less than 10% minority", 
                    "purchasers": [
                        {
                            "name": "Fannie Mae", 
                            "count": 247, 
                            "value": 45001
                        }, 
                        {
                            "name": "Ginnie Mae", 
                            "count": 275, 
                            "value": 43227
                        }, 
                        {
                            "name": "Freddie Mac", 
                            "count": 87, 
                            "value": 15896
                        }, 
                        {
                            "name": "Farmer Mac", 
                            "count": 1, 
                            "value": 137
                        }, 
                        {
                            "name": "Private Securitization", 
                            "count": 15, 
                            "value": 3219
                        }, 
                        {
                            "name": "Commercial bank, savings bank or association", 
                            "count": 116, 
                            "value": 21300
                        }, 
                        {
                            "name": "Life insurance co., credit union, finance co.", 
                            "count": 80, 
                            "value": 12314
                        }, 
                        {
                            "name": "Affiliate institution", 
                            "count": 17, 
                            "value": 2246
                        }, 
                        {
                            "name": "Other", 
                            "count": 1032, 
                            "value": 165752
                        }
                    ]
                }, 
                {
                    "tractpctminority": "10-19% minority", 
                    "purchasers": [
                        {
                            "name": "Fannie Mae", 
                            "count": 1823, 
                            "value": 281874
                        }, 
                        {
                            "name": "Ginnie Mae", 
                            "count": 2106, 
                            "value": 299547
                        }, 
                        {
                            "name": "Freddie Mac", 
                            "count": 658, 
                            "value": 112887
                        }, 
                        {
                            "name": "Farmer Mac", 
                            "count": 0, 
                            "value": 0
                        }, 
                        {
                            "name": "Private Securitization", 
                            "count": 63, 
                            "value": 13245
                        }, 
                        {
                            "name": "Commercial bank, savings bank or association", 
                            "count": 714, 
                            "value": 112577
                        }, 
                        {
                            "name": "Life insurance co., credit union, finance co.", 
                            "count": 663, 
                            "value": 89760
                        }, 
                        {
                            "name": "Affiliate institution", 
                            "count": 133, 
                            "value": 19682
                        }, 
                        {
                            "name": "Other", 
                            "count": 6950, 
                            "value": 914370
                        }
                    ]
                }, 
                {
                    "tractpctminority": "20-49% minority", 
                    "purchasers": [
                        {
                            "name": "Fannie Mae", 
                            "count": 200, 
                            "value": 22176
                        }, 
                        {
                            "name": "Ginnie Mae", 
                            "count": 267, 
                            "value": 29122
                        }, 
                        {
                            "name": "Freddie Mac", 
                            "count": 70, 
                            "value": 6912
                        }, 
                        {
                            "name": "Farmer Mac", 
                            "count": 1, 
                            "value": 95
                        }, 
                        {
                            "name": "Private Securitization", 
                            "count": 6, 
                            "value": 812
                        }, 
                        {
                            "name": "Commercial bank, savings bank or association", 
                            "count": 59, 
                            "value": 7473
                        }, 
                        {
                            "name": "Life insurance co., credit union, finance co.", 
                            "count": 70, 
                            "value": 7623
                        }, 
                        {
                            "name": "Affiliate institution", 
                            "count": 15, 
                            "value": 1360
                        }, 
                        {
                            "name": "Other", 
                            "count": 1364, 
                            "value": 126057
                        }
                    ]
                }, 
                {
                    "tractpctminority": "50-79% minority", 
                    "purchasers": [
                        {
                            "name": "Fannie Mae", 
                            "count": 45, 
                            "value": 3442
                        }, 
                        {
                            "name": "Ginnie Mae", 
                            "count": 120, 
                            "value": 10067
                        }, 
                        {
                            "name": "Freddie Mac", 
                            "count": 23, 
                            "value": 1543
                        }, 
                        {
                            "name": "Farmer Mac", 
                            "count": 0, 
                            "value": 0
                        }, 
                        {
                            "name": "Private Securitization", 
                            "count": 2, 
                            "value": 459
                        }, 
                        {
                            "name": "Commercial bank, savings bank or association", 
                            "count": 19, 
                            "value": 1984
                        }, 
                        {
                            "name": "Life insurance co., credit union, finance co.", 
                            "count": 28, 
                            "value": 2201
                        }, 
                        {
                            "name": "Affiliate institution", 
                            "count": 4, 
                            "value": 211
                        }, 
                        {
                            "name": "Other", 
                            "count": 1005, 
                            "value": 67743
                        }
                    ]
                }, 
                {
                    "tractpctminority": "80-100% minority", 
                    "purchasers": [
                        {
                            "name": "Fannie Mae", 
                            "count": 0, 
                            "value": 0
                        }, 
                        {
                            "name": "Ginnie Mae", 
                            "count": 0, 
                            "value": 0
                        }, 
                        {
                            "name": "Freddie Mac", 
                            "count": 0, 
                            "value": 0
                        }, 
                        {
                            "name": "Farmer Mac", 
                            "count": 0, 
                            "value": 0
                        }, 
                        {
                            "name": "Private Securitization", 
                            "count": 0, 
                            "value": 0
                        }, 
                        {
                            "name": "Commercial bank, savings bank or association", 
                            "count": 0, 
                            "value": 0
                        }, 
                        {
                            "name": "Life insurance co., credit union, finance co.", 
                            "count": 0, 
                            "value": 0
                        }, 
                        {
                            "name": "Affiliate institution", 
                            "count": 0, 
                            "value": 0
                        }, 
                        {
                            "name": "Other", 
                            "count": 0, 
                            "value": 0
                        }
                    ]
                }
            ]
        }, 
        {
            "characteristic": "Income", 
            "incomelevels": [
                {
                    "incomelevel": "Low income", 
                    "purchasers": [
                        {
                            "name": "Fannie Mae", 
                            "count": 5, 
                            "value": 279
                        }, 
                        {
                            "name": "Ginnie Mae", 
                            "count": 15, 
                            "value": 1110
                        }, 
                        {
                            "name": "Freddie Mac", 
                            "count": 1, 
                            "value": 13
                        }, 
                        {
                            "name": "Farmer Mac", 
                            "count": 0, 
                            "value": 0
                        }, 
                        {
                            "name": "Private Securitization", 
                            "count": 0, 
                            "value": 0
                        }, 
                        {
                            "name": "Commercial bank, savings bank or association", 
                            "count": 2, 
                            "value": 141
                        }, 
                        {
                            "name": "Life insurance co., credit union, finance co.", 
                            "count": 3, 
                            "value": 160
                        }, 
                        {
                            "name": "Affiliate institution", 
                            "count": 0, 
                            "value": 0
                        }, 
                        {
                            "name": "Other", 
                            "count": 202, 
                            "value": 9870
                        }
                    ]
                }, 
                {
                    "incomelevel": "Moderate income", 
                    "purchasers": [
                        {
                            "name": "Fannie Mae", 
                            "count": 160, 
                            "value": 16029
                        }, 
                        {
                            "name": "Ginnie Mae", 
                            "count": 272, 
                            "value": 27593
                        }, 
                        {
                            "name": "Freddie Mac", 
                            "count": 62, 
                            "value": 4934
                        }, 
                        {
                            "name": "Farmer Mac", 
                            "count": 1, 
                            "value": 95
                        }, 
                        {
                            "name": "Private Securitization", 
                            "count": 6, 
                            "value": 870
                        }, 
                        {
                            "name": "Commercial bank, savings bank or association", 
                            "count": 68, 
                            "value": 8817
                        }, 
                        {
                            "name": "Life insurance co., credit union, finance co.", 
                            "count": 66, 
                            "value": 6862
                        }, 
                        {
                            "name": "Affiliate institution", 
                            "count": 13, 
                            "value": 875
                        }, 
                        {
                            "name": "Other", 
                            "count": 1581, 
                            "value": 130711
                        }
                    ]
                }, 
                {
                    "incomelevel": "Middle income", 
                    "purchasers": [
                        {
                            "name": "Fannie Mae", 
                            "count": 845, 
                            "value": 115979
                        }, 
                        {
                            "name": "Ginnie Mae", 
                            "count": 1069, 
                            "value": 138881
                        }, 
                        {
                            "name": "Freddie Mac", 
                            "count": 305, 
                            "value": 42550
                        }, 
                        {
                            "name": "Farmer Mac", 
                            "count": 1, 
                            "value": 137
                        }, 
                        {
                            "name": "Private Securitization", 
                            "count": 28, 
                            "value": 5144
                        }, 
                        {
                            "name": "Commercial bank, savings bank or association", 
                            "count": 343, 
                            "value": 46952
                        }, 
                        {
                            "name": "Life insurance co., credit union, finance co.", 
                            "count": 351, 
                            "value": 42119
                        }, 
                        {
                            "name": "Affiliate institution", 
                            "count": 50, 
                            "value": 6098
                        }, 
                        {
                            "name": "Other", 
                            "count": 4266, 
                            "value": 490935
                        }
                    ]
                }, 
                {
                    "incomelevel": "Upper income", 
                    "purchasers": [
                        {
                            "name": "Fannie Mae", 
                            "count": 1305, 
                            "value": 220206
                        }, 
                        {
                            "name": "Ginnie Mae", 
                            "count": 1412, 
                            "value": 214379
                        }, 
                        {
                            "name": "Freddie Mac", 
                            "count": 470, 
                            "value": 89741
                        }, 
                        {
                            "name": "Farmer Mac", 
                            "count": 0, 
                            "value": 0
                        }, 
                        {
                            "name": "Private Securitization", 
                            "count": 52, 
                            "value": 11721
                        }, 
                        {
                            "name": "Commercial bank, savings bank or association", 
                            "count": 495, 
                            "value": 87424
                        }, 
                        {
                            "name": "Life insurance co., credit union, finance co.", 
                            "count": 421, 
                            "value": 62757
                        }, 
                        {
                            "name": "Affiliate institution", 
                            "count": 106, 
                            "value": 16526
                        }, 
                        {
                            "name": "Other", 
                            "count": 4302, 
                            "value": 642406
                        }
                    ]
                }
            ]
        }
    ], 
    "total": {
        "purchasers": [
            {
                "name": "Fannie Mae", 
                "count": 2315, 
                "value": 352493
            }, 
            {
                "name": "Ginnie Mae", 
                "count": 2768, 
                "value": 381963
            }, 
            {
                "name": "Freddie Mac", 
                "count": 838, 
                "value": 137238
            }, 
            {
                "name": "Farmer Mac", 
                "count": 2, 
                "value": 232
            }, 
            {
                "name": "Private Securitization", 
                "count": 86, 
                "value": 17735
            }, 
            {
                "name": "Commercial bank, savings bank or association", 
                "count": 908, 
                "value": 143334
            }, 
            {
                "name": "Life insurance co., credit union, finance co.", 
                "count": 841, 
                "value": 111898
            }, 
            {
                "name": "Affiliate institution", 
                "count": 169, 
                "value": 23499
            }, 
            {
                "name": "Other", 
                "count": 10351, 
                "value": 1273922
            }
        ]
    }
}