{
    "table": "3-1", 
    "type": "aggregate", 
    "desc": "Loans sold. By characteristics of borrower and census tract in which property is located and by type of purchaser (includes originations and purchased loans).", 
    "year": "2012", 
    "msa": {
        "id": "36100", 
        "name": "Ocala", 
        "state": "FL", 
        "state_name": "Florida"
    }, 
    "borrowercharacteristics": [
        {
            "characteristic": "Race", 
            "races": [
                {
                    "race": "American Indian/Alaska Native", 
                    "purchasers": [
                        {
                            "name": "Fannie Mae", 
                            "count": 0, 
                            "value": 0
                        }, 
                        {
                            "name": "Ginnie Mae", 
                            "count": 0, 
                            "value": 0
                        }, 
                        {
                            "name": "Freddie Mac", 
                            "count": 0, 
                            "value": 0
                        }, 
                        {
                            "name": "Farmer Mac", 
                            "count": 0, 
                            "value": 0
                        }, 
                        {
                            "name": "Private Securitization", 
                            "count": 0, 
                            "value": 0
                        }, 
                        {
                            "name": "Commercial bank, savings bank or association", 
                            "count": 0, 
                            "value": 0
                        }, 
                        {
                            "name": "Life insurance co., credit union, finance co.", 
                            "count": 0, 
                            "value": 0
                        }, 
                        {
                            "name": "Affiliate institution", 
                            "count": 0, 
                            "value": 0
                        }, 
                        {
                            "name": "Other", 
                            "count": 0, 
                            "value": 0
                        }
                    ]
                }, 
                {
                    "race": "Asian", 
                    "purchasers": [
                        {
                            "name": "Fannie Mae", 
                            "count": 0, 
                            "value": 0
                        }, 
                        {
                            "name": "Ginnie Mae", 
                            "count": 1, 
                            "value": 217.0
                        }, 
                        {
                            "name": "Freddie Mac", 
                            "count": 0, 
                            "value": 0
                        }, 
                        {
                            "name": "Farmer Mac", 
                            "count": 0, 
                            "value": 0
                        }, 
                        {
                            "name": "Private Securitization", 
                            "count": 0, 
                            "value": 0
                        }, 
                        {
                            "name": "Commercial bank, savings bank or association", 
                            "count": 0, 
                            "value": 0
                        }, 
                        {
                            "name": "Life insurance co., credit union, finance co.", 
                            "count": 0, 
                            "value": 0
                        }, 
                        {
                            "name": "Affiliate institution", 
                            "count": 1, 
                            "value": 175.0
                        }, 
                        {
                            "name": "Other", 
                            "count": 9, 
                            "value": 746.0
                        }
                    ]
                }, 
                {
                    "race": "Black or African American", 
                    "purchasers": [
                        {
                            "name": "Fannie Mae", 
                            "count": 18, 
                            "value": 3012.0
                        }, 
                        {
                            "name": "Ginnie Mae", 
                            "count": 2, 
                            "value": 420.0
                        }, 
                        {
                            "name": "Freddie Mac", 
                            "count": 10, 
                            "value": 1254.0
                        }, 
                        {
                            "name": "Farmer Mac", 
                            "count": 0, 
                            "value": 0
                        }, 
                        {
                            "name": "Private Securitization", 
                            "count": 0, 
                            "value": 0
                        }, 
                        {
                            "name": "Commercial bank, savings bank or association", 
                            "count": 2, 
                            "value": 355.0
                        }, 
                        {
                            "name": "Life insurance co., credit union, finance co.", 
                            "count": 0, 
                            "value": 0
                        }, 
                        {
                            "name": "Affiliate institution", 
                            "count": 4, 
                            "value": 660.0
                        }, 
                        {
                            "name": "Other", 
                            "count": 58, 
                            "value": 9496.0
                        }
                    ]
                }, 
                {
                    "race": "Native Hawaiian or Pacific Islander", 
                    "purchasers": [
                        {
                            "name": "Fannie Mae", 
                            "count": 33, 
                            "value": 4733.0
                        }, 
                        {
                            "name": "Ginnie Mae", 
                            "count": 31, 
                            "value": 4272.0
                        }, 
                        {
                            "name": "Freddie Mac", 
                            "count": 26, 
                            "value": 4195.0
                        }, 
                        {
                            "name": "Farmer Mac", 
                            "count": 0, 
                            "value": 0
                        }, 
                        {
                            "name": "Private Securitization", 
                            "count": 0, 
                            "value": 0
                        }, 
                        {
                            "name": "Commercial bank, savings bank or association", 
                            "count": 12, 
                            "value": 1249.0
                        }, 
                        {
                            "name": "Life insurance co., credit union, finance co.", 
                            "count": 1, 
                            "value": 86.0
                        }, 
                        {
                            "name": "Affiliate institution", 
                            "count": 4, 
                            "value": 571.0
                        }, 
                        {
                            "name": "Other", 
                            "count": 125, 
                            "value": 14700.0
                        }
                    ]
                }, 
                {
                    "race": "White", 
                    "purchasers": [
                        {
                            "name": "Fannie Mae", 
                            "count": 2, 
                            "value": 313.0
                        }, 
                        {
                            "name": "Ginnie Mae", 
                            "count": 0, 
                            "value": 0
                        }, 
                        {
                            "name": "Freddie Mac", 
                            "count": 2, 
                            "value": 191.0
                        }, 
                        {
                            "name": "Farmer Mac", 
                            "count": 0, 
                            "value": 0
                        }, 
                        {
                            "name": "Private Securitization", 
                            "count": 0, 
                            "value": 0
                        }, 
                        {
                            "name": "Commercial bank, savings bank or association", 
                            "count": 0, 
                            "value": 0
                        }, 
                        {
                            "name": "Life insurance co., credit union, finance co.", 
                            "count": 0, 
                            "value": 0
                        }, 
                        {
                            "name": "Affiliate institution", 
                            "count": 0, 
                            "value": 0
                        }, 
                        {
                            "name": "Other", 
                            "count": 8, 
                            "value": 1236.0
                        }
                    ]
                }, 
                {
                    "race": "2 or more minority races", 
                    "purchasers": [
                        {
                            "name": "Fannie Mae", 
                            "count": 1140, 
                            "value": 158316.0
                        }, 
                        {
                            "name": "Ginnie Mae", 
                            "count": 485, 
                            "value": 65062.0
                        }, 
                        {
                            "name": "Freddie Mac", 
                            "count": 582, 
                            "value": 84123.0
                        }, 
                        {
                            "name": "Farmer Mac", 
                            "count": 0, 
                            "value": 0
                        }, 
                        {
                            "name": "Private Securitization", 
                            "count": 21, 
                            "value": 2628.0
                        }, 
                        {
                            "name": "Commercial bank, savings bank or association", 
                            "count": 319, 
                            "value": 41464.0
                        }, 
                        {
                            "name": "Life insurance co., credit union, finance co.", 
                            "count": 32, 
                            "value": 5115.0
                        }, 
                        {
                            "name": "Affiliate institution", 
                            "count": 151, 
                            "value": 20909.0
                        }, 
                        {
                            "name": "Other", 
                            "count": 2620, 
                            "value": 349297.0
                        }
                    ]
                }, 
                {
                    "race": "Joint", 
                    "purchasers": [
                        {
                            "name": "Fannie Mae", 
                            "count": 163, 
                            "value": 23694.0
                        }, 
                        {
                            "name": "Ginnie Mae", 
                            "count": 40, 
                            "value": 5439.0
                        }, 
                        {
                            "name": "Freddie Mac", 
                            "count": 42, 
                            "value": 6917.0
                        }, 
                        {
                            "name": "Farmer Mac", 
                            "count": 0, 
                            "value": 0
                        }, 
                        {
                            "name": "Private Securitization", 
                            "count": 4, 
                            "value": 628.0
                        }, 
                        {
                            "name": "Commercial bank, savings bank or association", 
                            "count": 12, 
                            "value": 1333.0
                        }, 
                        {
                            "name": "Life insurance co., credit union, finance co.", 
                            "count": 3, 
                            "value": 416.0
                        }, 
                        {
                            "name": "Affiliate institution", 
                            "count": 26, 
                            "value": 2972.0
                        }, 
                        {
                            "name": "Other", 
                            "count": 427, 
                            "value": 53306.0
                        }
                    ]
                }, 
                {
                    "race": "Not Provided", 
                    "purchasers": [
                        {
                            "name": "Fannie Mae", 
                            "count": 169, 
                            "value": 21243.0
                        }, 
                        {
                            "name": "Ginnie Mae", 
                            "count": 125, 
                            "value": 15668.0
                        }, 
                        {
                            "name": "Freddie Mac", 
                            "count": 317, 
                            "value": 40164.0
                        }, 
                        {
                            "name": "Farmer Mac", 
                            "count": 0, 
                            "value": 0
                        }, 
                        {
                            "name": "Private Securitization", 
                            "count": 0, 
                            "value": 0
                        }, 
                        {
                            "name": "Commercial bank, savings bank or association", 
                            "count": 115, 
                            "value": 12773.0
                        }, 
                        {
                            "name": "Life insurance co., credit union, finance co.", 
                            "count": 10, 
                            "value": 1840.0
                        }, 
                        {
                            "name": "Affiliate institution", 
                            "count": 7, 
                            "value": 733.0
                        }, 
                        {
                            "name": "Other", 
                            "count": 365, 
                            "value": 43636.0
                        }
                    ]
                }, 
                {
                    "race": "Not Applicable", 
                    "purchasers": [
                        {
                            "name": "Fannie Mae", 
                            "count": 936, 
                            "value": 121077.0
                        }, 
                        {
                            "name": "Ginnie Mae", 
                            "count": 883, 
                            "value": 99789.0
                        }, 
                        {
                            "name": "Freddie Mac", 
                            "count": 470, 
                            "value": 58862.0
                        }, 
                        {
                            "name": "Farmer Mac", 
                            "count": 6, 
                            "value": 549.0
                        }, 
                        {
                            "name": "Private Securitization", 
                            "count": 13, 
                            "value": 1494.0
                        }, 
                        {
                            "name": "Commercial bank, savings bank or association", 
                            "count": 498, 
                            "value": 53868.0
                        }, 
                        {
                            "name": "Life insurance co., credit union, finance co.", 
                            "count": 55, 
                            "value": 6487.0
                        }, 
                        {
                            "name": "Affiliate institution", 
                            "count": 216, 
                            "value": 24799.0
                        }, 
                        {
                            "name": "Other", 
                            "count": 3838, 
                            "value": 413955.0
                        }
                    ]
                }, 
                {
                    "race": "No co-applicant", 
                    "purchasers": [
                        {
                            "name": "Fannie Mae", 
                            "count": 0, 
                            "value": 0
                        }, 
                        {
                            "name": "Ginnie Mae", 
                            "count": 0, 
                            "value": 0
                        }, 
                        {
                            "name": "Freddie Mac", 
                            "count": 0, 
                            "value": 0
                        }, 
                        {
                            "name": "Farmer Mac", 
                            "count": 0, 
                            "value": 0
                        }, 
                        {
                            "name": "Private Securitization", 
                            "count": 0, 
                            "value": 0
                        }, 
                        {
                            "name": "Commercial bank, savings bank or association", 
                            "count": 0, 
                            "value": 0
                        }, 
                        {
                            "name": "Life insurance co., credit union, finance co.", 
                            "count": 0, 
                            "value": 0
                        }, 
                        {
                            "name": "Affiliate institution", 
                            "count": 0, 
                            "value": 0
                        }, 
                        {
                            "name": "Other", 
                            "count": 0, 
                            "value": 0
                        }
                    ]
                }
            ]
        }, 
        {
            "characteristic": "Ethnicity", 
            "ethnicities": [
                {
                    "ethnicitie": "Hispanic or Latino", 
                    "purchasers": [
                        {
                            "name": "Fannie Mae", 
                            "count": 46, 
                            "value": 5319
                        }, 
                        {
                            "name": "Ginnie Mae", 
                            "count": 28, 
                            "value": 2893
                        }, 
                        {
                            "name": "Freddie Mac", 
                            "count": 24, 
                            "value": 3086
                        }, 
                        {
                            "name": "Farmer Mac", 
                            "count": 0, 
                            "value": 0
                        }, 
                        {
                            "name": "Private Securitization", 
                            "count": 0, 
                            "value": 0
                        }, 
                        {
                            "name": "Commercial bank, savings bank or association", 
                            "count": 16, 
                            "value": 1748
                        }, 
                        {
                            "name": "Life insurance co., credit union, finance co.", 
                            "count": 0, 
                            "value": 0
                        }, 
                        {
                            "name": "Affiliate institution", 
                            "count": 4, 
                            "value": 362
                        }, 
                        {
                            "name": "Other", 
                            "count": 171, 
                            "value": 18378
                        }
                    ]
                }, 
                {
                    "ethnicitie": "Not Hispanic or Latino", 
                    "purchasers": [
                        {
                            "name": "Fannie Mae", 
                            "count": 1920, 
                            "value": 256919
                        }, 
                        {
                            "name": "Ginnie Mae", 
                            "count": 1242, 
                            "value": 150982
                        }, 
                        {
                            "name": "Freddie Mac", 
                            "count": 986, 
                            "value": 136098
                        }, 
                        {
                            "name": "Farmer Mac", 
                            "count": 6, 
                            "value": 549
                        }, 
                        {
                            "name": "Private Securitization", 
                            "count": 34, 
                            "value": 4122
                        }, 
                        {
                            "name": "Commercial bank, savings bank or association", 
                            "count": 753, 
                            "value": 88967
                        }, 
                        {
                            "name": "Life insurance co., credit union, finance co.", 
                            "count": 82, 
                            "value": 11071
                        }, 
                        {
                            "name": "Affiliate institution", 
                            "count": 308, 
                            "value": 38861
                        }, 
                        {
                            "name": "Other", 
                            "count": 5574, 
                            "value": 673283
                        }
                    ]
                }, 
                {
                    "ethnicitie": "Not provided", 
                    "purchasers": [
                        {
                            "name": "Fannie Mae", 
                            "count": 95, 
                            "value": 12744
                        }, 
                        {
                            "name": "Ginnie Mae", 
                            "count": 100, 
                            "value": 11539
                        }, 
                        {
                            "name": "Freddie Mac", 
                            "count": 63, 
                            "value": 7961
                        }, 
                        {
                            "name": "Farmer Mac", 
                            "count": 0, 
                            "value": 0
                        }, 
                        {
                            "name": "Private Securitization", 
                            "count": 0, 
                            "value": 0
                        }, 
                        {
                            "name": "Commercial bank, savings bank or association", 
                            "count": 52, 
                            "value": 5024
                        }, 
                        {
                            "name": "Life insurance co., credit union, finance co.", 
                            "count": 6, 
                            "value": 655
                        }, 
                        {
                            "name": "Affiliate institution", 
                            "count": 34, 
                            "value": 4070
                        }, 
                        {
                            "name": "Other", 
                            "count": 418, 
                            "value": 43263
                        }
                    ]
                }, 
                {
                    "ethnicitie": "Not applicable", 
                    "purchasers": [
                        {
                            "name": "Fannie Mae", 
                            "count": 400, 
                            "value": 57406
                        }, 
                        {
                            "name": "Ginnie Mae", 
                            "count": 197, 
                            "value": 25453
                        }, 
                        {
                            "name": "Freddie Mac", 
                            "count": 376, 
                            "value": 48561
                        }, 
                        {
                            "name": "Farmer Mac", 
                            "count": 0, 
                            "value": 0
                        }, 
                        {
                            "name": "Private Securitization", 
                            "count": 4, 
                            "value": 628
                        }, 
                        {
                            "name": "Commercial bank, savings bank or association", 
                            "count": 137, 
                            "value": 15303
                        }, 
                        {
                            "name": "Life insurance co., credit union, finance co.", 
                            "count": 13, 
                            "value": 2218
                        }, 
                        {
                            "name": "Affiliate institution", 
                            "count": 63, 
                            "value": 7526
                        }, 
                        {
                            "name": "Other", 
                            "count": 1287, 
                            "value": 151448
                        }
                    ]
                }, 
                {
                    "ethnicitie": "No co-applicant", 
                    "purchasers": [
                        {
                            "name": "Fannie Mae", 
                            "count": 0, 
                            "value": 0
                        }, 
                        {
                            "name": "Ginnie Mae", 
                            "count": 0, 
                            "value": 0
                        }, 
                        {
                            "name": "Freddie Mac", 
                            "count": 0, 
                            "value": 0
                        }, 
                        {
                            "name": "Farmer Mac", 
                            "count": 0, 
                            "value": 0
                        }, 
                        {
                            "name": "Private Securitization", 
                            "count": 0, 
                            "value": 0
                        }, 
                        {
                            "name": "Commercial bank, savings bank or association", 
                            "count": 0, 
                            "value": 0
                        }, 
                        {
                            "name": "Life insurance co., credit union, finance co.", 
                            "count": 0, 
                            "value": 0
                        }, 
                        {
                            "name": "Affiliate institution", 
                            "count": 0, 
                            "value": 0
                        }, 
                        {
                            "name": "Other", 
                            "count": 0, 
                            "value": 0
                        }
                    ]
                }
            ]
        }, 
        {
            "characteristic": "Minority Status", 
            "minoritystatuses": [
                {
                    "minoritystatuse": "White Non-Hispanic", 
                    "purchasers": [
                        {
                            "name": "Fannie Mae", 
                            "count": 2176, 
                            "value": 294044
                        }, 
                        {
                            "name": "Ginnie Mae", 
                            "count": 1313, 
                            "value": 161535
                        }, 
                        {
                            "name": "Freddie Mac", 
                            "count": 1284, 
                            "value": 174513
                        }, 
                        {
                            "name": "Farmer Mac", 
                            "count": 6, 
                            "value": 549
                        }, 
                        {
                            "name": "Private Securitization", 
                            "count": 36, 
                            "value": 4411
                        }, 
                        {
                            "name": "Commercial bank, savings bank or association", 
                            "count": 822, 
                            "value": 96985
                        }, 
                        {
                            "name": "Life insurance co., credit union, finance co.", 
                            "count": 89, 
                            "value": 12662
                        }, 
                        {
                            "name": "Affiliate institution", 
                            "count": 328, 
                            "value": 40577
                        }, 
                        {
                            "name": "Other", 
                            "count": 6192, 
                            "value": 754142
                        }
                    ]
                }, 
                {
                    "minoritystatuse": "Others, Including Hispanic", 
                    "purchasers": [
                        {
                            "name": "Fannie Mae", 
                            "count": 285, 
                            "value": 38344
                        }, 
                        {
                            "name": "Ginnie Mae", 
                            "count": 254, 
                            "value": 29332
                        }, 
                        {
                            "name": "Freddie Mac", 
                            "count": 165, 
                            "value": 21193
                        }, 
                        {
                            "name": "Farmer Mac", 
                            "count": 0, 
                            "value": 0
                        }, 
                        {
                            "name": "Private Securitization", 
                            "count": 2, 
                            "value": 339
                        }, 
                        {
                            "name": "Commercial bank, savings bank or association", 
                            "count": 136, 
                            "value": 14057
                        }, 
                        {
                            "name": "Life insurance co., credit union, finance co.", 
                            "count": 12, 
                            "value": 1282
                        }, 
                        {
                            "name": "Affiliate institution", 
                            "count": 81, 
                            "value": 10242
                        }, 
                        {
                            "name": "Other", 
                            "count": 1258, 
                            "value": 132230
                        }
                    ]
                }
            ]
        }, 
        {
            "characteristic": "Applicant Income", 
            "applicantincomes": [
                {
                    "applicantincome": "Less than 50% of MSA/MD median", 
                    "purchasers": [
                        {
                            "name": "Fannie Mae", 
                            "count": 213, 
                            "value": 20747
                        }, 
                        {
                            "name": "Ginnie Mae", 
                            "count": 139, 
                            "value": 10072
                        }, 
                        {
                            "name": "Freddie Mac", 
                            "count": 113, 
                            "value": 9968
                        }, 
                        {
                            "name": "Farmer Mac", 
                            "count": 1, 
                            "value": 81
                        }, 
                        {
                            "name": "Private Securitization", 
                            "count": 1, 
                            "value": 52
                        }, 
                        {
                            "name": "Commercial bank, savings bank or association", 
                            "count": 85, 
                            "value": 5907
                        }, 
                        {
                            "name": "Life insurance co., credit union, finance co.", 
                            "count": 5, 
                            "value": 465
                        }, 
                        {
                            "name": "Affiliate institution", 
                            "count": 43, 
                            "value": 3450
                        }, 
                        {
                            "name": "Other", 
                            "count": 968, 
                            "value": 53049
                        }
                    ]
                }, 
                {
                    "applicantincome": "50-79% of MSA/MD median", 
                    "purchasers": [
                        {
                            "name": "Fannie Mae", 
                            "count": 395, 
                            "value": 42004
                        }, 
                        {
                            "name": "Ginnie Mae", 
                            "count": 351, 
                            "value": 32335
                        }, 
                        {
                            "name": "Freddie Mac", 
                            "count": 228, 
                            "value": 23982
                        }, 
                        {
                            "name": "Farmer Mac", 
                            "count": 4, 
                            "value": 385
                        }, 
                        {
                            "name": "Private Securitization", 
                            "count": 5, 
                            "value": 555
                        }, 
                        {
                            "name": "Commercial bank, savings bank or association", 
                            "count": 249, 
                            "value": 22618
                        }, 
                        {
                            "name": "Life insurance co., credit union, finance co.", 
                            "count": 20, 
                            "value": 1986
                        }, 
                        {
                            "name": "Affiliate institution", 
                            "count": 108, 
                            "value": 10983
                        }, 
                        {
                            "name": "Other", 
                            "count": 1502, 
                            "value": 109985
                        }
                    ]
                }, 
                {
                    "applicantincome": "80-99% of MSA/MD median", 
                    "purchasers": [
                        {
                            "name": "Fannie Mae", 
                            "count": 290, 
                            "value": 33749
                        }, 
                        {
                            "name": "Ginnie Mae", 
                            "count": 175, 
                            "value": 19746
                        }, 
                        {
                            "name": "Freddie Mac", 
                            "count": 168, 
                            "value": 19791
                        }, 
                        {
                            "name": "Farmer Mac", 
                            "count": 0, 
                            "value": 0
                        }, 
                        {
                            "name": "Private Securitization", 
                            "count": 7, 
                            "value": 666
                        }, 
                        {
                            "name": "Commercial bank, savings bank or association", 
                            "count": 96, 
                            "value": 10263
                        }, 
                        {
                            "name": "Life insurance co., credit union, finance co.", 
                            "count": 19, 
                            "value": 2312
                        }, 
                        {
                            "name": "Affiliate institution", 
                            "count": 51, 
                            "value": 5737
                        }, 
                        {
                            "name": "Other", 
                            "count": 820, 
                            "value": 76043
                        }
                    ]
                }, 
                {
                    "applicantincome": "100-119% of MSA/MD median", 
                    "purchasers": [
                        {
                            "name": "Fannie Mae", 
                            "count": 279, 
                            "value": 35107
                        }, 
                        {
                            "name": "Ginnie Mae", 
                            "count": 141, 
                            "value": 17781
                        }, 
                        {
                            "name": "Freddie Mac", 
                            "count": 136, 
                            "value": 16018
                        }, 
                        {
                            "name": "Farmer Mac", 
                            "count": 0, 
                            "value": 0
                        }, 
                        {
                            "name": "Private Securitization", 
                            "count": 4, 
                            "value": 320
                        }, 
                        {
                            "name": "Commercial bank, savings bank or association", 
                            "count": 104, 
                            "value": 12217
                        }, 
                        {
                            "name": "Life insurance co., credit union, finance co.", 
                            "count": 12, 
                            "value": 1430
                        }, 
                        {
                            "name": "Affiliate institution", 
                            "count": 45, 
                            "value": 5022
                        }, 
                        {
                            "name": "Other", 
                            "count": 695, 
                            "value": 76090
                        }
                    ]
                }, 
                {
                    "applicantincome": "120% or more of MSA/MD median", 
                    "purchasers": [
                        {
                            "name": "Fannie Mae", 
                            "count": 1169, 
                            "value": 182540
                        }, 
                        {
                            "name": "Ginnie Mae", 
                            "count": 287, 
                            "value": 45807
                        }, 
                        {
                            "name": "Freddie Mac", 
                            "count": 657, 
                            "value": 107208
                        }, 
                        {
                            "name": "Farmer Mac", 
                            "count": 1, 
                            "value": 83
                        }, 
                        {
                            "name": "Private Securitization", 
                            "count": 21, 
                            "value": 3157
                        }, 
                        {
                            "name": "Commercial bank, savings bank or association", 
                            "count": 286, 
                            "value": 44407
                        }, 
                        {
                            "name": "Life insurance co., credit union, finance co.", 
                            "count": 35, 
                            "value": 5964
                        }, 
                        {
                            "name": "Affiliate institution", 
                            "count": 160, 
                            "value": 25310
                        }, 
                        {
                            "name": "Other", 
                            "count": 2644, 
                            "value": 458773
                        }
                    ]
                }, 
                {
                    "applicantincome": "income not available", 
                    "purchasers": [
                        {
                            "name": "Fannie Mae", 
                            "count": 115, 
                            "value": 18241
                        }, 
                        {
                            "name": "Ginnie Mae", 
                            "count": 474, 
                            "value": 65126
                        }, 
                        {
                            "name": "Freddie Mac", 
                            "count": 147, 
                            "value": 18739
                        }, 
                        {
                            "name": "Farmer Mac", 
                            "count": 0, 
                            "value": 0
                        }, 
                        {
                            "name": "Private Securitization", 
                            "count": 0, 
                            "value": 0
                        }, 
                        {
                            "name": "Commercial bank, savings bank or association", 
                            "count": 138, 
                            "value": 15630
                        }, 
                        {
                            "name": "Life insurance co., credit union, finance co.", 
                            "count": 10, 
                            "value": 1787
                        }, 
                        {
                            "name": "Affiliate institution", 
                            "count": 2, 
                            "value": 317
                        }, 
                        {
                            "name": "Other", 
                            "count": 821, 
                            "value": 112432
                        }
                    ]
                }
            ]
        }
    ], 
    "censuscharacteristics": [
        {
            "characteristic": "Racial/Ethnic Composition", 
            "tractpctminority": [
                {
                    "tractpctminorit": "Less than 10% minority", 
                    "purchasers": [
                        {
                            "name": "Fannie Mae", 
                            "count": 718, 
                            "value": 93095
                        }, 
                        {
                            "name": "Ginnie Mae", 
                            "count": 227, 
                            "value": 28865
                        }, 
                        {
                            "name": "Freddie Mac", 
                            "count": 273, 
                            "value": 33567
                        }, 
                        {
                            "name": "Farmer Mac", 
                            "count": 2, 
                            "value": 175
                        }, 
                        {
                            "name": "Private Securitization", 
                            "count": 8, 
                            "value": 819
                        }, 
                        {
                            "name": "Commercial bank, savings bank or association", 
                            "count": 160, 
                            "value": 18553
                        }, 
                        {
                            "name": "Life insurance co., credit union, finance co.", 
                            "count": 19, 
                            "value": 2295
                        }, 
                        {
                            "name": "Affiliate institution", 
                            "count": 56, 
                            "value": 6942
                        }, 
                        {
                            "name": "Other", 
                            "count": 1295, 
                            "value": 133476
                        }
                    ]
                }, 
                {
                    "tractpctminorit": "10-19% minority", 
                    "purchasers": [
                        {
                            "name": "Fannie Mae", 
                            "count": 1572, 
                            "value": 219274
                        }, 
                        {
                            "name": "Ginnie Mae", 
                            "count": 1199, 
                            "value": 147948
                        }, 
                        {
                            "name": "Freddie Mac", 
                            "count": 1065, 
                            "value": 150025
                        }, 
                        {
                            "name": "Farmer Mac", 
                            "count": 4, 
                            "value": 374
                        }, 
                        {
                            "name": "Private Securitization", 
                            "count": 29, 
                            "value": 3827
                        }, 
                        {
                            "name": "Commercial bank, savings bank or association", 
                            "count": 708, 
                            "value": 84258
                        }, 
                        {
                            "name": "Life insurance co., credit union, finance co.", 
                            "count": 77, 
                            "value": 11202
                        }, 
                        {
                            "name": "Affiliate institution", 
                            "count": 315, 
                            "value": 39833
                        }, 
                        {
                            "name": "Other", 
                            "count": 5517, 
                            "value": 695794
                        }
                    ]
                }, 
                {
                    "tractpctminorit": "20-49% minority", 
                    "purchasers": [
                        {
                            "name": "Fannie Mae", 
                            "count": 168, 
                            "value": 19834
                        }, 
                        {
                            "name": "Ginnie Mae", 
                            "count": 138, 
                            "value": 13795
                        }, 
                        {
                            "name": "Freddie Mac", 
                            "count": 109, 
                            "value": 12016
                        }, 
                        {
                            "name": "Farmer Mac", 
                            "count": 0, 
                            "value": 0
                        }, 
                        {
                            "name": "Private Securitization", 
                            "count": 1, 
                            "value": 104
                        }, 
                        {
                            "name": "Commercial bank, savings bank or association", 
                            "count": 90, 
                            "value": 8231
                        }, 
                        {
                            "name": "Life insurance co., credit union, finance co.", 
                            "count": 5, 
                            "value": 447
                        }, 
                        {
                            "name": "Affiliate institution", 
                            "count": 37, 
                            "value": 3954
                        }, 
                        {
                            "name": "Other", 
                            "count": 606, 
                            "value": 55649
                        }
                    ]
                }, 
                {
                    "tractpctminorit": "50-79% minority", 
                    "purchasers": [
                        {
                            "name": "Fannie Mae", 
                            "count": 3, 
                            "value": 185
                        }, 
                        {
                            "name": "Ginnie Mae", 
                            "count": 3, 
                            "value": 259
                        }, 
                        {
                            "name": "Freddie Mac", 
                            "count": 2, 
                            "value": 98
                        }, 
                        {
                            "name": "Farmer Mac", 
                            "count": 0, 
                            "value": 0
                        }, 
                        {
                            "name": "Private Securitization", 
                            "count": 0, 
                            "value": 0
                        }, 
                        {
                            "name": "Commercial bank, savings bank or association", 
                            "count": 0, 
                            "value": 0
                        }, 
                        {
                            "name": "Life insurance co., credit union, finance co.", 
                            "count": 0, 
                            "value": 0
                        }, 
                        {
                            "name": "Affiliate institution", 
                            "count": 1, 
                            "value": 90
                        }, 
                        {
                            "name": "Other", 
                            "count": 32, 
                            "value": 1453
                        }
                    ]
                }, 
                {
                    "tractpctminorit": "80-100% minority", 
                    "purchasers": [
                        {
                            "name": "Fannie Mae", 
                            "count": 0, 
                            "value": 0
                        }, 
                        {
                            "name": "Ginnie Mae", 
                            "count": 0, 
                            "value": 0
                        }, 
                        {
                            "name": "Freddie Mac", 
                            "count": 0, 
                            "value": 0
                        }, 
                        {
                            "name": "Farmer Mac", 
                            "count": 0, 
                            "value": 0
                        }, 
                        {
                            "name": "Private Securitization", 
                            "count": 0, 
                            "value": 0
                        }, 
                        {
                            "name": "Commercial bank, savings bank or association", 
                            "count": 0, 
                            "value": 0
                        }, 
                        {
                            "name": "Life insurance co., credit union, finance co.", 
                            "count": 0, 
                            "value": 0
                        }, 
                        {
                            "name": "Affiliate institution", 
                            "count": 0, 
                            "value": 0
                        }, 
                        {
                            "name": "Other", 
                            "count": 0, 
                            "value": 0
                        }
                    ]
                }
            ]
        }, 
        {
            "characteristic": "Income", 
            "incomelevel": [
                {
                    "incomeleve": "Low income", 
                    "purchasers": [
                        {
                            "name": "Fannie Mae", 
                            "count": 0, 
                            "value": 0
                        }, 
                        {
                            "name": "Ginnie Mae", 
                            "count": 0, 
                            "value": 0
                        }, 
                        {
                            "name": "Freddie Mac", 
                            "count": 0, 
                            "value": 0
                        }, 
                        {
                            "name": "Farmer Mac", 
                            "count": 0, 
                            "value": 0
                        }, 
                        {
                            "name": "Private Securitization", 
                            "count": 0, 
                            "value": 0
                        }, 
                        {
                            "name": "Commercial bank, savings bank or association", 
                            "count": 0, 
                            "value": 0
                        }, 
                        {
                            "name": "Life insurance co., credit union, finance co.", 
                            "count": 0, 
                            "value": 0
                        }, 
                        {
                            "name": "Affiliate institution", 
                            "count": 0, 
                            "value": 0
                        }, 
                        {
                            "name": "Other", 
                            "count": 0, 
                            "value": 0
                        }
                    ]
                }, 
                {
                    "incomeleve": "Moderate income", 
                    "purchasers": [
                        {
                            "name": "Fannie Mae", 
                            "count": 148, 
                            "value": 16544
                        }, 
                        {
                            "name": "Ginnie Mae", 
                            "count": 142, 
                            "value": 14674
                        }, 
                        {
                            "name": "Freddie Mac", 
                            "count": 130, 
                            "value": 15740
                        }, 
                        {
                            "name": "Farmer Mac", 
                            "count": 0, 
                            "value": 0
                        }, 
                        {
                            "name": "Private Securitization", 
                            "count": 1, 
                            "value": 39
                        }, 
                        {
                            "name": "Commercial bank, savings bank or association", 
                            "count": 75, 
                            "value": 8128
                        }, 
                        {
                            "name": "Life insurance co., credit union, finance co.", 
                            "count": 5, 
                            "value": 653
                        }, 
                        {
                            "name": "Affiliate institution", 
                            "count": 33, 
                            "value": 4261
                        }, 
                        {
                            "name": "Other", 
                            "count": 782, 
                            "value": 91198
                        }
                    ]
                }, 
                {
                    "incomeleve": "Middle income", 
                    "purchasers": [
                        {
                            "name": "Fannie Mae", 
                            "count": 1930, 
                            "value": 252041
                        }, 
                        {
                            "name": "Ginnie Mae", 
                            "count": 1215, 
                            "value": 144034
                        }, 
                        {
                            "name": "Freddie Mac", 
                            "count": 1045, 
                            "value": 133445
                        }, 
                        {
                            "name": "Farmer Mac", 
                            "count": 6, 
                            "value": 549
                        }, 
                        {
                            "name": "Private Securitization", 
                            "count": 28, 
                            "value": 3374
                        }, 
                        {
                            "name": "Commercial bank, savings bank or association", 
                            "count": 750, 
                            "value": 81979
                        }, 
                        {
                            "name": "Life insurance co., credit union, finance co.", 
                            "count": 76, 
                            "value": 9151
                        }, 
                        {
                            "name": "Affiliate institution", 
                            "count": 309, 
                            "value": 36476
                        }, 
                        {
                            "name": "Other", 
                            "count": 5469, 
                            "value": 585353
                        }
                    ]
                }, 
                {
                    "incomeleve": "Upper income", 
                    "purchasers": [
                        {
                            "name": "Fannie Mae", 
                            "count": 383, 
                            "value": 63803
                        }, 
                        {
                            "name": "Ginnie Mae", 
                            "count": 210, 
                            "value": 32159
                        }, 
                        {
                            "name": "Freddie Mac", 
                            "count": 274, 
                            "value": 46521
                        }, 
                        {
                            "name": "Farmer Mac", 
                            "count": 0, 
                            "value": 0
                        }, 
                        {
                            "name": "Private Securitization", 
                            "count": 9, 
                            "value": 1337
                        }, 
                        {
                            "name": "Commercial bank, savings bank or association", 
                            "count": 133, 
                            "value": 20935
                        }, 
                        {
                            "name": "Life insurance co., credit union, finance co.", 
                            "count": 20, 
                            "value": 4140
                        }, 
                        {
                            "name": "Affiliate institution", 
                            "count": 67, 
                            "value": 10082
                        }, 
                        {
                            "name": "Other", 
                            "count": 1199, 
                            "value": 209821
                        }
                    ]
                }
            ]
        }
    ], 
    "total": {
        "purchasers": [
            {
                "name": "Fannie Mae", 
                "count": 2461, 
                "value": 332388
            }, 
            {
                "name": "Ginnie Mae", 
                "count": 1567, 
                "value": 190867
            }, 
            {
                "name": "Freddie Mac", 
                "count": 1449, 
                "value": 195706
            }, 
            {
                "name": "Farmer Mac", 
                "count": 6, 
                "value": 549
            }, 
            {
                "name": "Private Securitization", 
                "count": 38, 
                "value": 4750
            }, 
            {
                "name": "Commercial bank, savings bank or association", 
                "count": 958, 
                "value": 111042
            }, 
            {
                "name": "Life insurance co., credit union, finance co.", 
                "count": 101, 
                "value": 13944
            }, 
            {
                "name": "Affiliate institution", 
                "count": 409, 
                "value": 50819
            }, 
            {
                "name": "Other", 
                "count": 7450, 
                "value": 886372
            }
        ]
    }
}