{
    "table": "3-1", 
    "type": "aggregate", 
    "desc": "Loans sold. By characteristics of borrower and census tract in which property is located and by type of purchaser (includes originations and purchased loans).", 
    "year": "2012", 
    "msa": {
        "id": "19740", 
        "name": "Denver-Aurora-Broomfield", 
        "state": "CO", 
        "state_name": "Colorado"
    }, 
    "borrowercharacteristics": [
        {
            "characteristic": "Race", 
            "races": [
                {
                    "race": "American Indian/Alaska Native", 
                    "purchasers": [
                        {
                            "name": "Fannie Mae", 
                            "count": 0, 
                            "value": 0
                        }, 
                        {
                            "name": "Ginnie Mae", 
                            "count": 0, 
                            "value": 0
                        }, 
                        {
                            "name": "Freddie Mac", 
                            "count": 0, 
                            "value": 0
                        }, 
                        {
                            "name": "Farmer Mac", 
                            "count": 0, 
                            "value": 0
                        }, 
                        {
                            "name": "Private Securitization", 
                            "count": 0, 
                            "value": 0
                        }, 
                        {
                            "name": "Commercial bank, savings bank or association", 
                            "count": 0, 
                            "value": 0
                        }, 
                        {
                            "name": "Life insurance co., credit union, finance co.", 
                            "count": 0, 
                            "value": 0
                        }, 
                        {
                            "name": "Affiliate institution", 
                            "count": 0, 
                            "value": 0
                        }, 
                        {
                            "name": "Other", 
                            "count": 0, 
                            "value": 0
                        }
                    ]
                }, 
                {
                    "race": "Asian", 
                    "purchasers": [
                        {
                            "name": "Fannie Mae", 
                            "count": 23, 
                            "value": 4134.0
                        }, 
                        {
                            "name": "Ginnie Mae", 
                            "count": 24, 
                            "value": 4985.0
                        }, 
                        {
                            "name": "Freddie Mac", 
                            "count": 6, 
                            "value": 1082.0
                        }, 
                        {
                            "name": "Farmer Mac", 
                            "count": 0, 
                            "value": 0
                        }, 
                        {
                            "name": "Private Securitization", 
                            "count": 2, 
                            "value": 436.0
                        }, 
                        {
                            "name": "Commercial bank, savings bank or association", 
                            "count": 7, 
                            "value": 1614.0
                        }, 
                        {
                            "name": "Life insurance co., credit union, finance co.", 
                            "count": 1, 
                            "value": 116.0
                        }, 
                        {
                            "name": "Affiliate institution", 
                            "count": 1, 
                            "value": 246.0
                        }, 
                        {
                            "name": "Other", 
                            "count": 99, 
                            "value": 17627.0
                        }
                    ]
                }, 
                {
                    "race": "Black or African American", 
                    "purchasers": [
                        {
                            "name": "Fannie Mae", 
                            "count": 760, 
                            "value": 181025.0
                        }, 
                        {
                            "name": "Ginnie Mae", 
                            "count": 161, 
                            "value": 36638.0
                        }, 
                        {
                            "name": "Freddie Mac", 
                            "count": 296, 
                            "value": 71208.0
                        }, 
                        {
                            "name": "Farmer Mac", 
                            "count": 0, 
                            "value": 0
                        }, 
                        {
                            "name": "Private Securitization", 
                            "count": 10, 
                            "value": 2137.0
                        }, 
                        {
                            "name": "Commercial bank, savings bank or association", 
                            "count": 232, 
                            "value": 58961.0
                        }, 
                        {
                            "name": "Life insurance co., credit union, finance co.", 
                            "count": 63, 
                            "value": 14987.0
                        }, 
                        {
                            "name": "Affiliate institution", 
                            "count": 23, 
                            "value": 4270.0
                        }, 
                        {
                            "name": "Other", 
                            "count": 1244, 
                            "value": 274216.0
                        }
                    ]
                }, 
                {
                    "race": "Native Hawaiian or Pacific Islander", 
                    "purchasers": [
                        {
                            "name": "Fannie Mae", 
                            "count": 174, 
                            "value": 35637.0
                        }, 
                        {
                            "name": "Ginnie Mae", 
                            "count": 244, 
                            "value": 52916.0
                        }, 
                        {
                            "name": "Freddie Mac", 
                            "count": 73, 
                            "value": 15815.0
                        }, 
                        {
                            "name": "Farmer Mac", 
                            "count": 0, 
                            "value": 0
                        }, 
                        {
                            "name": "Private Securitization", 
                            "count": 5, 
                            "value": 1016.0
                        }, 
                        {
                            "name": "Commercial bank, savings bank or association", 
                            "count": 80, 
                            "value": 18251.0
                        }, 
                        {
                            "name": "Life insurance co., credit union, finance co.", 
                            "count": 37, 
                            "value": 7795.0
                        }, 
                        {
                            "name": "Affiliate institution", 
                            "count": 15, 
                            "value": 2912.0
                        }, 
                        {
                            "name": "Other", 
                            "count": 605, 
                            "value": 119048.0
                        }
                    ]
                }, 
                {
                    "race": "White", 
                    "purchasers": [
                        {
                            "name": "Fannie Mae", 
                            "count": 25, 
                            "value": 5307.0
                        }, 
                        {
                            "name": "Ginnie Mae", 
                            "count": 7, 
                            "value": 1521.0
                        }, 
                        {
                            "name": "Freddie Mac", 
                            "count": 4, 
                            "value": 1053.0
                        }, 
                        {
                            "name": "Farmer Mac", 
                            "count": 0, 
                            "value": 0
                        }, 
                        {
                            "name": "Private Securitization", 
                            "count": 0, 
                            "value": 0
                        }, 
                        {
                            "name": "Commercial bank, savings bank or association", 
                            "count": 7, 
                            "value": 1367.0
                        }, 
                        {
                            "name": "Life insurance co., credit union, finance co.", 
                            "count": 1, 
                            "value": 220.0
                        }, 
                        {
                            "name": "Affiliate institution", 
                            "count": 0, 
                            "value": 0
                        }, 
                        {
                            "name": "Other", 
                            "count": 61, 
                            "value": 11209.0
                        }
                    ]
                }, 
                {
                    "race": "2 or more minority races", 
                    "purchasers": [
                        {
                            "name": "Fannie Mae", 
                            "count": 23898, 
                            "value": 5858118.0
                        }, 
                        {
                            "name": "Ginnie Mae", 
                            "count": 10068, 
                            "value": 2428187.0
                        }, 
                        {
                            "name": "Freddie Mac", 
                            "count": 8546, 
                            "value": 2067402.0
                        }, 
                        {
                            "name": "Farmer Mac", 
                            "count": 0, 
                            "value": 0
                        }, 
                        {
                            "name": "Private Securitization", 
                            "count": 481, 
                            "value": 126721.0
                        }, 
                        {
                            "name": "Commercial bank, savings bank or association", 
                            "count": 10696, 
                            "value": 2839605.0
                        }, 
                        {
                            "name": "Life insurance co., credit union, finance co.", 
                            "count": 3863, 
                            "value": 998852.0
                        }, 
                        {
                            "name": "Affiliate institution", 
                            "count": 1052, 
                            "value": 234243.0
                        }, 
                        {
                            "name": "Other", 
                            "count": 36471, 
                            "value": 9422483.0
                        }
                    ]
                }, 
                {
                    "race": "Joint", 
                    "purchasers": [
                        {
                            "name": "Fannie Mae", 
                            "count": 2978, 
                            "value": 722190.0
                        }, 
                        {
                            "name": "Ginnie Mae", 
                            "count": 1294, 
                            "value": 310265.0
                        }, 
                        {
                            "name": "Freddie Mac", 
                            "count": 1348, 
                            "value": 317429.0
                        }, 
                        {
                            "name": "Farmer Mac", 
                            "count": 0, 
                            "value": 0
                        }, 
                        {
                            "name": "Private Securitization", 
                            "count": 111, 
                            "value": 28779.0
                        }, 
                        {
                            "name": "Commercial bank, savings bank or association", 
                            "count": 1181, 
                            "value": 311112.0
                        }, 
                        {
                            "name": "Life insurance co., credit union, finance co.", 
                            "count": 1059, 
                            "value": 243892.0
                        }, 
                        {
                            "name": "Affiliate institution", 
                            "count": 190, 
                            "value": 37984.0
                        }, 
                        {
                            "name": "Other", 
                            "count": 8407, 
                            "value": 1894238.0
                        }
                    ]
                }, 
                {
                    "race": "Not Provided", 
                    "purchasers": [
                        {
                            "name": "Fannie Mae", 
                            "count": 6755, 
                            "value": 1945704.0
                        }, 
                        {
                            "name": "Ginnie Mae", 
                            "count": 2583, 
                            "value": 598213.0
                        }, 
                        {
                            "name": "Freddie Mac", 
                            "count": 3483, 
                            "value": 858412.0
                        }, 
                        {
                            "name": "Farmer Mac", 
                            "count": 0, 
                            "value": 0
                        }, 
                        {
                            "name": "Private Securitization", 
                            "count": 1, 
                            "value": 265.0
                        }, 
                        {
                            "name": "Commercial bank, savings bank or association", 
                            "count": 1042, 
                            "value": 238358.0
                        }, 
                        {
                            "name": "Life insurance co., credit union, finance co.", 
                            "count": 104, 
                            "value": 27112.0
                        }, 
                        {
                            "name": "Affiliate institution", 
                            "count": 693, 
                            "value": 186857.0
                        }, 
                        {
                            "name": "Other", 
                            "count": 3136, 
                            "value": 735157.0
                        }
                    ]
                }, 
                {
                    "race": "Not Applicable", 
                    "purchasers": [
                        {
                            "name": "Fannie Mae", 
                            "count": 24510, 
                            "value": 5210786.0
                        }, 
                        {
                            "name": "Ginnie Mae", 
                            "count": 15402, 
                            "value": 3096660.0
                        }, 
                        {
                            "name": "Freddie Mac", 
                            "count": 8200, 
                            "value": 1894798.0
                        }, 
                        {
                            "name": "Farmer Mac", 
                            "count": 1, 
                            "value": 125.0
                        }, 
                        {
                            "name": "Private Securitization", 
                            "count": 463, 
                            "value": 98857.0
                        }, 
                        {
                            "name": "Commercial bank, savings bank or association", 
                            "count": 12688, 
                            "value": 2824747.0
                        }, 
                        {
                            "name": "Life insurance co., credit union, finance co.", 
                            "count": 3633, 
                            "value": 769877.0
                        }, 
                        {
                            "name": "Affiliate institution", 
                            "count": 1764, 
                            "value": 340070.0
                        }, 
                        {
                            "name": "Other", 
                            "count": 54840, 
                            "value": 11793679.0
                        }
                    ]
                }, 
                {
                    "race": "No co-applicant", 
                    "purchasers": [
                        {
                            "name": "Fannie Mae", 
                            "count": 0, 
                            "value": 0
                        }, 
                        {
                            "name": "Ginnie Mae", 
                            "count": 0, 
                            "value": 0
                        }, 
                        {
                            "name": "Freddie Mac", 
                            "count": 0, 
                            "value": 0
                        }, 
                        {
                            "name": "Farmer Mac", 
                            "count": 0, 
                            "value": 0
                        }, 
                        {
                            "name": "Private Securitization", 
                            "count": 0, 
                            "value": 0
                        }, 
                        {
                            "name": "Commercial bank, savings bank or association", 
                            "count": 0, 
                            "value": 0
                        }, 
                        {
                            "name": "Life insurance co., credit union, finance co.", 
                            "count": 0, 
                            "value": 0
                        }, 
                        {
                            "name": "Affiliate institution", 
                            "count": 0, 
                            "value": 0
                        }, 
                        {
                            "name": "Other", 
                            "count": 0, 
                            "value": 0
                        }
                    ]
                }
            ]
        }, 
        {
            "characteristic": "Ethnicity", 
            "ethnicities": [
                {
                    "ethnicitie": "Hispanic or Latino", 
                    "purchasers": [
                        {
                            "name": "Fannie Mae", 
                            "count": 625, 
                            "value": 118729
                        }, 
                        {
                            "name": "Ginnie Mae", 
                            "count": 722, 
                            "value": 139008
                        }, 
                        {
                            "name": "Freddie Mac", 
                            "count": 249, 
                            "value": 47202
                        }, 
                        {
                            "name": "Farmer Mac", 
                            "count": 0, 
                            "value": 0
                        }, 
                        {
                            "name": "Private Securitization", 
                            "count": 15, 
                            "value": 2741
                        }, 
                        {
                            "name": "Commercial bank, savings bank or association", 
                            "count": 365, 
                            "value": 78050
                        }, 
                        {
                            "name": "Life insurance co., credit union, finance co.", 
                            "count": 158, 
                            "value": 31200
                        }, 
                        {
                            "name": "Affiliate institution", 
                            "count": 57, 
                            "value": 9527
                        }, 
                        {
                            "name": "Other", 
                            "count": 2370, 
                            "value": 389712
                        }
                    ]
                }, 
                {
                    "ethnicitie": "Not Hispanic or Latino", 
                    "purchasers": [
                        {
                            "name": "Fannie Mae", 
                            "count": 43772, 
                            "value": 10090758
                        }, 
                        {
                            "name": "Ginnie Mae", 
                            "count": 21028, 
                            "value": 4654866
                        }, 
                        {
                            "name": "Freddie Mac", 
                            "count": 15096, 
                            "value": 3450223
                        }, 
                        {
                            "name": "Farmer Mac", 
                            "count": 1, 
                            "value": 125
                        }, 
                        {
                            "name": "Private Securitization", 
                            "count": 838, 
                            "value": 204047
                        }, 
                        {
                            "name": "Commercial bank, savings bank or association", 
                            "count": 21007, 
                            "value": 5174260
                        }, 
                        {
                            "name": "Life insurance co., credit union, finance co.", 
                            "count": 7446, 
                            "value": 1776014
                        }, 
                        {
                            "name": "Affiliate institution", 
                            "count": 1894, 
                            "value": 380859
                        }, 
                        {
                            "name": "Other", 
                            "count": 74785, 
                            "value": 17439825
                        }
                    ]
                }, 
                {
                    "ethnicitie": "Not provided", 
                    "purchasers": [
                        {
                            "name": "Fannie Mae", 
                            "count": 2191, 
                            "value": 440951
                        }, 
                        {
                            "name": "Ginnie Mae", 
                            "count": 2760, 
                            "value": 507548
                        }, 
                        {
                            "name": "Freddie Mac", 
                            "count": 775, 
                            "value": 161444
                        }, 
                        {
                            "name": "Farmer Mac", 
                            "count": 0, 
                            "value": 0
                        }, 
                        {
                            "name": "Private Securitization", 
                            "count": 45, 
                            "value": 10298
                        }, 
                        {
                            "name": "Commercial bank, savings bank or association", 
                            "count": 1588, 
                            "value": 319332
                        }, 
                        {
                            "name": "Life insurance co., credit union, finance co.", 
                            "count": 567, 
                            "value": 111051
                        }, 
                        {
                            "name": "Affiliate institution", 
                            "count": 154, 
                            "value": 27824
                        }, 
                        {
                            "name": "Other", 
                            "count": 7563, 
                            "value": 1255385
                        }
                    ]
                }, 
                {
                    "ethnicitie": "Not applicable", 
                    "purchasers": [
                        {
                            "name": "Fannie Mae", 
                            "count": 12535, 
                            "value": 3312463
                        }, 
                        {
                            "name": "Ginnie Mae", 
                            "count": 5273, 
                            "value": 1227963
                        }, 
                        {
                            "name": "Freddie Mac", 
                            "count": 5836, 
                            "value": 1568330
                        }, 
                        {
                            "name": "Farmer Mac", 
                            "count": 0, 
                            "value": 0
                        }, 
                        {
                            "name": "Private Securitization", 
                            "count": 175, 
                            "value": 41125
                        }, 
                        {
                            "name": "Commercial bank, savings bank or association", 
                            "count": 2973, 
                            "value": 722373
                        }, 
                        {
                            "name": "Life insurance co., credit union, finance co.", 
                            "count": 590, 
                            "value": 144586
                        }, 
                        {
                            "name": "Affiliate institution", 
                            "count": 1633, 
                            "value": 388372
                        }, 
                        {
                            "name": "Other", 
                            "count": 20145, 
                            "value": 5182735
                        }
                    ]
                }, 
                {
                    "ethnicitie": "No co-applicant", 
                    "purchasers": [
                        {
                            "name": "Fannie Mae", 
                            "count": 0, 
                            "value": 0
                        }, 
                        {
                            "name": "Ginnie Mae", 
                            "count": 0, 
                            "value": 0
                        }, 
                        {
                            "name": "Freddie Mac", 
                            "count": 0, 
                            "value": 0
                        }, 
                        {
                            "name": "Farmer Mac", 
                            "count": 0, 
                            "value": 0
                        }, 
                        {
                            "name": "Private Securitization", 
                            "count": 0, 
                            "value": 0
                        }, 
                        {
                            "name": "Commercial bank, savings bank or association", 
                            "count": 0, 
                            "value": 0
                        }, 
                        {
                            "name": "Life insurance co., credit union, finance co.", 
                            "count": 0, 
                            "value": 0
                        }, 
                        {
                            "name": "Affiliate institution", 
                            "count": 0, 
                            "value": 0
                        }, 
                        {
                            "name": "Other", 
                            "count": 0, 
                            "value": 0
                        }
                    ]
                }
            ]
        }, 
        {
            "characteristic": "Minority Status", 
            "minoritystatuses": [
                {
                    "minoritystatuse": "White Non-Hispanic", 
                    "purchasers": [
                        {
                            "name": "Fannie Mae", 
                            "count": 52858, 
                            "value": 12637972
                        }, 
                        {
                            "name": "Ginnie Mae", 
                            "count": 24397, 
                            "value": 5485201
                        }, 
                        {
                            "name": "Freddie Mac", 
                            "count": 19805, 
                            "value": 4763508
                        }, 
                        {
                            "name": "Farmer Mac", 
                            "count": 1, 
                            "value": 125
                        }, 
                        {
                            "name": "Private Securitization", 
                            "count": 958, 
                            "value": 233229
                        }, 
                        {
                            "name": "Commercial bank, savings bank or association", 
                            "count": 22482, 
                            "value": 5537793
                        }, 
                        {
                            "name": "Life insurance co., credit union, finance co.", 
                            "count": 7557, 
                            "value": 1815193
                        }, 
                        {
                            "name": "Affiliate institution", 
                            "count": 3370, 
                            "value": 740283
                        }, 
                        {
                            "name": "Other", 
                            "count": 87703, 
                            "value": 21196767
                        }
                    ]
                }, 
                {
                    "minoritystatuse": "Others, Including Hispanic", 
                    "purchasers": [
                        {
                            "name": "Fannie Mae", 
                            "count": 6265, 
                            "value": 1324929
                        }, 
                        {
                            "name": "Ginnie Mae", 
                            "count": 5386, 
                            "value": 1044184
                        }, 
                        {
                            "name": "Freddie Mac", 
                            "count": 2151, 
                            "value": 463691
                        }, 
                        {
                            "name": "Farmer Mac", 
                            "count": 0, 
                            "value": 0
                        }, 
                        {
                            "name": "Private Securitization", 
                            "count": 115, 
                            "value": 24982
                        }, 
                        {
                            "name": "Commercial bank, savings bank or association", 
                            "count": 3451, 
                            "value": 756222
                        }, 
                        {
                            "name": "Life insurance co., credit union, finance co.", 
                            "count": 1204, 
                            "value": 247658
                        }, 
                        {
                            "name": "Affiliate institution", 
                            "count": 368, 
                            "value": 66299
                        }, 
                        {
                            "name": "Other", 
                            "count": 17160, 
                            "value": 3070890
                        }
                    ]
                }
            ]
        }, 
        {
            "characteristic": "Applicant Income", 
            "applicantincomes": [
                {
                    "applicantincome": "Less than 50% of MSA/MD median", 
                    "purchasers": [
                        {
                            "name": "Fannie Mae", 
                            "count": 3888, 
                            "value": 497592
                        }, 
                        {
                            "name": "Ginnie Mae", 
                            "count": 2473, 
                            "value": 327718
                        }, 
                        {
                            "name": "Freddie Mac", 
                            "count": 1365, 
                            "value": 178107
                        }, 
                        {
                            "name": "Farmer Mac", 
                            "count": 0, 
                            "value": 0
                        }, 
                        {
                            "name": "Private Securitization", 
                            "count": 71, 
                            "value": 8599
                        }, 
                        {
                            "name": "Commercial bank, savings bank or association", 
                            "count": 1844, 
                            "value": 246355
                        }, 
                        {
                            "name": "Life insurance co., credit union, finance co.", 
                            "count": 791, 
                            "value": 112188
                        }, 
                        {
                            "name": "Affiliate institution", 
                            "count": 349, 
                            "value": 44853
                        }, 
                        {
                            "name": "Other", 
                            "count": 12276, 
                            "value": 1445365
                        }
                    ]
                }, 
                {
                    "applicantincome": "50-79% of MSA/MD median", 
                    "purchasers": [
                        {
                            "name": "Fannie Mae", 
                            "count": 9413, 
                            "value": 1583439
                        }, 
                        {
                            "name": "Ginnie Mae", 
                            "count": 5289, 
                            "value": 979534
                        }, 
                        {
                            "name": "Freddie Mac", 
                            "count": 3198, 
                            "value": 536636
                        }, 
                        {
                            "name": "Farmer Mac", 
                            "count": 0, 
                            "value": 0
                        }, 
                        {
                            "name": "Private Securitization", 
                            "count": 166, 
                            "value": 27854
                        }, 
                        {
                            "name": "Commercial bank, savings bank or association", 
                            "count": 4674, 
                            "value": 859029
                        }, 
                        {
                            "name": "Life insurance co., credit union, finance co.", 
                            "count": 1737, 
                            "value": 307281
                        }, 
                        {
                            "name": "Affiliate institution", 
                            "count": 646, 
                            "value": 99791
                        }, 
                        {
                            "name": "Other", 
                            "count": 20573, 
                            "value": 3197691
                        }
                    ]
                }, 
                {
                    "applicantincome": "80-99% of MSA/MD median", 
                    "purchasers": [
                        {
                            "name": "Fannie Mae", 
                            "count": 7141, 
                            "value": 1442946
                        }, 
                        {
                            "name": "Ginnie Mae", 
                            "count": 2812, 
                            "value": 624673
                        }, 
                        {
                            "name": "Freddie Mac", 
                            "count": 2462, 
                            "value": 492077
                        }, 
                        {
                            "name": "Farmer Mac", 
                            "count": 0, 
                            "value": 0
                        }, 
                        {
                            "name": "Private Securitization", 
                            "count": 132, 
                            "value": 24968
                        }, 
                        {
                            "name": "Commercial bank, savings bank or association", 
                            "count": 3102, 
                            "value": 692029
                        }, 
                        {
                            "name": "Life insurance co., credit union, finance co.", 
                            "count": 1074, 
                            "value": 228203
                        }, 
                        {
                            "name": "Affiliate institution", 
                            "count": 447, 
                            "value": 82798
                        }, 
                        {
                            "name": "Other", 
                            "count": 11826, 
                            "value": 2194360
                        }
                    ]
                }, 
                {
                    "applicantincome": "100-119% of MSA/MD median", 
                    "purchasers": [
                        {
                            "name": "Fannie Mae", 
                            "count": 6772, 
                            "value": 1523928
                        }, 
                        {
                            "name": "Ginnie Mae", 
                            "count": 2188, 
                            "value": 536970
                        }, 
                        {
                            "name": "Freddie Mac", 
                            "count": 2365, 
                            "value": 523470
                        }, 
                        {
                            "name": "Farmer Mac", 
                            "count": 1, 
                            "value": 125
                        }, 
                        {
                            "name": "Private Securitization", 
                            "count": 113, 
                            "value": 26315
                        }, 
                        {
                            "name": "Commercial bank, savings bank or association", 
                            "count": 2960, 
                            "value": 727831
                        }, 
                        {
                            "name": "Life insurance co., credit union, finance co.", 
                            "count": 957, 
                            "value": 224544
                        }, 
                        {
                            "name": "Affiliate institution", 
                            "count": 409, 
                            "value": 85809
                        }, 
                        {
                            "name": "Other", 
                            "count": 10026, 
                            "value": 2070390
                        }
                    ]
                }, 
                {
                    "applicantincome": "120% or more of MSA/MD median", 
                    "purchasers": [
                        {
                            "name": "Fannie Mae", 
                            "count": 27944, 
                            "value": 7565344
                        }, 
                        {
                            "name": "Ginnie Mae", 
                            "count": 4533, 
                            "value": 1297816
                        }, 
                        {
                            "name": "Freddie Mac", 
                            "count": 9587, 
                            "value": 2556562
                        }, 
                        {
                            "name": "Farmer Mac", 
                            "count": 0, 
                            "value": 0
                        }, 
                        {
                            "name": "Private Securitization", 
                            "count": 546, 
                            "value": 159771
                        }, 
                        {
                            "name": "Commercial bank, savings bank or association", 
                            "count": 10195, 
                            "value": 3050616
                        }, 
                        {
                            "name": "Life insurance co., credit union, finance co.", 
                            "count": 3349, 
                            "value": 998978
                        }, 
                        {
                            "name": "Affiliate institution", 
                            "count": 1750, 
                            "value": 457933
                        }, 
                        {
                            "name": "Other", 
                            "count": 38198, 
                            "value": 11727405
                        }
                    ]
                }, 
                {
                    "applicantincome": "income not available", 
                    "purchasers": [
                        {
                            "name": "Fannie Mae", 
                            "count": 3961, 
                            "value": 1348682
                        }, 
                        {
                            "name": "Ginnie Mae", 
                            "count": 12487, 
                            "value": 2762500
                        }, 
                        {
                            "name": "Freddie Mac", 
                            "count": 2979, 
                            "value": 940347
                        }, 
                        {
                            "name": "Farmer Mac", 
                            "count": 0, 
                            "value": 0
                        }, 
                        {
                            "name": "Private Securitization", 
                            "count": 45, 
                            "value": 10704
                        }, 
                        {
                            "name": "Commercial bank, savings bank or association", 
                            "count": 3148, 
                            "value": 715720
                        }, 
                        {
                            "name": "Life insurance co., credit union, finance co.", 
                            "count": 851, 
                            "value": 191237
                        }, 
                        {
                            "name": "Affiliate institution", 
                            "count": 137, 
                            "value": 35398
                        }, 
                        {
                            "name": "Other", 
                            "count": 11955, 
                            "value": 3629828
                        }
                    ]
                }
            ]
        }
    ], 
    "censuscharacteristics": [
        {
            "characteristic": "Racial/Ethnic Composition", 
            "tractpctminority": [
                {
                    "tractpctminorit": "Less than 10% minority", 
                    "purchasers": [
                        {
                            "name": "Fannie Mae", 
                            "count": 7331, 
                            "value": 1989005
                        }, 
                        {
                            "name": "Ginnie Mae", 
                            "count": 1649, 
                            "value": 456119
                        }, 
                        {
                            "name": "Freddie Mac", 
                            "count": 2960, 
                            "value": 795652
                        }, 
                        {
                            "name": "Farmer Mac", 
                            "count": 0, 
                            "value": 0
                        }, 
                        {
                            "name": "Private Securitization", 
                            "count": 178, 
                            "value": 52808
                        }, 
                        {
                            "name": "Commercial bank, savings bank or association", 
                            "count": 2757, 
                            "value": 830106
                        }, 
                        {
                            "name": "Life insurance co., credit union, finance co.", 
                            "count": 869, 
                            "value": 263905
                        }, 
                        {
                            "name": "Affiliate institution", 
                            "count": 448, 
                            "value": 131919
                        }, 
                        {
                            "name": "Other", 
                            "count": 11794, 
                            "value": 4113899
                        }
                    ]
                }, 
                {
                    "tractpctminorit": "10-19% minority", 
                    "purchasers": [
                        {
                            "name": "Fannie Mae", 
                            "count": 46808, 
                            "value": 11136487
                        }, 
                        {
                            "name": "Ginnie Mae", 
                            "count": 22362, 
                            "value": 5156493
                        }, 
                        {
                            "name": "Freddie Mac", 
                            "count": 17227, 
                            "value": 4136739
                        }, 
                        {
                            "name": "Farmer Mac", 
                            "count": 1, 
                            "value": 125
                        }, 
                        {
                            "name": "Private Securitization", 
                            "count": 821, 
                            "value": 194185
                        }, 
                        {
                            "name": "Commercial bank, savings bank or association", 
                            "count": 20369, 
                            "value": 5002909
                        }, 
                        {
                            "name": "Life insurance co., credit union, finance co.", 
                            "count": 6836, 
                            "value": 1632747
                        }, 
                        {
                            "name": "Affiliate institution", 
                            "count": 2856, 
                            "value": 615323
                        }, 
                        {
                            "name": "Other", 
                            "count": 75571, 
                            "value": 17655748
                        }
                    ]
                }, 
                {
                    "tractpctminorit": "20-49% minority", 
                    "purchasers": [
                        {
                            "name": "Fannie Mae", 
                            "count": 4263, 
                            "value": 746697
                        }, 
                        {
                            "name": "Ginnie Mae", 
                            "count": 4865, 
                            "value": 788316
                        }, 
                        {
                            "name": "Freddie Mac", 
                            "count": 1534, 
                            "value": 263535
                        }, 
                        {
                            "name": "Farmer Mac", 
                            "count": 0, 
                            "value": 0
                        }, 
                        {
                            "name": "Private Securitization", 
                            "count": 60, 
                            "value": 9284
                        }, 
                        {
                            "name": "Commercial bank, savings bank or association", 
                            "count": 2356, 
                            "value": 393983
                        }, 
                        {
                            "name": "Life insurance co., credit union, finance co.", 
                            "count": 931, 
                            "value": 147845
                        }, 
                        {
                            "name": "Affiliate institution", 
                            "count": 373, 
                            "value": 52124
                        }, 
                        {
                            "name": "Other", 
                            "count": 14260, 
                            "value": 2112761
                        }
                    ]
                }, 
                {
                    "tractpctminorit": "50-79% minority", 
                    "purchasers": [
                        {
                            "name": "Fannie Mae", 
                            "count": 714, 
                            "value": 89009
                        }, 
                        {
                            "name": "Ginnie Mae", 
                            "count": 906, 
                            "value": 128283
                        }, 
                        {
                            "name": "Freddie Mac", 
                            "count": 235, 
                            "value": 31273
                        }, 
                        {
                            "name": "Farmer Mac", 
                            "count": 0, 
                            "value": 0
                        }, 
                        {
                            "name": "Private Securitization", 
                            "count": 14, 
                            "value": 1934
                        }, 
                        {
                            "name": "Commercial bank, savings bank or association", 
                            "count": 440, 
                            "value": 64407
                        }, 
                        {
                            "name": "Life insurance co., credit union, finance co.", 
                            "count": 123, 
                            "value": 17934
                        }, 
                        {
                            "name": "Affiliate institution", 
                            "count": 61, 
                            "value": 7216
                        }, 
                        {
                            "name": "Other", 
                            "count": 3224, 
                            "value": 382017
                        }
                    ]
                }, 
                {
                    "tractpctminorit": "80-100% minority", 
                    "purchasers": [
                        {
                            "name": "Fannie Mae", 
                            "count": 0, 
                            "value": 0
                        }, 
                        {
                            "name": "Ginnie Mae", 
                            "count": 0, 
                            "value": 0
                        }, 
                        {
                            "name": "Freddie Mac", 
                            "count": 0, 
                            "value": 0
                        }, 
                        {
                            "name": "Farmer Mac", 
                            "count": 0, 
                            "value": 0
                        }, 
                        {
                            "name": "Private Securitization", 
                            "count": 0, 
                            "value": 0
                        }, 
                        {
                            "name": "Commercial bank, savings bank or association", 
                            "count": 0, 
                            "value": 0
                        }, 
                        {
                            "name": "Life insurance co., credit union, finance co.", 
                            "count": 0, 
                            "value": 0
                        }, 
                        {
                            "name": "Affiliate institution", 
                            "count": 0, 
                            "value": 0
                        }, 
                        {
                            "name": "Other", 
                            "count": 0, 
                            "value": 0
                        }
                    ]
                }
            ]
        }, 
        {
            "characteristic": "Income", 
            "incomelevel": [
                {
                    "incomeleve": "Low income", 
                    "purchasers": [
                        {
                            "name": "Fannie Mae", 
                            "count": 1962, 
                            "value": 460668
                        }, 
                        {
                            "name": "Ginnie Mae", 
                            "count": 1575, 
                            "value": 245085
                        }, 
                        {
                            "name": "Freddie Mac", 
                            "count": 611, 
                            "value": 100972
                        }, 
                        {
                            "name": "Farmer Mac", 
                            "count": 0, 
                            "value": 0
                        }, 
                        {
                            "name": "Private Securitization", 
                            "count": 40, 
                            "value": 7090
                        }, 
                        {
                            "name": "Commercial bank, savings bank or association", 
                            "count": 966, 
                            "value": 164051
                        }, 
                        {
                            "name": "Life insurance co., credit union, finance co.", 
                            "count": 338, 
                            "value": 54505
                        }, 
                        {
                            "name": "Affiliate institution", 
                            "count": 153, 
                            "value": 20865
                        }, 
                        {
                            "name": "Other", 
                            "count": 6093, 
                            "value": 1029387
                        }
                    ]
                }, 
                {
                    "incomeleve": "Moderate income", 
                    "purchasers": [
                        {
                            "name": "Fannie Mae", 
                            "count": 6594, 
                            "value": 1241692
                        }, 
                        {
                            "name": "Ginnie Mae", 
                            "count": 5333, 
                            "value": 902337
                        }, 
                        {
                            "name": "Freddie Mac", 
                            "count": 2353, 
                            "value": 424595
                        }, 
                        {
                            "name": "Farmer Mac", 
                            "count": 0, 
                            "value": 0
                        }, 
                        {
                            "name": "Private Securitization", 
                            "count": 124, 
                            "value": 22104
                        }, 
                        {
                            "name": "Commercial bank, savings bank or association", 
                            "count": 3140, 
                            "value": 563985
                        }, 
                        {
                            "name": "Life insurance co., credit union, finance co.", 
                            "count": 1185, 
                            "value": 203709
                        }, 
                        {
                            "name": "Affiliate institution", 
                            "count": 477, 
                            "value": 70041
                        }, 
                        {
                            "name": "Other", 
                            "count": 17307, 
                            "value": 2842552
                        }
                    ]
                }, 
                {
                    "incomeleve": "Middle income", 
                    "purchasers": [
                        {
                            "name": "Fannie Mae", 
                            "count": 17787, 
                            "value": 3599192
                        }, 
                        {
                            "name": "Ginnie Mae", 
                            "count": 12194, 
                            "value": 2425702
                        }, 
                        {
                            "name": "Freddie Mac", 
                            "count": 6616, 
                            "value": 1337175
                        }, 
                        {
                            "name": "Farmer Mac", 
                            "count": 0, 
                            "value": 0
                        }, 
                        {
                            "name": "Private Securitization", 
                            "count": 286, 
                            "value": 55731
                        }, 
                        {
                            "name": "Commercial bank, savings bank or association", 
                            "count": 8326, 
                            "value": 1739173
                        }, 
                        {
                            "name": "Life insurance co., credit union, finance co.", 
                            "count": 2865, 
                            "value": 571582
                        }, 
                        {
                            "name": "Affiliate institution", 
                            "count": 1231, 
                            "value": 221132
                        }, 
                        {
                            "name": "Other", 
                            "count": 35553, 
                            "value": 6910755
                        }
                    ]
                }, 
                {
                    "incomeleve": "Upper income", 
                    "purchasers": [
                        {
                            "name": "Fannie Mae", 
                            "count": 32773, 
                            "value": 8659646
                        }, 
                        {
                            "name": "Ginnie Mae", 
                            "count": 10680, 
                            "value": 2956087
                        }, 
                        {
                            "name": "Freddie Mac", 
                            "count": 12376, 
                            "value": 3364457
                        }, 
                        {
                            "name": "Farmer Mac", 
                            "count": 1, 
                            "value": 125
                        }, 
                        {
                            "name": "Private Securitization", 
                            "count": 623, 
                            "value": 173286
                        }, 
                        {
                            "name": "Commercial bank, savings bank or association", 
                            "count": 13490, 
                            "value": 3824196
                        }, 
                        {
                            "name": "Life insurance co., credit union, finance co.", 
                            "count": 4371, 
                            "value": 1232635
                        }, 
                        {
                            "name": "Affiliate institution", 
                            "count": 1877, 
                            "value": 494544
                        }, 
                        {
                            "name": "Other", 
                            "count": 45896, 
                            "value": 13481731
                        }
                    ]
                }
            ]
        }
    ], 
    "total": {
        "purchasers": [
            {
                "name": "Fannie Mae", 
                "count": 59123, 
                "value": 13962901
            }, 
            {
                "name": "Ginnie Mae", 
                "count": 29783, 
                "value": 6529385
            }, 
            {
                "name": "Freddie Mac", 
                "count": 21956, 
                "value": 5227199
            }, 
            {
                "name": "Farmer Mac", 
                "count": 1, 
                "value": 125
            }, 
            {
                "name": "Private Securitization", 
                "count": 1073, 
                "value": 258211
            }, 
            {
                "name": "Commercial bank, savings bank or association", 
                "count": 25933, 
                "value": 6294015
            }, 
            {
                "name": "Life insurance co., credit union, finance co.", 
                "count": 8761, 
                "value": 2062851
            }, 
            {
                "name": "Affiliate institution", 
                "count": 3738, 
                "value": 806582
            }, 
            {
                "name": "Other", 
                "count": 104863, 
                "value": 24267657
            }
        ]
    }
}