{
    "table": "3-1", 
    "type": "aggregate", 
    "desc": "Loans sold. By characteristics of borrower and census tract in which property is located and by type of purchaser (includes originations and purchased loans).", 
    "year": "2012", 
    "msa": {
        "id": "17980", 
        "name": "Columbus", 
        "state": "GA", 
        "state_name": "Georgia"
    }, 
    "borrowercharacteristics": [
        {
            "characteristic": "Race", 
            "races": [
                {
                    "race": "American Indian/Alaska Native", 
                    "purchasers": [
                        {
                            "name": "Fannie Mae", 
                            "count": 0, 
                            "value": 0
                        }, 
                        {
                            "name": "Ginnie Mae", 
                            "count": 0, 
                            "value": 0
                        }, 
                        {
                            "name": "Freddie Mac", 
                            "count": 0, 
                            "value": 0
                        }, 
                        {
                            "name": "Farmer Mac", 
                            "count": 0, 
                            "value": 0
                        }, 
                        {
                            "name": "Private Securitization", 
                            "count": 0, 
                            "value": 0
                        }, 
                        {
                            "name": "Commercial bank, savings bank or association", 
                            "count": 0, 
                            "value": 0
                        }, 
                        {
                            "name": "Life insurance co., credit union, finance co.", 
                            "count": 0, 
                            "value": 0
                        }, 
                        {
                            "name": "Affiliate institution", 
                            "count": 0, 
                            "value": 0
                        }, 
                        {
                            "name": "Other", 
                            "count": 0, 
                            "value": 0
                        }
                    ]
                }, 
                {
                    "race": "Asian", 
                    "purchasers": [
                        {
                            "name": "Fannie Mae", 
                            "count": 0, 
                            "value": 0
                        }, 
                        {
                            "name": "Ginnie Mae", 
                            "count": 0, 
                            "value": 0
                        }, 
                        {
                            "name": "Freddie Mac", 
                            "count": 1, 
                            "value": 239.0
                        }, 
                        {
                            "name": "Farmer Mac", 
                            "count": 0, 
                            "value": 0
                        }, 
                        {
                            "name": "Private Securitization", 
                            "count": 0, 
                            "value": 0
                        }, 
                        {
                            "name": "Commercial bank, savings bank or association", 
                            "count": 0, 
                            "value": 0
                        }, 
                        {
                            "name": "Life insurance co., credit union, finance co.", 
                            "count": 0, 
                            "value": 0
                        }, 
                        {
                            "name": "Affiliate institution", 
                            "count": 0, 
                            "value": 0
                        }, 
                        {
                            "name": "Other", 
                            "count": 3, 
                            "value": 343.0
                        }
                    ]
                }, 
                {
                    "race": "Black or African American", 
                    "purchasers": [
                        {
                            "name": "Fannie Mae", 
                            "count": 24, 
                            "value": 4696.0
                        }, 
                        {
                            "name": "Ginnie Mae", 
                            "count": 8, 
                            "value": 1388.0
                        }, 
                        {
                            "name": "Freddie Mac", 
                            "count": 7, 
                            "value": 1587.0
                        }, 
                        {
                            "name": "Farmer Mac", 
                            "count": 0, 
                            "value": 0
                        }, 
                        {
                            "name": "Private Securitization", 
                            "count": 3, 
                            "value": 771.0
                        }, 
                        {
                            "name": "Commercial bank, savings bank or association", 
                            "count": 8, 
                            "value": 1526.0
                        }, 
                        {
                            "name": "Life insurance co., credit union, finance co.", 
                            "count": 2, 
                            "value": 527.0
                        }, 
                        {
                            "name": "Affiliate institution", 
                            "count": 1, 
                            "value": 127.0
                        }, 
                        {
                            "name": "Other", 
                            "count": 42, 
                            "value": 11503.0
                        }
                    ]
                }, 
                {
                    "race": "Native Hawaiian or Pacific Islander", 
                    "purchasers": [
                        {
                            "name": "Fannie Mae", 
                            "count": 44, 
                            "value": 7039.0
                        }, 
                        {
                            "name": "Ginnie Mae", 
                            "count": 251, 
                            "value": 48944.0
                        }, 
                        {
                            "name": "Freddie Mac", 
                            "count": 32, 
                            "value": 5050.0
                        }, 
                        {
                            "name": "Farmer Mac", 
                            "count": 0, 
                            "value": 0
                        }, 
                        {
                            "name": "Private Securitization", 
                            "count": 9, 
                            "value": 1892.0
                        }, 
                        {
                            "name": "Commercial bank, savings bank or association", 
                            "count": 45, 
                            "value": 9293.0
                        }, 
                        {
                            "name": "Life insurance co., credit union, finance co.", 
                            "count": 29, 
                            "value": 6318.0
                        }, 
                        {
                            "name": "Affiliate institution", 
                            "count": 8, 
                            "value": 1217.0
                        }, 
                        {
                            "name": "Other", 
                            "count": 458, 
                            "value": 65249.0
                        }
                    ]
                }, 
                {
                    "race": "White", 
                    "purchasers": [
                        {
                            "name": "Fannie Mae", 
                            "count": 6, 
                            "value": 345.0
                        }, 
                        {
                            "name": "Ginnie Mae", 
                            "count": 2, 
                            "value": 166.0
                        }, 
                        {
                            "name": "Freddie Mac", 
                            "count": 3, 
                            "value": 609.0
                        }, 
                        {
                            "name": "Farmer Mac", 
                            "count": 0, 
                            "value": 0
                        }, 
                        {
                            "name": "Private Securitization", 
                            "count": 0, 
                            "value": 0
                        }, 
                        {
                            "name": "Commercial bank, savings bank or association", 
                            "count": 0, 
                            "value": 0
                        }, 
                        {
                            "name": "Life insurance co., credit union, finance co.", 
                            "count": 0, 
                            "value": 0
                        }, 
                        {
                            "name": "Affiliate institution", 
                            "count": 0, 
                            "value": 0
                        }, 
                        {
                            "name": "Other", 
                            "count": 3, 
                            "value": 488.0
                        }
                    ]
                }, 
                {
                    "race": "2 or more minority races", 
                    "purchasers": [
                        {
                            "name": "Fannie Mae", 
                            "count": 552, 
                            "value": 95611.0
                        }, 
                        {
                            "name": "Ginnie Mae", 
                            "count": 663, 
                            "value": 122795.0
                        }, 
                        {
                            "name": "Freddie Mac", 
                            "count": 307, 
                            "value": 52078.0
                        }, 
                        {
                            "name": "Farmer Mac", 
                            "count": 0, 
                            "value": 0
                        }, 
                        {
                            "name": "Private Securitization", 
                            "count": 227, 
                            "value": 46601.0
                        }, 
                        {
                            "name": "Commercial bank, savings bank or association", 
                            "count": 254, 
                            "value": 49755.0
                        }, 
                        {
                            "name": "Life insurance co., credit union, finance co.", 
                            "count": 107, 
                            "value": 20123.0
                        }, 
                        {
                            "name": "Affiliate institution", 
                            "count": 55, 
                            "value": 8366.0
                        }, 
                        {
                            "name": "Other", 
                            "count": 1504, 
                            "value": 261060.0
                        }
                    ]
                }, 
                {
                    "race": "Joint", 
                    "purchasers": [
                        {
                            "name": "Fannie Mae", 
                            "count": 76, 
                            "value": 13662.0
                        }, 
                        {
                            "name": "Ginnie Mae", 
                            "count": 116, 
                            "value": 22500.0
                        }, 
                        {
                            "name": "Freddie Mac", 
                            "count": 40, 
                            "value": 6149.0
                        }, 
                        {
                            "name": "Farmer Mac", 
                            "count": 0, 
                            "value": 0
                        }, 
                        {
                            "name": "Private Securitization", 
                            "count": 7, 
                            "value": 1312.0
                        }, 
                        {
                            "name": "Commercial bank, savings bank or association", 
                            "count": 25, 
                            "value": 6107.0
                        }, 
                        {
                            "name": "Life insurance co., credit union, finance co.", 
                            "count": 30, 
                            "value": 4370.0
                        }, 
                        {
                            "name": "Affiliate institution", 
                            "count": 3, 
                            "value": 404.0
                        }, 
                        {
                            "name": "Other", 
                            "count": 344, 
                            "value": 55563.0
                        }
                    ]
                }, 
                {
                    "race": "Not Provided", 
                    "purchasers": [
                        {
                            "name": "Fannie Mae", 
                            "count": 122, 
                            "value": 20444.0
                        }, 
                        {
                            "name": "Ginnie Mae", 
                            "count": 254, 
                            "value": 81553.0
                        }, 
                        {
                            "name": "Freddie Mac", 
                            "count": 106, 
                            "value": 17924.0
                        }, 
                        {
                            "name": "Farmer Mac", 
                            "count": 0, 
                            "value": 0
                        }, 
                        {
                            "name": "Private Securitization", 
                            "count": 0, 
                            "value": 0
                        }, 
                        {
                            "name": "Commercial bank, savings bank or association", 
                            "count": 9, 
                            "value": 1283.0
                        }, 
                        {
                            "name": "Life insurance co., credit union, finance co.", 
                            "count": 4, 
                            "value": 528.0
                        }, 
                        {
                            "name": "Affiliate institution", 
                            "count": 32, 
                            "value": 6776.0
                        }, 
                        {
                            "name": "Other", 
                            "count": 444, 
                            "value": 58503.0
                        }
                    ]
                }, 
                {
                    "race": "Not Applicable", 
                    "purchasers": [
                        {
                            "name": "Fannie Mae", 
                            "count": 809, 
                            "value": 113063.0
                        }, 
                        {
                            "name": "Ginnie Mae", 
                            "count": 1891, 
                            "value": 306339.0
                        }, 
                        {
                            "name": "Freddie Mac", 
                            "count": 365, 
                            "value": 52356.0
                        }, 
                        {
                            "name": "Farmer Mac", 
                            "count": 0, 
                            "value": 0
                        }, 
                        {
                            "name": "Private Securitization", 
                            "count": 239, 
                            "value": 36664.0
                        }, 
                        {
                            "name": "Commercial bank, savings bank or association", 
                            "count": 633, 
                            "value": 106610.0
                        }, 
                        {
                            "name": "Life insurance co., credit union, finance co.", 
                            "count": 220, 
                            "value": 37411.0
                        }, 
                        {
                            "name": "Affiliate institution", 
                            "count": 115, 
                            "value": 15987.0
                        }, 
                        {
                            "name": "Other", 
                            "count": 4431, 
                            "value": 580168.0
                        }
                    ]
                }, 
                {
                    "race": "No co-applicant", 
                    "purchasers": [
                        {
                            "name": "Fannie Mae", 
                            "count": 0, 
                            "value": 0
                        }, 
                        {
                            "name": "Ginnie Mae", 
                            "count": 0, 
                            "value": 0
                        }, 
                        {
                            "name": "Freddie Mac", 
                            "count": 0, 
                            "value": 0
                        }, 
                        {
                            "name": "Farmer Mac", 
                            "count": 0, 
                            "value": 0
                        }, 
                        {
                            "name": "Private Securitization", 
                            "count": 0, 
                            "value": 0
                        }, 
                        {
                            "name": "Commercial bank, savings bank or association", 
                            "count": 0, 
                            "value": 0
                        }, 
                        {
                            "name": "Life insurance co., credit union, finance co.", 
                            "count": 0, 
                            "value": 0
                        }, 
                        {
                            "name": "Affiliate institution", 
                            "count": 0, 
                            "value": 0
                        }, 
                        {
                            "name": "Other", 
                            "count": 0, 
                            "value": 0
                        }
                    ]
                }
            ]
        }, 
        {
            "characteristic": "Ethnicity", 
            "ethnicities": [
                {
                    "ethnicitie": "Hispanic or Latino", 
                    "purchasers": [
                        {
                            "name": "Fannie Mae", 
                            "count": 7, 
                            "value": 840
                        }, 
                        {
                            "name": "Ginnie Mae", 
                            "count": 35, 
                            "value": 7081
                        }, 
                        {
                            "name": "Freddie Mac", 
                            "count": 6, 
                            "value": 624
                        }, 
                        {
                            "name": "Farmer Mac", 
                            "count": 0, 
                            "value": 0
                        }, 
                        {
                            "name": "Private Securitization", 
                            "count": 4, 
                            "value": 837
                        }, 
                        {
                            "name": "Commercial bank, savings bank or association", 
                            "count": 6, 
                            "value": 1095
                        }, 
                        {
                            "name": "Life insurance co., credit union, finance co.", 
                            "count": 3, 
                            "value": 618
                        }, 
                        {
                            "name": "Affiliate institution", 
                            "count": 1, 
                            "value": 191
                        }, 
                        {
                            "name": "Other", 
                            "count": 52, 
                            "value": 8979
                        }
                    ]
                }, 
                {
                    "ethnicitie": "Not Hispanic or Latino", 
                    "purchasers": [
                        {
                            "name": "Fannie Mae", 
                            "count": 1331, 
                            "value": 207203
                        }, 
                        {
                            "name": "Ginnie Mae", 
                            "count": 2472, 
                            "value": 410913
                        }, 
                        {
                            "name": "Freddie Mac", 
                            "count": 680, 
                            "value": 107233
                        }, 
                        {
                            "name": "Farmer Mac", 
                            "count": 0, 
                            "value": 0
                        }, 
                        {
                            "name": "Private Securitization", 
                            "count": 454, 
                            "value": 81663
                        }, 
                        {
                            "name": "Commercial bank, savings bank or association", 
                            "count": 861, 
                            "value": 153715
                        }, 
                        {
                            "name": "Life insurance co., credit union, finance co.", 
                            "count": 349, 
                            "value": 61156
                        }, 
                        {
                            "name": "Affiliate institution", 
                            "count": 139, 
                            "value": 19780
                        }, 
                        {
                            "name": "Other", 
                            "count": 5610, 
                            "value": 766759
                        }
                    ]
                }, 
                {
                    "ethnicitie": "Not provided", 
                    "purchasers": [
                        {
                            "name": "Fannie Mae", 
                            "count": 37, 
                            "value": 4556
                        }, 
                        {
                            "name": "Ginnie Mae", 
                            "count": 147, 
                            "value": 25110
                        }, 
                        {
                            "name": "Freddie Mac", 
                            "count": 15, 
                            "value": 1980
                        }, 
                        {
                            "name": "Farmer Mac", 
                            "count": 0, 
                            "value": 0
                        }, 
                        {
                            "name": "Private Securitization", 
                            "count": 14, 
                            "value": 2800
                        }, 
                        {
                            "name": "Commercial bank, savings bank or association", 
                            "count": 53, 
                            "value": 9640
                        }, 
                        {
                            "name": "Life insurance co., credit union, finance co.", 
                            "count": 20, 
                            "value": 3455
                        }, 
                        {
                            "name": "Affiliate institution", 
                            "count": 5, 
                            "value": 828
                        }, 
                        {
                            "name": "Other", 
                            "count": 235, 
                            "value": 35272
                        }
                    ]
                }, 
                {
                    "ethnicitie": "Not applicable", 
                    "purchasers": [
                        {
                            "name": "Fannie Mae", 
                            "count": 258, 
                            "value": 42261
                        }, 
                        {
                            "name": "Ginnie Mae", 
                            "count": 531, 
                            "value": 140581
                        }, 
                        {
                            "name": "Freddie Mac", 
                            "count": 160, 
                            "value": 26155
                        }, 
                        {
                            "name": "Farmer Mac", 
                            "count": 0, 
                            "value": 0
                        }, 
                        {
                            "name": "Private Securitization", 
                            "count": 13, 
                            "value": 1940
                        }, 
                        {
                            "name": "Commercial bank, savings bank or association", 
                            "count": 54, 
                            "value": 10124
                        }, 
                        {
                            "name": "Life insurance co., credit union, finance co.", 
                            "count": 20, 
                            "value": 4048
                        }, 
                        {
                            "name": "Affiliate institution", 
                            "count": 69, 
                            "value": 12078
                        }, 
                        {
                            "name": "Other", 
                            "count": 1332, 
                            "value": 221867
                        }
                    ]
                }, 
                {
                    "ethnicitie": "No co-applicant", 
                    "purchasers": [
                        {
                            "name": "Fannie Mae", 
                            "count": 0, 
                            "value": 0
                        }, 
                        {
                            "name": "Ginnie Mae", 
                            "count": 0, 
                            "value": 0
                        }, 
                        {
                            "name": "Freddie Mac", 
                            "count": 0, 
                            "value": 0
                        }, 
                        {
                            "name": "Farmer Mac", 
                            "count": 0, 
                            "value": 0
                        }, 
                        {
                            "name": "Private Securitization", 
                            "count": 0, 
                            "value": 0
                        }, 
                        {
                            "name": "Commercial bank, savings bank or association", 
                            "count": 0, 
                            "value": 0
                        }, 
                        {
                            "name": "Life insurance co., credit union, finance co.", 
                            "count": 0, 
                            "value": 0
                        }, 
                        {
                            "name": "Affiliate institution", 
                            "count": 0, 
                            "value": 0
                        }, 
                        {
                            "name": "Other", 
                            "count": 0, 
                            "value": 0
                        }
                    ]
                }
            ]
        }, 
        {
            "characteristic": "Minority Status", 
            "minoritystatuses": [
                {
                    "minoritystatuse": "White Non-Hispanic", 
                    "purchasers": [
                        {
                            "name": "Fannie Mae", 
                            "count": 1349, 
                            "value": 215176
                        }, 
                        {
                            "name": "Ginnie Mae", 
                            "count": 2014, 
                            "value": 385664
                        }, 
                        {
                            "name": "Freddie Mac", 
                            "count": 727, 
                            "value": 115580
                        }, 
                        {
                            "name": "Farmer Mac", 
                            "count": 0, 
                            "value": 0
                        }, 
                        {
                            "name": "Private Securitization", 
                            "count": 420, 
                            "value": 76068
                        }, 
                        {
                            "name": "Commercial bank, savings bank or association", 
                            "count": 641, 
                            "value": 113902
                        }, 
                        {
                            "name": "Life insurance co., credit union, finance co.", 
                            "count": 259, 
                            "value": 44535
                        }, 
                        {
                            "name": "Affiliate institution", 
                            "count": 174, 
                            "value": 26869
                        }, 
                        {
                            "name": "Other", 
                            "count": 4925, 
                            "value": 749077
                        }
                    ]
                }, 
                {
                    "minoritystatuse": "Others, Including Hispanic", 
                    "purchasers": [
                        {
                            "name": "Fannie Mae", 
                            "count": 284, 
                            "value": 39684
                        }, 
                        {
                            "name": "Ginnie Mae", 
                            "count": 1171, 
                            "value": 198021
                        }, 
                        {
                            "name": "Freddie Mac", 
                            "count": 134, 
                            "value": 20412
                        }, 
                        {
                            "name": "Farmer Mac", 
                            "count": 0, 
                            "value": 0
                        }, 
                        {
                            "name": "Private Securitization", 
                            "count": 65, 
                            "value": 11172
                        }, 
                        {
                            "name": "Commercial bank, savings bank or association", 
                            "count": 333, 
                            "value": 60672
                        }, 
                        {
                            "name": "Life insurance co., credit union, finance co.", 
                            "count": 133, 
                            "value": 24742
                        }, 
                        {
                            "name": "Affiliate institution", 
                            "count": 40, 
                            "value": 6008
                        }, 
                        {
                            "name": "Other", 
                            "count": 2304, 
                            "value": 283800
                        }
                    ]
                }
            ]
        }, 
        {
            "characteristic": "Applicant Income", 
            "applicantincomes": [
                {
                    "applicantincome": "Less than 50% of MSA/MD median", 
                    "purchasers": [
                        {
                            "name": "Fannie Mae", 
                            "count": 96, 
                            "value": 7575
                        }, 
                        {
                            "name": "Ginnie Mae", 
                            "count": 104, 
                            "value": 8217
                        }, 
                        {
                            "name": "Freddie Mac", 
                            "count": 38, 
                            "value": 3183
                        }, 
                        {
                            "name": "Farmer Mac", 
                            "count": 0, 
                            "value": 0
                        }, 
                        {
                            "name": "Private Securitization", 
                            "count": 19, 
                            "value": 1556
                        }, 
                        {
                            "name": "Commercial bank, savings bank or association", 
                            "count": 39, 
                            "value": 2844
                        }, 
                        {
                            "name": "Life insurance co., credit union, finance co.", 
                            "count": 24, 
                            "value": 2152
                        }, 
                        {
                            "name": "Affiliate institution", 
                            "count": 10, 
                            "value": 786
                        }, 
                        {
                            "name": "Other", 
                            "count": 661, 
                            "value": 38374
                        }
                    ]
                }, 
                {
                    "applicantincome": "50-79% of MSA/MD median", 
                    "purchasers": [
                        {
                            "name": "Fannie Mae", 
                            "count": 192, 
                            "value": 19174
                        }, 
                        {
                            "name": "Ginnie Mae", 
                            "count": 282, 
                            "value": 31127
                        }, 
                        {
                            "name": "Freddie Mac", 
                            "count": 80, 
                            "value": 7732
                        }, 
                        {
                            "name": "Farmer Mac", 
                            "count": 0, 
                            "value": 0
                        }, 
                        {
                            "name": "Private Securitization", 
                            "count": 57, 
                            "value": 5946
                        }, 
                        {
                            "name": "Commercial bank, savings bank or association", 
                            "count": 134, 
                            "value": 14796
                        }, 
                        {
                            "name": "Life insurance co., credit union, finance co.", 
                            "count": 39, 
                            "value": 4422
                        }, 
                        {
                            "name": "Affiliate institution", 
                            "count": 34, 
                            "value": 3440
                        }, 
                        {
                            "name": "Other", 
                            "count": 958, 
                            "value": 77319
                        }
                    ]
                }, 
                {
                    "applicantincome": "80-99% of MSA/MD median", 
                    "purchasers": [
                        {
                            "name": "Fannie Mae", 
                            "count": 160, 
                            "value": 18379
                        }, 
                        {
                            "name": "Ginnie Mae", 
                            "count": 251, 
                            "value": 36057
                        }, 
                        {
                            "name": "Freddie Mac", 
                            "count": 75, 
                            "value": 8514
                        }, 
                        {
                            "name": "Farmer Mac", 
                            "count": 0, 
                            "value": 0
                        }, 
                        {
                            "name": "Private Securitization", 
                            "count": 49, 
                            "value": 5818
                        }, 
                        {
                            "name": "Commercial bank, savings bank or association", 
                            "count": 129, 
                            "value": 19894
                        }, 
                        {
                            "name": "Life insurance co., credit union, finance co.", 
                            "count": 49, 
                            "value": 7884
                        }, 
                        {
                            "name": "Affiliate institution", 
                            "count": 15, 
                            "value": 1962
                        }, 
                        {
                            "name": "Other", 
                            "count": 730, 
                            "value": 72727
                        }
                    ]
                }, 
                {
                    "applicantincome": "100-119% of MSA/MD median", 
                    "purchasers": [
                        {
                            "name": "Fannie Mae", 
                            "count": 144, 
                            "value": 19283
                        }, 
                        {
                            "name": "Ginnie Mae", 
                            "count": 272, 
                            "value": 45037
                        }, 
                        {
                            "name": "Freddie Mac", 
                            "count": 77, 
                            "value": 10465
                        }, 
                        {
                            "name": "Farmer Mac", 
                            "count": 0, 
                            "value": 0
                        }, 
                        {
                            "name": "Private Securitization", 
                            "count": 45, 
                            "value": 6168
                        }, 
                        {
                            "name": "Commercial bank, savings bank or association", 
                            "count": 133, 
                            "value": 21798
                        }, 
                        {
                            "name": "Life insurance co., credit union, finance co.", 
                            "count": 51, 
                            "value": 8921
                        }, 
                        {
                            "name": "Affiliate institution", 
                            "count": 19, 
                            "value": 2908
                        }, 
                        {
                            "name": "Other", 
                            "count": 621, 
                            "value": 73339
                        }
                    ]
                }, 
                {
                    "applicantincome": "120% or more of MSA/MD median", 
                    "purchasers": [
                        {
                            "name": "Fannie Mae", 
                            "count": 972, 
                            "value": 178999
                        }, 
                        {
                            "name": "Ginnie Mae", 
                            "count": 891, 
                            "value": 175985
                        }, 
                        {
                            "name": "Freddie Mac", 
                            "count": 500, 
                            "value": 89919
                        }, 
                        {
                            "name": "Farmer Mac", 
                            "count": 0, 
                            "value": 0
                        }, 
                        {
                            "name": "Private Securitization", 
                            "count": 306, 
                            "value": 65785
                        }, 
                        {
                            "name": "Commercial bank, savings bank or association", 
                            "count": 420, 
                            "value": 91372
                        }, 
                        {
                            "name": "Life insurance co., credit union, finance co.", 
                            "count": 168, 
                            "value": 34853
                        }, 
                        {
                            "name": "Affiliate institution", 
                            "count": 105, 
                            "value": 18170
                        }, 
                        {
                            "name": "Other", 
                            "count": 2831, 
                            "value": 513132
                        }
                    ]
                }, 
                {
                    "applicantincome": "income not available", 
                    "purchasers": [
                        {
                            "name": "Fannie Mae", 
                            "count": 69, 
                            "value": 11450
                        }, 
                        {
                            "name": "Ginnie Mae", 
                            "count": 1385, 
                            "value": 287262
                        }, 
                        {
                            "name": "Freddie Mac", 
                            "count": 91, 
                            "value": 16179
                        }, 
                        {
                            "name": "Farmer Mac", 
                            "count": 0, 
                            "value": 0
                        }, 
                        {
                            "name": "Private Securitization", 
                            "count": 9, 
                            "value": 1967
                        }, 
                        {
                            "name": "Commercial bank, savings bank or association", 
                            "count": 119, 
                            "value": 23870
                        }, 
                        {
                            "name": "Life insurance co., credit union, finance co.", 
                            "count": 61, 
                            "value": 11045
                        }, 
                        {
                            "name": "Affiliate institution", 
                            "count": 31, 
                            "value": 5611
                        }, 
                        {
                            "name": "Other", 
                            "count": 1425, 
                            "value": 257711
                        }
                    ]
                }
            ]
        }
    ], 
    "censuscharacteristics": [
        {
            "characteristic": "Racial/Ethnic Composition", 
            "tractpctminority": [
                {
                    "tractpctminorit": "Less than 10% minority", 
                    "purchasers": [
                        {
                            "name": "Fannie Mae", 
                            "count": 55, 
                            "value": 10483
                        }, 
                        {
                            "name": "Ginnie Mae", 
                            "count": 35, 
                            "value": 6660
                        }, 
                        {
                            "name": "Freddie Mac", 
                            "count": 26, 
                            "value": 5456
                        }, 
                        {
                            "name": "Farmer Mac", 
                            "count": 0, 
                            "value": 0
                        }, 
                        {
                            "name": "Private Securitization", 
                            "count": 24, 
                            "value": 4519
                        }, 
                        {
                            "name": "Commercial bank, savings bank or association", 
                            "count": 21, 
                            "value": 4354
                        }, 
                        {
                            "name": "Life insurance co., credit union, finance co.", 
                            "count": 3, 
                            "value": 362
                        }, 
                        {
                            "name": "Affiliate institution", 
                            "count": 4, 
                            "value": 660
                        }, 
                        {
                            "name": "Other", 
                            "count": 92, 
                            "value": 18934
                        }
                    ]
                }, 
                {
                    "tractpctminorit": "10-19% minority", 
                    "purchasers": [
                        {
                            "name": "Fannie Mae", 
                            "count": 1377, 
                            "value": 224524
                        }, 
                        {
                            "name": "Ginnie Mae", 
                            "count": 2100, 
                            "value": 412110
                        }, 
                        {
                            "name": "Freddie Mac", 
                            "count": 735, 
                            "value": 120675
                        }, 
                        {
                            "name": "Farmer Mac", 
                            "count": 0, 
                            "value": 0
                        }, 
                        {
                            "name": "Private Securitization", 
                            "count": 419, 
                            "value": 77815
                        }, 
                        {
                            "name": "Commercial bank, savings bank or association", 
                            "count": 655, 
                            "value": 119376
                        }, 
                        {
                            "name": "Life insurance co., credit union, finance co.", 
                            "count": 240, 
                            "value": 42073
                        }, 
                        {
                            "name": "Affiliate institution", 
                            "count": 171, 
                            "value": 27856
                        }, 
                        {
                            "name": "Other", 
                            "count": 4741, 
                            "value": 764021
                        }
                    ]
                }, 
                {
                    "tractpctminorit": "20-49% minority", 
                    "purchasers": [
                        {
                            "name": "Fannie Mae", 
                            "count": 86, 
                            "value": 10475
                        }, 
                        {
                            "name": "Ginnie Mae", 
                            "count": 650, 
                            "value": 117123
                        }, 
                        {
                            "name": "Freddie Mac", 
                            "count": 51, 
                            "value": 5881
                        }, 
                        {
                            "name": "Farmer Mac", 
                            "count": 0, 
                            "value": 0
                        }, 
                        {
                            "name": "Private Securitization", 
                            "count": 26, 
                            "value": 3427
                        }, 
                        {
                            "name": "Commercial bank, savings bank or association", 
                            "count": 215, 
                            "value": 39736
                        }, 
                        {
                            "name": "Life insurance co., credit union, finance co.", 
                            "count": 110, 
                            "value": 21441
                        }, 
                        {
                            "name": "Affiliate institution", 
                            "count": 16, 
                            "value": 2224
                        }, 
                        {
                            "name": "Other", 
                            "count": 1110, 
                            "value": 137380
                        }
                    ]
                }, 
                {
                    "tractpctminorit": "50-79% minority", 
                    "purchasers": [
                        {
                            "name": "Fannie Mae", 
                            "count": 115, 
                            "value": 9378
                        }, 
                        {
                            "name": "Ginnie Mae", 
                            "count": 400, 
                            "value": 47792
                        }, 
                        {
                            "name": "Freddie Mac", 
                            "count": 49, 
                            "value": 3980
                        }, 
                        {
                            "name": "Farmer Mac", 
                            "count": 0, 
                            "value": 0
                        }, 
                        {
                            "name": "Private Securitization", 
                            "count": 16, 
                            "value": 1479
                        }, 
                        {
                            "name": "Commercial bank, savings bank or association", 
                            "count": 83, 
                            "value": 11108
                        }, 
                        {
                            "name": "Life insurance co., credit union, finance co.", 
                            "count": 39, 
                            "value": 5401
                        }, 
                        {
                            "name": "Affiliate institution", 
                            "count": 23, 
                            "value": 2137
                        }, 
                        {
                            "name": "Other", 
                            "count": 1283, 
                            "value": 112267
                        }
                    ]
                }, 
                {
                    "tractpctminorit": "80-100% minority", 
                    "purchasers": [
                        {
                            "name": "Fannie Mae", 
                            "count": 0, 
                            "value": 0
                        }, 
                        {
                            "name": "Ginnie Mae", 
                            "count": 0, 
                            "value": 0
                        }, 
                        {
                            "name": "Freddie Mac", 
                            "count": 0, 
                            "value": 0
                        }, 
                        {
                            "name": "Farmer Mac", 
                            "count": 0, 
                            "value": 0
                        }, 
                        {
                            "name": "Private Securitization", 
                            "count": 0, 
                            "value": 0
                        }, 
                        {
                            "name": "Commercial bank, savings bank or association", 
                            "count": 0, 
                            "value": 0
                        }, 
                        {
                            "name": "Life insurance co., credit union, finance co.", 
                            "count": 0, 
                            "value": 0
                        }, 
                        {
                            "name": "Affiliate institution", 
                            "count": 0, 
                            "value": 0
                        }, 
                        {
                            "name": "Other", 
                            "count": 0, 
                            "value": 0
                        }
                    ]
                }
            ]
        }, 
        {
            "characteristic": "Income", 
            "incomelevel": [
                {
                    "incomeleve": "Low income", 
                    "purchasers": [
                        {
                            "name": "Fannie Mae", 
                            "count": 11, 
                            "value": 971
                        }, 
                        {
                            "name": "Ginnie Mae", 
                            "count": 12, 
                            "value": 854
                        }, 
                        {
                            "name": "Freddie Mac", 
                            "count": 4, 
                            "value": 260
                        }, 
                        {
                            "name": "Farmer Mac", 
                            "count": 0, 
                            "value": 0
                        }, 
                        {
                            "name": "Private Securitization", 
                            "count": 2, 
                            "value": 150
                        }, 
                        {
                            "name": "Commercial bank, savings bank or association", 
                            "count": 3, 
                            "value": 142
                        }, 
                        {
                            "name": "Life insurance co., credit union, finance co.", 
                            "count": 0, 
                            "value": 0
                        }, 
                        {
                            "name": "Affiliate institution", 
                            "count": 0, 
                            "value": 0
                        }, 
                        {
                            "name": "Other", 
                            "count": 116, 
                            "value": 4703
                        }
                    ]
                }, 
                {
                    "incomeleve": "Moderate income", 
                    "purchasers": [
                        {
                            "name": "Fannie Mae", 
                            "count": 116, 
                            "value": 10509
                        }, 
                        {
                            "name": "Ginnie Mae", 
                            "count": 272, 
                            "value": 38078
                        }, 
                        {
                            "name": "Freddie Mac", 
                            "count": 60, 
                            "value": 5402
                        }, 
                        {
                            "name": "Farmer Mac", 
                            "count": 0, 
                            "value": 0
                        }, 
                        {
                            "name": "Private Securitization", 
                            "count": 35, 
                            "value": 3154
                        }, 
                        {
                            "name": "Commercial bank, savings bank or association", 
                            "count": 77, 
                            "value": 9176
                        }, 
                        {
                            "name": "Life insurance co., credit union, finance co.", 
                            "count": 31, 
                            "value": 3816
                        }, 
                        {
                            "name": "Affiliate institution", 
                            "count": 14, 
                            "value": 1004
                        }, 
                        {
                            "name": "Other", 
                            "count": 1052, 
                            "value": 93482
                        }
                    ]
                }, 
                {
                    "incomeleve": "Middle income", 
                    "purchasers": [
                        {
                            "name": "Fannie Mae", 
                            "count": 410, 
                            "value": 47179
                        }, 
                        {
                            "name": "Ginnie Mae", 
                            "count": 1438, 
                            "value": 221732
                        }, 
                        {
                            "name": "Freddie Mac", 
                            "count": 214, 
                            "value": 24884
                        }, 
                        {
                            "name": "Farmer Mac", 
                            "count": 0, 
                            "value": 0
                        }, 
                        {
                            "name": "Private Securitization", 
                            "count": 97, 
                            "value": 12303
                        }, 
                        {
                            "name": "Commercial bank, savings bank or association", 
                            "count": 417, 
                            "value": 68089
                        }, 
                        {
                            "name": "Life insurance co., credit union, finance co.", 
                            "count": 190, 
                            "value": 32455
                        }, 
                        {
                            "name": "Affiliate institution", 
                            "count": 70, 
                            "value": 8967
                        }, 
                        {
                            "name": "Other", 
                            "count": 2932, 
                            "value": 333843
                        }
                    ]
                }, 
                {
                    "incomeleve": "Upper income", 
                    "purchasers": [
                        {
                            "name": "Fannie Mae", 
                            "count": 1096, 
                            "value": 196201
                        }, 
                        {
                            "name": "Ginnie Mae", 
                            "count": 1463, 
                            "value": 323021
                        }, 
                        {
                            "name": "Freddie Mac", 
                            "count": 583, 
                            "value": 105446
                        }, 
                        {
                            "name": "Farmer Mac", 
                            "count": 0, 
                            "value": 0
                        }, 
                        {
                            "name": "Private Securitization", 
                            "count": 351, 
                            "value": 71633
                        }, 
                        {
                            "name": "Commercial bank, savings bank or association", 
                            "count": 477, 
                            "value": 97167
                        }, 
                        {
                            "name": "Life insurance co., credit union, finance co.", 
                            "count": 171, 
                            "value": 33006
                        }, 
                        {
                            "name": "Affiliate institution", 
                            "count": 130, 
                            "value": 22906
                        }, 
                        {
                            "name": "Other", 
                            "count": 3126, 
                            "value": 600574
                        }
                    ]
                }
            ]
        }
    ], 
    "total": {
        "purchasers": [
            {
                "name": "Fannie Mae", 
                "count": 1633, 
                "value": 254860
            }, 
            {
                "name": "Ginnie Mae", 
                "count": 3185, 
                "value": 583685
            }, 
            {
                "name": "Freddie Mac", 
                "count": 861, 
                "value": 135992
            }, 
            {
                "name": "Farmer Mac", 
                "count": 0, 
                "value": 0
            }, 
            {
                "name": "Private Securitization", 
                "count": 485, 
                "value": 87240
            }, 
            {
                "name": "Commercial bank, savings bank or association", 
                "count": 974, 
                "value": 174574
            }, 
            {
                "name": "Life insurance co., credit union, finance co.", 
                "count": 392, 
                "value": 69277
            }, 
            {
                "name": "Affiliate institution", 
                "count": 214, 
                "value": 32877
            }, 
            {
                "name": "Other", 
                "count": 7229, 
                "value": 1032877
            }
        ]
    }
}