{
    "msa-mds": [
        {
            "id": "47080", 
            "name": "VIDALIA"
        }, 
        {
            "id": "20060", 
            "name": "DOUGLAS"
        }, 
        {
            "id": "42340", 
            "name": "SAVANNAH"
        }, 
        {
            "id": "12260", 
            "name": "AUGUSTA-RICHMOND-COUNTY"
        }, 
        {
            "id": "48180", 
            "name": "WAYCROSS"
        }, 
        {
            "id": "12020", 
            "name": "ATHENS-CLARKE-COUNTY"
        }, 
        {
            "id": "46660", 
            "name": "VALDOSTA"
        }, 
        {
            "id": "47580", 
            "name": "WARNER-ROBINS"
        }, 
        {
            "id": "22340", 
            "name": "FITZGERALD"
        }, 
        {
            "id": "45740", 
            "name": "TOCCOA"
        }, 
        {
            "id": "16860", 
            "name": "CHATTANOOGA"
        }, 
        {
            "id": "29300", 
            "name": "LAGRANGE"
        }, 
        {
            "id": "44340", 
            "name": "STATESBORO"
        }, 
        {
            "id": "22980", 
            "name": "FORT-VALLEY"
        }, 
        {
            "id": "11140", 
            "name": "AMERICUS"
        }, 
        {
            "id": "25980", 
            "name": "HINESVILLE-FORT-STEWART"
        }, 
        {
            "id": "44900", 
            "name": "SUMMERVILLE"
        }, 
        {
            "id": "18380", 
            "name": "CORDELE"
        }, 
        {
            "id": "19140", 
            "name": "DALTON"
        }, 
        {
            "id": "12060", 
            "name": "ATLANTA-SANDY-SPRINGS-MARIETTA"
        }, 
        {
            "id": "23580", 
            "name": "GAINESVILLE"
        }, 
        {
            "id": "21640", 
            "name": "EUFAULA"
        }, 
        {
            "id": "15260", 
            "name": "BRUNSWICK"
        }, 
        {
            "id": "34220", 
            "name": "MOULTRIE"
        }, 
        {
            "id": "15660", 
            "name": "CALHOUN"
        }, 
        {
            "id": "12460", 
            "name": "BAINBRIDGE"
        }, 
        {
            "id": "18460", 
            "name": "CORNELIA"
        }, 
        {
            "id": "45620", 
            "name": "THOMASVILLE"
        }, 
        {
            "id": "20140", 
            "name": "DUBLIN"
        }, 
        {
            "id": "27700", 
            "name": "JESUP"
        }, 
        {
            "id": "33300", 
            "name": "MILLEDGEVILLE"
        }, 
        {
            "id": "10500", 
            "name": "ALBANY"
        }, 
        {
            "id": "40660", 
            "name": "ROME"
        }, 
        {
            "id": "31420", 
            "name": "MACON"
        }, 
        {
            "id": "16340", 
            "name": "CEDARTOWN"
        }, 
        {
            "id": "17980", 
            "name": "COLUMBUS"
        }, 
        {
            "id": "41220", 
            "name": "ST.-MARYS"
        }, 
        {
            "id": "45580", 
            "name": "THOMASTON"
        }, 
        {
            "id": "45700", 
            "name": "TIFTON"
        }
    ]
}