{
    "table": "3-1", 
    "type": "Aggregate", 
    "desc": "Loans sold, by characteristics of borrower and census tract in which property is located and by type of purchaser (includes originations and purchased loans),", 
    "year": "2012", 
    "msa": {
        "id": "24540", 
        "name": "Greeley", 
        "state": "CO", 
        "state_name": "Colorado"
    }, 
    "borrowercharacteristics": [
        {
            "characteristic": "Race", 
            "races": [
                {
                    "race": "American Indian/Alaska Native", 
                    "purchasers": [
                        {
                            "name": "Fannie Mae", 
                            "count": 5, 
                            "value": 1135.0
                        }, 
                        {
                            "name": "Ginnie Mae", 
                            "count": 5, 
                            "value": 1109.0
                        }, 
                        {
                            "name": "Freddie Mac", 
                            "count": 2, 
                            "value": 578.0
                        }, 
                        {
                            "name": "Farmer Mac", 
                            "count": 0, 
                            "value": 0
                        }, 
                        {
                            "name": "Private Securitization", 
                            "count": 0, 
                            "value": 0
                        }, 
                        {
                            "name": "Commercial bank, savings bank or association", 
                            "count": 2, 
                            "value": 376.0
                        }, 
                        {
                            "name": "Life insurance co., credit union, finance co.", 
                            "count": 1, 
                            "value": 101.0
                        }, 
                        {
                            "name": "Affiliate institution", 
                            "count": 0, 
                            "value": 0
                        }, 
                        {
                            "name": "Other", 
                            "count": 18, 
                            "value": 2750.0
                        }
                    ]
                }, 
                {
                    "race": "Asian", 
                    "purchasers": [
                        {
                            "name": "Fannie Mae", 
                            "count": 13, 
                            "value": 2025.0
                        }, 
                        {
                            "name": "Ginnie Mae", 
                            "count": 12, 
                            "value": 1940.0
                        }, 
                        {
                            "name": "Freddie Mac", 
                            "count": 1, 
                            "value": 138.0
                        }, 
                        {
                            "name": "Farmer Mac", 
                            "count": 0, 
                            "value": 0
                        }, 
                        {
                            "name": "Private Securitization", 
                            "count": 0, 
                            "value": 0
                        }, 
                        {
                            "name": "Commercial bank, savings bank or association", 
                            "count": 4, 
                            "value": 708.0
                        }, 
                        {
                            "name": "Life insurance co., credit union, finance co.", 
                            "count": 1, 
                            "value": 95.0
                        }, 
                        {
                            "name": "Affiliate institution", 
                            "count": 0, 
                            "value": 0
                        }, 
                        {
                            "name": "Other", 
                            "count": 50, 
                            "value": 5088.0
                        }
                    ]
                }, 
                {
                    "race": "Black or African American", 
                    "purchasers": [
                        {
                            "name": "Fannie Mae", 
                            "count": 52, 
                            "value": 12048.0
                        }, 
                        {
                            "name": "Ginnie Mae", 
                            "count": 9, 
                            "value": 1509.0
                        }, 
                        {
                            "name": "Freddie Mac", 
                            "count": 19, 
                            "value": 3715.0
                        }, 
                        {
                            "name": "Farmer Mac", 
                            "count": 0, 
                            "value": 0
                        }, 
                        {
                            "name": "Private Securitization", 
                            "count": 1, 
                            "value": 148.0
                        }, 
                        {
                            "name": "Commercial bank, savings bank or association", 
                            "count": 19, 
                            "value": 3625.0
                        }, 
                        {
                            "name": "Life insurance co., credit union, finance co.", 
                            "count": 5, 
                            "value": 1066.0
                        }, 
                        {
                            "name": "Affiliate institution", 
                            "count": 1, 
                            "value": 175.0
                        }, 
                        {
                            "name": "Other", 
                            "count": 78, 
                            "value": 12162.0
                        }
                    ]
                }, 
                {
                    "race": "Native Hawaiian or Other Pacific Islander", 
                    "purchasers": [
                        {
                            "name": "Fannie Mae", 
                            "count": 4, 
                            "value": 1205.0
                        }, 
                        {
                            "name": "Ginnie Mae", 
                            "count": 10, 
                            "value": 1675.0
                        }, 
                        {
                            "name": "Freddie Mac", 
                            "count": 2, 
                            "value": 605.0
                        }, 
                        {
                            "name": "Farmer Mac", 
                            "count": 0, 
                            "value": 0
                        }, 
                        {
                            "name": "Private Securitization", 
                            "count": 0, 
                            "value": 0
                        }, 
                        {
                            "name": "Commercial bank, savings bank or association", 
                            "count": 5, 
                            "value": 1028.0
                        }, 
                        {
                            "name": "Life insurance co., credit union, finance co.", 
                            "count": 4, 
                            "value": 1052.0
                        }, 
                        {
                            "name": "Affiliate institution", 
                            "count": 1, 
                            "value": 147.0
                        }, 
                        {
                            "name": "Other", 
                            "count": 32, 
                            "value": 5966.0
                        }
                    ]
                }, 
                {
                    "race": "White", 
                    "purchasers": [
                        {
                            "name": "Fannie Mae", 
                            "count": 3, 
                            "value": 955.0
                        }, 
                        {
                            "name": "Ginnie Mae", 
                            "count": 3, 
                            "value": 564.0
                        }, 
                        {
                            "name": "Freddie Mac", 
                            "count": 1, 
                            "value": 284.0
                        }, 
                        {
                            "name": "Farmer Mac", 
                            "count": 0, 
                            "value": 0
                        }, 
                        {
                            "name": "Private Securitization", 
                            "count": 0, 
                            "value": 0
                        }, 
                        {
                            "name": "Commercial bank, savings bank or association", 
                            "count": 1, 
                            "value": 153.0
                        }, 
                        {
                            "name": "Life insurance co., credit union, finance co.", 
                            "count": 2, 
                            "value": 523.0
                        }, 
                        {
                            "name": "Affiliate institution", 
                            "count": 0, 
                            "value": 0
                        }, 
                        {
                            "name": "Other", 
                            "count": 16, 
                            "value": 3017.0
                        }
                    ]
                }, 
                {
                    "race": "2 or more minority races", 
                    "purchasers": [
                        {
                            "name": "Fannie Mae", 
                            "count": 3103, 
                            "value": 615633.0
                        }, 
                        {
                            "name": "Ginnie Mae", 
                            "count": 2878, 
                            "value": 548735.0
                        }, 
                        {
                            "name": "Freddie Mac", 
                            "count": 1166, 
                            "value": 220470.0
                        }, 
                        {
                            "name": "Farmer Mac", 
                            "count": 0, 
                            "value": 0
                        }, 
                        {
                            "name": "Private Securitization", 
                            "count": 32, 
                            "value": 6280.0
                        }, 
                        {
                            "name": "Commercial bank, savings bank or association", 
                            "count": 1875, 
                            "value": 385546.0
                        }, 
                        {
                            "name": "Life insurance co., credit union, finance co.", 
                            "count": 590, 
                            "value": 114865.0
                        }, 
                        {
                            "name": "Affiliate institution", 
                            "count": 214, 
                            "value": 35287.0
                        }, 
                        {
                            "name": "Other", 
                            "count": 7366, 
                            "value": 1277770.0
                        }
                    ]
                }, 
                {
                    "race": "Joint (White/Minority Race", 
                    "purchasers": [
                        {
                            "name": "Fannie Mae", 
                            "count": 49, 
                            "value": 10088.0
                        }, 
                        {
                            "name": "Ginnie Mae", 
                            "count": 35, 
                            "value": 7087.0
                        }, 
                        {
                            "name": "Freddie Mac", 
                            "count": 14, 
                            "value": 2676.0
                        }, 
                        {
                            "name": "Farmer Mac", 
                            "count": 0, 
                            "value": 0
                        }, 
                        {
                            "name": "Private Securitization", 
                            "count": 1, 
                            "value": 223.0
                        }, 
                        {
                            "name": "Commercial bank, savings bank or association", 
                            "count": 32, 
                            "value": 6382.0
                        }, 
                        {
                            "name": "Life insurance co., credit union, finance co.", 
                            "count": 8, 
                            "value": 1804.0
                        }, 
                        {
                            "name": "Affiliate institution", 
                            "count": 6, 
                            "value": 995.0
                        }, 
                        {
                            "name": "Other", 
                            "count": 98, 
                            "value": 17044.0
                        }
                    ]
                }, 
                {
                    "race": "Not Available", 
                    "purchasers": [
                        {
                            "name": "Fannie Mae", 
                            "count": 903, 
                            "value": 176023.0
                        }, 
                        {
                            "name": "Ginnie Mae", 
                            "count": 622, 
                            "value": 123142.0
                        }, 
                        {
                            "name": "Freddie Mac", 
                            "count": 421, 
                            "value": 81898.0
                        }, 
                        {
                            "name": "Farmer Mac", 
                            "count": 0, 
                            "value": 0
                        }, 
                        {
                            "name": "Private Securitization", 
                            "count": 3, 
                            "value": 421.0
                        }, 
                        {
                            "name": "Commercial bank, savings bank or association", 
                            "count": 331, 
                            "value": 67722.0
                        }, 
                        {
                            "name": "Life insurance co., credit union, finance co.", 
                            "count": 68, 
                            "value": 13556.0
                        }, 
                        {
                            "name": "Affiliate institution", 
                            "count": 142, 
                            "value": 27344.0
                        }, 
                        {
                            "name": "Other", 
                            "count": 1923, 
                            "value": 313449.0
                        }
                    ]
                }
            ]
        }, 
        {
            "characteristic": "Ethnicity", 
            "ethnicities": [
                {
                    "ethnicity": "Hispanic or Latino", 
                    "purchasers": [
                        {
                            "name": "Fannie Mae", 
                            "count": 153, 
                            "value": 24556
                        }, 
                        {
                            "name": "Ginnie Mae", 
                            "count": 389, 
                            "value": 57129
                        }, 
                        {
                            "name": "Freddie Mac", 
                            "count": 80, 
                            "value": 11408
                        }, 
                        {
                            "name": "Farmer Mac", 
                            "count": 0, 
                            "value": 0
                        }, 
                        {
                            "name": "Private Securitization", 
                            "count": 1, 
                            "value": 124
                        }, 
                        {
                            "name": "Commercial bank, savings bank or association", 
                            "count": 140, 
                            "value": 22421
                        }, 
                        {
                            "name": "Life insurance co., credit union, finance co.", 
                            "count": 54, 
                            "value": 7963
                        }, 
                        {
                            "name": "Affiliate institution", 
                            "count": 11, 
                            "value": 1206
                        }, 
                        {
                            "name": "Other", 
                            "count": 1083, 
                            "value": 119912
                        }
                    ]
                }, 
                {
                    "ethnicity": "Not Hispanic or Latino", 
                    "purchasers": [
                        {
                            "name": "Fannie Mae", 
                            "count": 3048, 
                            "value": 612594
                        }, 
                        {
                            "name": "Ginnie Mae", 
                            "count": 2495, 
                            "value": 490658
                        }, 
                        {
                            "name": "Freddie Mac", 
                            "count": 1103, 
                            "value": 212800
                        }, 
                        {
                            "name": "Farmer Mac", 
                            "count": 0, 
                            "value": 0
                        }, 
                        {
                            "name": "Private Securitization", 
                            "count": 33, 
                            "value": 6411
                        }, 
                        {
                            "name": "Commercial bank, savings bank or association", 
                            "count": 1767, 
                            "value": 369236
                        }, 
                        {
                            "name": "Life insurance co., credit union, finance co.", 
                            "count": 541, 
                            "value": 107454
                        }, 
                        {
                            "name": "Affiliate institution", 
                            "count": 208, 
                            "value": 34508
                        }, 
                        {
                            "name": "Other", 
                            "count": 6522, 
                            "value": 1192455
                        }
                    ]
                }, 
                {
                    "ethnicity": "Joint (Hispanic or Latino/Not Hispanic or Latino", 
                    "purchasers": [
                        {
                            "name": "Fannie Mae", 
                            "count": 84, 
                            "value": 17063
                        }, 
                        {
                            "name": "Ginnie Mae", 
                            "count": 90, 
                            "value": 17653
                        }, 
                        {
                            "name": "Freddie Mac", 
                            "count": 34, 
                            "value": 5799
                        }, 
                        {
                            "name": "Farmer Mac", 
                            "count": 0, 
                            "value": 0
                        }, 
                        {
                            "name": "Private Securitization", 
                            "count": 1, 
                            "value": 223
                        }, 
                        {
                            "name": "Commercial bank, savings bank or association", 
                            "count": 45, 
                            "value": 8905
                        }, 
                        {
                            "name": "Life insurance co., credit union, finance co.", 
                            "count": 18, 
                            "value": 3602
                        }, 
                        {
                            "name": "Affiliate institution", 
                            "count": 3, 
                            "value": 568
                        }, 
                        {
                            "name": "Other", 
                            "count": 228, 
                            "value": 38320
                        }
                    ]
                }, 
                {
                    "ethnicity": "Ethnicity Not Available", 
                    "purchasers": [
                        {
                            "name": "Fannie Mae", 
                            "count": 847, 
                            "value": 164899
                        }, 
                        {
                            "name": "Ginnie Mae", 
                            "count": 600, 
                            "value": 120321
                        }, 
                        {
                            "name": "Freddie Mac", 
                            "count": 409, 
                            "value": 80357
                        }, 
                        {
                            "name": "Farmer Mac", 
                            "count": 0, 
                            "value": 0
                        }, 
                        {
                            "name": "Private Securitization", 
                            "count": 2, 
                            "value": 314
                        }, 
                        {
                            "name": "Commercial bank, savings bank or association", 
                            "count": 317, 
                            "value": 64978
                        }, 
                        {
                            "name": "Life insurance co., credit union, finance co.", 
                            "count": 66, 
                            "value": 14043
                        }, 
                        {
                            "name": "Affiliate institution", 
                            "count": 142, 
                            "value": 27666
                        }, 
                        {
                            "name": "Other", 
                            "count": 1748, 
                            "value": 286559
                        }
                    ]
                }
            ]
        }, 
        {
            "characteristic": "Minority Status", 
            "minoritystatuses": [
                {
                    "minoritystatus": "White Non-Hispanic", 
                    "purchasers": [
                        {
                            "name": "Fannie Mae", 
                            "count": 3780, 
                            "value": 752136
                        }, 
                        {
                            "name": "Ginnie Mae", 
                            "count": 3031, 
                            "value": 598899
                        }, 
                        {
                            "name": "Freddie Mac", 
                            "count": 1477, 
                            "value": 285817
                        }, 
                        {
                            "name": "Farmer Mac", 
                            "count": 0, 
                            "value": 0
                        }, 
                        {
                            "name": "Private Securitization", 
                            "count": 34, 
                            "value": 6577
                        }, 
                        {
                            "name": "Commercial bank, savings bank or association", 
                            "count": 2024, 
                            "value": 422395
                        }, 
                        {
                            "name": "Life insurance co., credit union, finance co.", 
                            "count": 591, 
                            "value": 118174
                        }, 
                        {
                            "name": "Affiliate institution", 
                            "count": 343, 
                            "value": 61109
                        }, 
                        {
                            "name": "Other", 
                            "count": 8044, 
                            "value": 1441848
                        }
                    ]
                }, 
                {
                    "minoritystatus": "Others, Including Hispanic", 
                    "purchasers": [
                        {
                            "name": "Fannie Mae", 
                            "count": 352, 
                            "value": 66976
                        }, 
                        {
                            "name": "Ginnie Mae", 
                            "count": 543, 
                            "value": 86862
                        }, 
                        {
                            "name": "Freddie Mac", 
                            "count": 149, 
                            "value": 24547
                        }, 
                        {
                            "name": "Farmer Mac", 
                            "count": 0, 
                            "value": 0
                        }, 
                        {
                            "name": "Private Securitization", 
                            "count": 3, 
                            "value": 495
                        }, 
                        {
                            "name": "Commercial bank, savings bank or association", 
                            "count": 245, 
                            "value": 43145
                        }, 
                        {
                            "name": "Life insurance co., credit union, finance co.", 
                            "count": 88, 
                            "value": 14888
                        }, 
                        {
                            "name": "Affiliate institution", 
                            "count": 21, 
                            "value": 2839
                        }, 
                        {
                            "name": "Other", 
                            "count": 1537, 
                            "value": 195398
                        }
                    ]
                }
            ]
        }, 
        {
            "characteristic": "Applicant Income", 
            "applicantincomes": [
                {
                    "applicantincome": "Less than 50% of MSA/MD median", 
                    "purchasers": [
                        {
                            "name": "Fannie Mae", 
                            "count": 292, 
                            "value": 34436
                        }, 
                        {
                            "name": "Ginnie Mae", 
                            "count": 282, 
                            "value": 33490
                        }, 
                        {
                            "name": "Freddie Mac", 
                            "count": 95, 
                            "value": 10925
                        }, 
                        {
                            "name": "Farmer Mac", 
                            "count": 0, 
                            "value": 0
                        }, 
                        {
                            "name": "Private Securitization", 
                            "count": 3, 
                            "value": 346
                        }, 
                        {
                            "name": "Commercial bank, savings bank or association", 
                            "count": 170, 
                            "value": 20583
                        }, 
                        {
                            "name": "Life insurance co., credit union, finance co.", 
                            "count": 70, 
                            "value": 7864
                        }, 
                        {
                            "name": "Affiliate institution", 
                            "count": 33, 
                            "value": 3796
                        }, 
                        {
                            "name": "Other", 
                            "count": 1196, 
                            "value": 112376
                        }
                    ]
                }, 
                {
                    "applicantincome": "50-79% of MSA/MD median", 
                    "purchasers": [
                        {
                            "name": "Fannie Mae", 
                            "count": 627, 
                            "value": 91338
                        }, 
                        {
                            "name": "Ginnie Mae", 
                            "count": 670, 
                            "value": 111801
                        }, 
                        {
                            "name": "Freddie Mac", 
                            "count": 255, 
                            "value": 36506
                        }, 
                        {
                            "name": "Farmer Mac", 
                            "count": 0, 
                            "value": 0
                        }, 
                        {
                            "name": "Private Securitization", 
                            "count": 7, 
                            "value": 1061
                        }, 
                        {
                            "name": "Commercial bank, savings bank or association", 
                            "count": 490, 
                            "value": 80647
                        }, 
                        {
                            "name": "Life insurance co., credit union, finance co.", 
                            "count": 146, 
                            "value": 22813
                        }, 
                        {
                            "name": "Affiliate institution", 
                            "count": 72, 
                            "value": 9791
                        }, 
                        {
                            "name": "Other", 
                            "count": 1876, 
                            "value": 234183
                        }
                    ]
                }, 
                {
                    "applicantincome": "80-99% of MSA/MD median", 
                    "purchasers": [
                        {
                            "name": "Fannie Mae", 
                            "count": 525, 
                            "value": 91074
                        }, 
                        {
                            "name": "Ginnie Mae", 
                            "count": 427, 
                            "value": 80967
                        }, 
                        {
                            "name": "Freddie Mac", 
                            "count": 173, 
                            "value": 28493
                        }, 
                        {
                            "name": "Farmer Mac", 
                            "count": 0, 
                            "value": 0
                        }, 
                        {
                            "name": "Private Securitization", 
                            "count": 7, 
                            "value": 1248
                        }, 
                        {
                            "name": "Commercial bank, savings bank or association", 
                            "count": 321, 
                            "value": 61225
                        }, 
                        {
                            "name": "Life insurance co., credit union, finance co.", 
                            "count": 95, 
                            "value": 17116
                        }, 
                        {
                            "name": "Affiliate institution", 
                            "count": 46, 
                            "value": 7848
                        }, 
                        {
                            "name": "Other", 
                            "count": 1169, 
                            "value": 177347
                        }
                    ]
                }, 
                {
                    "applicantincome": "100-119% of MSA/MD median", 
                    "purchasers": [
                        {
                            "name": "Fannie Mae", 
                            "count": 490, 
                            "value": 95471
                        }, 
                        {
                            "name": "Ginnie Mae", 
                            "count": 327, 
                            "value": 69235
                        }, 
                        {
                            "name": "Freddie Mac", 
                            "count": 209, 
                            "value": 36436
                        }, 
                        {
                            "name": "Farmer Mac", 
                            "count": 0, 
                            "value": 0
                        }, 
                        {
                            "name": "Private Securitization", 
                            "count": 3, 
                            "value": 835
                        }, 
                        {
                            "name": "Commercial bank, savings bank or association", 
                            "count": 252, 
                            "value": 53593
                        }, 
                        {
                            "name": "Life insurance co., credit union, finance co.", 
                            "count": 72, 
                            "value": 14497
                        }, 
                        {
                            "name": "Affiliate institution", 
                            "count": 48, 
                            "value": 8539
                        }, 
                        {
                            "name": "Other", 
                            "count": 914, 
                            "value": 156052
                        }
                    ]
                }, 
                {
                    "applicantincome": "120% or more of MSA/MD median", 
                    "purchasers": [
                        {
                            "name": "Fannie Mae", 
                            "count": 1955, 
                            "value": 460310
                        }, 
                        {
                            "name": "Ginnie Mae", 
                            "count": 593, 
                            "value": 144226
                        }, 
                        {
                            "name": "Freddie Mac", 
                            "count": 668, 
                            "value": 151513
                        }, 
                        {
                            "name": "Farmer Mac", 
                            "count": 0, 
                            "value": 0
                        }, 
                        {
                            "name": "Private Securitization", 
                            "count": 17, 
                            "value": 3582
                        }, 
                        {
                            "name": "Commercial bank, savings bank or association", 
                            "count": 784, 
                            "value": 197708
                        }, 
                        {
                            "name": "Life insurance co., credit union, finance co.", 
                            "count": 220, 
                            "value": 55381
                        }, 
                        {
                            "name": "Affiliate institution", 
                            "count": 154, 
                            "value": 31632
                        }, 
                        {
                            "name": "Other", 
                            "count": 3244, 
                            "value": 725575
                        }
                    ]
                }, 
                {
                    "applicantincome": "income not available", 
                    "purchasers": [
                        {
                            "name": "Fannie Mae", 
                            "count": 243, 
                            "value": 46483
                        }, 
                        {
                            "name": "Ginnie Mae", 
                            "count": 1275, 
                            "value": 246042
                        }, 
                        {
                            "name": "Freddie Mac", 
                            "count": 226, 
                            "value": 46491
                        }, 
                        {
                            "name": "Farmer Mac", 
                            "count": 0, 
                            "value": 0
                        }, 
                        {
                            "name": "Private Securitization", 
                            "count": 0, 
                            "value": 0
                        }, 
                        {
                            "name": "Commercial bank, savings bank or association", 
                            "count": 252, 
                            "value": 51784
                        }, 
                        {
                            "name": "Life insurance co., credit union, finance co.", 
                            "count": 76, 
                            "value": 15391
                        }, 
                        {
                            "name": "Affiliate institution", 
                            "count": 11, 
                            "value": 2342
                        }, 
                        {
                            "name": "Other", 
                            "count": 1182, 
                            "value": 231713
                        }
                    ]
                }
            ]
        }
    ], 
    "censuscharacteristics": [
        {
            "characteristic": "Racial/Ethnic Composition", 
            "tractpctminorities": [
                {
                    "tractpctminority": "Less than 10% minority", 
                    "purchasers": [
                        {
                            "name": "Fannie Mae", 
                            "count": 187, 
                            "value": 47636
                        }, 
                        {
                            "name": "Ginnie Mae", 
                            "count": 103, 
                            "value": 23897
                        }, 
                        {
                            "name": "Freddie Mac", 
                            "count": 70, 
                            "value": 18312
                        }, 
                        {
                            "name": "Farmer Mac", 
                            "count": 0, 
                            "value": 0
                        }, 
                        {
                            "name": "Private Securitization", 
                            "count": 2, 
                            "value": 449
                        }, 
                        {
                            "name": "Commercial bank, savings bank or association", 
                            "count": 89, 
                            "value": 23607
                        }, 
                        {
                            "name": "Life insurance co., credit union, finance co.", 
                            "count": 29, 
                            "value": 6897
                        }, 
                        {
                            "name": "Affiliate institution", 
                            "count": 15, 
                            "value": 3620
                        }, 
                        {
                            "name": "Other", 
                            "count": 311, 
                            "value": 84967
                        }
                    ]
                }, 
                {
                    "tractpctminority": "10-19% minority", 
                    "purchasers": [
                        {
                            "name": "Fannie Mae", 
                            "count": 3795, 
                            "value": 755317
                        }, 
                        {
                            "name": "Ginnie Mae", 
                            "count": 3222, 
                            "value": 631762
                        }, 
                        {
                            "name": "Freddie Mac", 
                            "count": 1479, 
                            "value": 283027
                        }, 
                        {
                            "name": "Farmer Mac", 
                            "count": 0, 
                            "value": 0
                        }, 
                        {
                            "name": "Private Securitization", 
                            "count": 34, 
                            "value": 6407
                        }, 
                        {
                            "name": "Commercial bank, savings bank or association", 
                            "count": 2094, 
                            "value": 432154
                        }, 
                        {
                            "name": "Life insurance co., credit union, finance co.", 
                            "count": 613, 
                            "value": 122003
                        }, 
                        {
                            "name": "Affiliate institution", 
                            "count": 338, 
                            "value": 59294
                        }, 
                        {
                            "name": "Other", 
                            "count": 8401, 
                            "value": 1470960
                        }
                    ]
                }, 
                {
                    "tractpctminority": "20-49% minority", 
                    "purchasers": [
                        {
                            "name": "Fannie Mae", 
                            "count": 143, 
                            "value": 15554
                        }, 
                        {
                            "name": "Ginnie Mae", 
                            "count": 235, 
                            "value": 28688
                        }, 
                        {
                            "name": "Freddie Mac", 
                            "count": 68, 
                            "value": 8225
                        }, 
                        {
                            "name": "Farmer Mac", 
                            "count": 0, 
                            "value": 0
                        }, 
                        {
                            "name": "Private Securitization", 
                            "count": 1, 
                            "value": 216
                        }, 
                        {
                            "name": "Commercial bank, savings bank or association", 
                            "count": 81, 
                            "value": 9349
                        }, 
                        {
                            "name": "Life insurance co., credit union, finance co.", 
                            "count": 30, 
                            "value": 3531
                        }, 
                        {
                            "name": "Affiliate institution", 
                            "count": 9, 
                            "value": 889
                        }, 
                        {
                            "name": "Other", 
                            "count": 823, 
                            "value": 76219
                        }
                    ]
                }, 
                {
                    "tractpctminority": "50-79% minority", 
                    "purchasers": [
                        {
                            "name": "Fannie Mae", 
                            "count": 7, 
                            "value": 605
                        }, 
                        {
                            "name": "Ginnie Mae", 
                            "count": 14, 
                            "value": 1414
                        }, 
                        {
                            "name": "Freddie Mac", 
                            "count": 9, 
                            "value": 800
                        }, 
                        {
                            "name": "Farmer Mac", 
                            "count": 0, 
                            "value": 0
                        }, 
                        {
                            "name": "Private Securitization", 
                            "count": 0, 
                            "value": 0
                        }, 
                        {
                            "name": "Commercial bank, savings bank or association", 
                            "count": 5, 
                            "value": 430
                        }, 
                        {
                            "name": "Life insurance co., credit union, finance co.", 
                            "count": 7, 
                            "value": 631
                        }, 
                        {
                            "name": "Affiliate institution", 
                            "count": 2, 
                            "value": 145
                        }, 
                        {
                            "name": "Other", 
                            "count": 46, 
                            "value": 5100
                        }
                    ]
                }, 
                {
                    "tractpctminority": "80-100% minority", 
                    "purchasers": [
                        {
                            "name": "Fannie Mae", 
                            "count": 0, 
                            "value": 0
                        }, 
                        {
                            "name": "Ginnie Mae", 
                            "count": 0, 
                            "value": 0
                        }, 
                        {
                            "name": "Freddie Mac", 
                            "count": 0, 
                            "value": 0
                        }, 
                        {
                            "name": "Farmer Mac", 
                            "count": 0, 
                            "value": 0
                        }, 
                        {
                            "name": "Private Securitization", 
                            "count": 0, 
                            "value": 0
                        }, 
                        {
                            "name": "Commercial bank, savings bank or association", 
                            "count": 0, 
                            "value": 0
                        }, 
                        {
                            "name": "Life insurance co., credit union, finance co.", 
                            "count": 0, 
                            "value": 0
                        }, 
                        {
                            "name": "Affiliate institution", 
                            "count": 0, 
                            "value": 0
                        }, 
                        {
                            "name": "Other", 
                            "count": 0, 
                            "value": 0
                        }
                    ]
                }
            ]
        }, 
        {
            "characteristic": "Income", 
            "incomelevels": [
                {
                    "incomelevel": "Low income", 
                    "purchasers": [
                        {
                            "name": "Fannie Mae", 
                            "count": 53, 
                            "value": 5806
                        }, 
                        {
                            "name": "Ginnie Mae", 
                            "count": 93, 
                            "value": 9740
                        }, 
                        {
                            "name": "Freddie Mac", 
                            "count": 47, 
                            "value": 5623
                        }, 
                        {
                            "name": "Farmer Mac", 
                            "count": 0, 
                            "value": 0
                        }, 
                        {
                            "name": "Private Securitization", 
                            "count": 0, 
                            "value": 0
                        }, 
                        {
                            "name": "Commercial bank, savings bank or association", 
                            "count": 26, 
                            "value": 2511
                        }, 
                        {
                            "name": "Life insurance co., credit union, finance co.", 
                            "count": 15, 
                            "value": 1556
                        }, 
                        {
                            "name": "Affiliate institution", 
                            "count": 10, 
                            "value": 821
                        }, 
                        {
                            "name": "Other", 
                            "count": 398, 
                            "value": 34672
                        }
                    ]
                }, 
                {
                    "incomelevel": "Moderate income", 
                    "purchasers": [
                        {
                            "name": "Fannie Mae", 
                            "count": 265, 
                            "value": 32502
                        }, 
                        {
                            "name": "Ginnie Mae", 
                            "count": 416, 
                            "value": 55897
                        }, 
                        {
                            "name": "Freddie Mac", 
                            "count": 116, 
                            "value": 14081
                        }, 
                        {
                            "name": "Farmer Mac", 
                            "count": 0, 
                            "value": 0
                        }, 
                        {
                            "name": "Private Securitization", 
                            "count": 1, 
                            "value": 216
                        }, 
                        {
                            "name": "Commercial bank, savings bank or association", 
                            "count": 181, 
                            "value": 25297
                        }, 
                        {
                            "name": "Life insurance co., credit union, finance co.", 
                            "count": 72, 
                            "value": 9411
                        }, 
                        {
                            "name": "Affiliate institution", 
                            "count": 37, 
                            "value": 4591
                        }, 
                        {
                            "name": "Other", 
                            "count": 1226, 
                            "value": 140702
                        }
                    ]
                }, 
                {
                    "incomelevel": "Middle income", 
                    "purchasers": [
                        {
                            "name": "Fannie Mae", 
                            "count": 1655, 
                            "value": 281253
                        }, 
                        {
                            "name": "Ginnie Mae", 
                            "count": 1780, 
                            "value": 316871
                        }, 
                        {
                            "name": "Freddie Mac", 
                            "count": 642, 
                            "value": 107946
                        }, 
                        {
                            "name": "Farmer Mac", 
                            "count": 0, 
                            "value": 0
                        }, 
                        {
                            "name": "Private Securitization", 
                            "count": 14, 
                            "value": 2293
                        }, 
                        {
                            "name": "Commercial bank, savings bank or association", 
                            "count": 1036, 
                            "value": 189047
                        }, 
                        {
                            "name": "Life insurance co., credit union, finance co.", 
                            "count": 302, 
                            "value": 54320
                        }, 
                        {
                            "name": "Affiliate institution", 
                            "count": 159, 
                            "value": 24842
                        }, 
                        {
                            "name": "Other", 
                            "count": 4240, 
                            "value": 682330
                        }
                    ]
                }, 
                {
                    "incomelevel": "Upper income", 
                    "purchasers": [
                        {
                            "name": "Fannie Mae", 
                            "count": 2159, 
                            "value": 499551
                        }, 
                        {
                            "name": "Ginnie Mae", 
                            "count": 1285, 
                            "value": 303253
                        }, 
                        {
                            "name": "Freddie Mac", 
                            "count": 821, 
                            "value": 182714
                        }, 
                        {
                            "name": "Farmer Mac", 
                            "count": 0, 
                            "value": 0
                        }, 
                        {
                            "name": "Private Securitization", 
                            "count": 22, 
                            "value": 4563
                        }, 
                        {
                            "name": "Commercial bank, savings bank or association", 
                            "count": 1026, 
                            "value": 248685
                        }, 
                        {
                            "name": "Life insurance co., credit union, finance co.", 
                            "count": 290, 
                            "value": 67775
                        }, 
                        {
                            "name": "Affiliate institution", 
                            "count": 158, 
                            "value": 33694
                        }, 
                        {
                            "name": "Other", 
                            "count": 3716, 
                            "value": 779417
                        }
                    ]
                }
            ]
        }
    ], 
    "total": {
        "purchasers": [
            {
                "name": "Fannie Mae", 
                "count": 4132, 
                "value": 819112
            }, 
            {
                "name": "Ginnie Mae", 
                "count": 3574, 
                "value": 685761
            }, 
            {
                "name": "Freddie Mac", 
                "count": 1626, 
                "value": 310364
            }, 
            {
                "name": "Farmer Mac", 
                "count": 0, 
                "value": 0
            }, 
            {
                "name": "Private Securitization", 
                "count": 37, 
                "value": 7072
            }, 
            {
                "name": "Commercial bank, savings bank or association", 
                "count": 2269, 
                "value": 465540
            }, 
            {
                "name": "Life insurance co., credit union, finance co.", 
                "count": 679, 
                "value": 133062
            }, 
            {
                "name": "Affiliate institution", 
                "count": 364, 
                "value": 63948
            }, 
            {
                "name": "Other", 
                "count": 9581, 
                "value": 1637246
            }
        ]
    }
}