{
    "table": "3-1", 
    "type": "aggregate", 
    "desc": "Loans sold. By characteristics of borrower and census tract in which property is located and by type of purchaser (includes originations and purchased loans).", 
    "year": "2012", 
    "msa": {
        "id": "19380", 
        "name": "Dayton", 
        "state": "OH", 
        "state_name": "Ohio"
    }, 
    "borrowercharacteristics": [
        {
            "characteristic": "Race", 
            "races": [
                {
                    "race": "American Indian/Alaska Native", 
                    "purchasers": [
                        {
                            "name": "Fannie Mae", 
                            "count": 0, 
                            "value": 0
                        }, 
                        {
                            "name": "Ginnie Mae", 
                            "count": 0, 
                            "value": 0
                        }, 
                        {
                            "name": "Freddie Mac", 
                            "count": 0, 
                            "value": 0
                        }, 
                        {
                            "name": "Farmer Mac", 
                            "count": 0, 
                            "value": 0
                        }, 
                        {
                            "name": "Private Securitization", 
                            "count": 0, 
                            "value": 0
                        }, 
                        {
                            "name": "Commercial bank, savings bank or association", 
                            "count": 0, 
                            "value": 0
                        }, 
                        {
                            "name": "Life insurance co., credit union, finance co.", 
                            "count": 0, 
                            "value": 0
                        }, 
                        {
                            "name": "Affiliate institution", 
                            "count": 0, 
                            "value": 0
                        }, 
                        {
                            "name": "Other", 
                            "count": 0, 
                            "value": 0
                        }
                    ]
                }, 
                {
                    "race": "Asian", 
                    "purchasers": [
                        {
                            "name": "Fannie Mae", 
                            "count": 2, 
                            "value": 343.0
                        }, 
                        {
                            "name": "Ginnie Mae", 
                            "count": 0, 
                            "value": 0
                        }, 
                        {
                            "name": "Freddie Mac", 
                            "count": 1, 
                            "value": 159.0
                        }, 
                        {
                            "name": "Farmer Mac", 
                            "count": 0, 
                            "value": 0
                        }, 
                        {
                            "name": "Private Securitization", 
                            "count": 0, 
                            "value": 0
                        }, 
                        {
                            "name": "Commercial bank, savings bank or association", 
                            "count": 1, 
                            "value": 165.0
                        }, 
                        {
                            "name": "Life insurance co., credit union, finance co.", 
                            "count": 1, 
                            "value": 235.0
                        }, 
                        {
                            "name": "Affiliate institution", 
                            "count": 0, 
                            "value": 0
                        }, 
                        {
                            "name": "Other", 
                            "count": 16, 
                            "value": 3080.0
                        }
                    ]
                }, 
                {
                    "race": "Black or African American", 
                    "purchasers": [
                        {
                            "name": "Fannie Mae", 
                            "count": 69, 
                            "value": 16062.0
                        }, 
                        {
                            "name": "Ginnie Mae", 
                            "count": 23, 
                            "value": 3795.0
                        }, 
                        {
                            "name": "Freddie Mac", 
                            "count": 67, 
                            "value": 12203.0
                        }, 
                        {
                            "name": "Farmer Mac", 
                            "count": 0, 
                            "value": 0
                        }, 
                        {
                            "name": "Private Securitization", 
                            "count": 1, 
                            "value": 254.0
                        }, 
                        {
                            "name": "Commercial bank, savings bank or association", 
                            "count": 22, 
                            "value": 5214.0
                        }, 
                        {
                            "name": "Life insurance co., credit union, finance co.", 
                            "count": 8, 
                            "value": 1337.0
                        }, 
                        {
                            "name": "Affiliate institution", 
                            "count": 5, 
                            "value": 652.0
                        }, 
                        {
                            "name": "Other", 
                            "count": 181, 
                            "value": 35514.0
                        }
                    ]
                }, 
                {
                    "race": "Native Hawaiian or Pacific Islander", 
                    "purchasers": [
                        {
                            "name": "Fannie Mae", 
                            "count": 64, 
                            "value": 10634.0
                        }, 
                        {
                            "name": "Ginnie Mae", 
                            "count": 110, 
                            "value": 17627.0
                        }, 
                        {
                            "name": "Freddie Mac", 
                            "count": 40, 
                            "value": 5197.0
                        }, 
                        {
                            "name": "Farmer Mac", 
                            "count": 0, 
                            "value": 0
                        }, 
                        {
                            "name": "Private Securitization", 
                            "count": 1, 
                            "value": 193.0
                        }, 
                        {
                            "name": "Commercial bank, savings bank or association", 
                            "count": 12, 
                            "value": 2209.0
                        }, 
                        {
                            "name": "Life insurance co., credit union, finance co.", 
                            "count": 108, 
                            "value": 12500.0
                        }, 
                        {
                            "name": "Affiliate institution", 
                            "count": 4, 
                            "value": 415.0
                        }, 
                        {
                            "name": "Other", 
                            "count": 431, 
                            "value": 55258.0
                        }
                    ]
                }, 
                {
                    "race": "White", 
                    "purchasers": [
                        {
                            "name": "Fannie Mae", 
                            "count": 3, 
                            "value": 456.0
                        }, 
                        {
                            "name": "Ginnie Mae", 
                            "count": 0, 
                            "value": 0
                        }, 
                        {
                            "name": "Freddie Mac", 
                            "count": 0, 
                            "value": 0
                        }, 
                        {
                            "name": "Farmer Mac", 
                            "count": 0, 
                            "value": 0
                        }, 
                        {
                            "name": "Private Securitization", 
                            "count": 0, 
                            "value": 0
                        }, 
                        {
                            "name": "Commercial bank, savings bank or association", 
                            "count": 0, 
                            "value": 0
                        }, 
                        {
                            "name": "Life insurance co., credit union, finance co.", 
                            "count": 0, 
                            "value": 0
                        }, 
                        {
                            "name": "Affiliate institution", 
                            "count": 0, 
                            "value": 0
                        }, 
                        {
                            "name": "Other", 
                            "count": 24, 
                            "value": 3883.0
                        }
                    ]
                }, 
                {
                    "race": "2 or more minority races", 
                    "purchasers": [
                        {
                            "name": "Fannie Mae", 
                            "count": 3012, 
                            "value": 456445.0
                        }, 
                        {
                            "name": "Ginnie Mae", 
                            "count": 1841, 
                            "value": 289366.0
                        }, 
                        {
                            "name": "Freddie Mac", 
                            "count": 3192, 
                            "value": 468521.0
                        }, 
                        {
                            "name": "Farmer Mac", 
                            "count": 2, 
                            "value": 267.0
                        }, 
                        {
                            "name": "Private Securitization", 
                            "count": 54, 
                            "value": 7284.0
                        }, 
                        {
                            "name": "Commercial bank, savings bank or association", 
                            "count": 632, 
                            "value": 106304.0
                        }, 
                        {
                            "name": "Life insurance co., credit union, finance co.", 
                            "count": 675, 
                            "value": 103007.0
                        }, 
                        {
                            "name": "Affiliate institution", 
                            "count": 445, 
                            "value": 53298.0
                        }, 
                        {
                            "name": "Other", 
                            "count": 8831, 
                            "value": 1203600.0
                        }
                    ]
                }, 
                {
                    "race": "Joint", 
                    "purchasers": [
                        {
                            "name": "Fannie Mae", 
                            "count": 422, 
                            "value": 68217.0
                        }, 
                        {
                            "name": "Ginnie Mae", 
                            "count": 262, 
                            "value": 45495.0
                        }, 
                        {
                            "name": "Freddie Mac", 
                            "count": 347, 
                            "value": 53073.0
                        }, 
                        {
                            "name": "Farmer Mac", 
                            "count": 0, 
                            "value": 0
                        }, 
                        {
                            "name": "Private Securitization", 
                            "count": 7, 
                            "value": 1249.0
                        }, 
                        {
                            "name": "Commercial bank, savings bank or association", 
                            "count": 52, 
                            "value": 10682.0
                        }, 
                        {
                            "name": "Life insurance co., credit union, finance co.", 
                            "count": 150, 
                            "value": 22918.0
                        }, 
                        {
                            "name": "Affiliate institution", 
                            "count": 72, 
                            "value": 9113.0
                        }, 
                        {
                            "name": "Other", 
                            "count": 1613, 
                            "value": 225172.0
                        }
                    ]
                }, 
                {
                    "race": "Not Provided", 
                    "purchasers": [
                        {
                            "name": "Fannie Mae", 
                            "count": 329, 
                            "value": 47067.0
                        }, 
                        {
                            "name": "Ginnie Mae", 
                            "count": 809, 
                            "value": 119795.0
                        }, 
                        {
                            "name": "Freddie Mac", 
                            "count": 369, 
                            "value": 49429.0
                        }, 
                        {
                            "name": "Farmer Mac", 
                            "count": 0, 
                            "value": 0
                        }, 
                        {
                            "name": "Private Securitization", 
                            "count": 0, 
                            "value": 0
                        }, 
                        {
                            "name": "Commercial bank, savings bank or association", 
                            "count": 102, 
                            "value": 13881.0
                        }, 
                        {
                            "name": "Life insurance co., credit union, finance co.", 
                            "count": 8, 
                            "value": 768.0
                        }, 
                        {
                            "name": "Affiliate institution", 
                            "count": 58, 
                            "value": 11617.0
                        }, 
                        {
                            "name": "Other", 
                            "count": 881, 
                            "value": 106592.0
                        }
                    ]
                }, 
                {
                    "race": "Not Applicable", 
                    "purchasers": [
                        {
                            "name": "Fannie Mae", 
                            "count": 2852, 
                            "value": 348876.0
                        }, 
                        {
                            "name": "Ginnie Mae", 
                            "count": 3449, 
                            "value": 438211.0
                        }, 
                        {
                            "name": "Freddie Mac", 
                            "count": 2503, 
                            "value": 293559.0
                        }, 
                        {
                            "name": "Farmer Mac", 
                            "count": 1, 
                            "value": 1000.0
                        }, 
                        {
                            "name": "Private Securitization", 
                            "count": 50, 
                            "value": 7368.0
                        }, 
                        {
                            "name": "Commercial bank, savings bank or association", 
                            "count": 1044, 
                            "value": 129787.0
                        }, 
                        {
                            "name": "Life insurance co., credit union, finance co.", 
                            "count": 925, 
                            "value": 103853.0
                        }, 
                        {
                            "name": "Affiliate institution", 
                            "count": 498, 
                            "value": 52253.0
                        }, 
                        {
                            "name": "Other", 
                            "count": 11727, 
                            "value": 1335124.0
                        }
                    ]
                }, 
                {
                    "race": "No co-applicant", 
                    "purchasers": [
                        {
                            "name": "Fannie Mae", 
                            "count": 0, 
                            "value": 0
                        }, 
                        {
                            "name": "Ginnie Mae", 
                            "count": 0, 
                            "value": 0
                        }, 
                        {
                            "name": "Freddie Mac", 
                            "count": 0, 
                            "value": 0
                        }, 
                        {
                            "name": "Farmer Mac", 
                            "count": 0, 
                            "value": 0
                        }, 
                        {
                            "name": "Private Securitization", 
                            "count": 0, 
                            "value": 0
                        }, 
                        {
                            "name": "Commercial bank, savings bank or association", 
                            "count": 0, 
                            "value": 0
                        }, 
                        {
                            "name": "Life insurance co., credit union, finance co.", 
                            "count": 0, 
                            "value": 0
                        }, 
                        {
                            "name": "Affiliate institution", 
                            "count": 0, 
                            "value": 0
                        }, 
                        {
                            "name": "Other", 
                            "count": 0, 
                            "value": 0
                        }
                    ]
                }
            ]
        }, 
        {
            "characteristic": "Ethnicity", 
            "ethnicities": [
                {
                    "ethnicitie": "Hispanic or Latino", 
                    "purchasers": [
                        {
                            "name": "Fannie Mae", 
                            "count": 12, 
                            "value": 1975
                        }, 
                        {
                            "name": "Ginnie Mae", 
                            "count": 13, 
                            "value": 2349
                        }, 
                        {
                            "name": "Freddie Mac", 
                            "count": 8, 
                            "value": 1250
                        }, 
                        {
                            "name": "Farmer Mac", 
                            "count": 0, 
                            "value": 0
                        }, 
                        {
                            "name": "Private Securitization", 
                            "count": 0, 
                            "value": 0
                        }, 
                        {
                            "name": "Commercial bank, savings bank or association", 
                            "count": 6, 
                            "value": 1085
                        }, 
                        {
                            "name": "Life insurance co., credit union, finance co.", 
                            "count": 4, 
                            "value": 493
                        }, 
                        {
                            "name": "Affiliate institution", 
                            "count": 0, 
                            "value": 0
                        }, 
                        {
                            "name": "Other", 
                            "count": 46, 
                            "value": 6124
                        }
                    ]
                }, 
                {
                    "ethnicitie": "Not Hispanic or Latino", 
                    "purchasers": [
                        {
                            "name": "Fannie Mae", 
                            "count": 5595, 
                            "value": 769091
                        }, 
                        {
                            "name": "Ginnie Mae", 
                            "count": 4666, 
                            "value": 631729
                        }, 
                        {
                            "name": "Freddie Mac", 
                            "count": 5612, 
                            "value": 759072
                        }, 
                        {
                            "name": "Farmer Mac", 
                            "count": 3, 
                            "value": 1267
                        }, 
                        {
                            "name": "Private Securitization", 
                            "count": 101, 
                            "value": 14636
                        }, 
                        {
                            "name": "Commercial bank, savings bank or association", 
                            "count": 1486, 
                            "value": 218577
                        }, 
                        {
                            "name": "Life insurance co., credit union, finance co.", 
                            "count": 1569, 
                            "value": 203929
                        }, 
                        {
                            "name": "Affiliate institution", 
                            "count": 846, 
                            "value": 93339
                        }, 
                        {
                            "name": "Other", 
                            "count": 19213, 
                            "value": 2309162
                        }
                    ]
                }, 
                {
                    "ethnicitie": "Not provided", 
                    "purchasers": [
                        {
                            "name": "Fannie Mae", 
                            "count": 76, 
                            "value": 10539
                        }, 
                        {
                            "name": "Ginnie Mae", 
                            "count": 100, 
                            "value": 16067
                        }, 
                        {
                            "name": "Freddie Mac", 
                            "count": 46, 
                            "value": 6757
                        }, 
                        {
                            "name": "Farmer Mac", 
                            "count": 0, 
                            "value": 0
                        }, 
                        {
                            "name": "Private Securitization", 
                            "count": 2, 
                            "value": 403
                        }, 
                        {
                            "name": "Commercial bank, savings bank or association", 
                            "count": 23, 
                            "value": 3204
                        }, 
                        {
                            "name": "Life insurance co., credit union, finance co.", 
                            "count": 22, 
                            "value": 2849
                        }, 
                        {
                            "name": "Affiliate institution", 
                            "count": 15, 
                            "value": 2242
                        }, 
                        {
                            "name": "Other", 
                            "count": 298, 
                            "value": 38014
                        }
                    ]
                }, 
                {
                    "ethnicitie": "Not applicable", 
                    "purchasers": [
                        {
                            "name": "Fannie Mae", 
                            "count": 1070, 
                            "value": 166495
                        }, 
                        {
                            "name": "Ginnie Mae", 
                            "count": 1715, 
                            "value": 264144
                        }, 
                        {
                            "name": "Freddie Mac", 
                            "count": 853, 
                            "value": 115062
                        }, 
                        {
                            "name": "Farmer Mac", 
                            "count": 0, 
                            "value": 0
                        }, 
                        {
                            "name": "Private Securitization", 
                            "count": 10, 
                            "value": 1309
                        }, 
                        {
                            "name": "Commercial bank, savings bank or association", 
                            "count": 350, 
                            "value": 45376
                        }, 
                        {
                            "name": "Life insurance co., credit union, finance co.", 
                            "count": 280, 
                            "value": 37347
                        }, 
                        {
                            "name": "Affiliate institution", 
                            "count": 221, 
                            "value": 31767
                        }, 
                        {
                            "name": "Other", 
                            "count": 4147, 
                            "value": 614923
                        }
                    ]
                }, 
                {
                    "ethnicitie": "No co-applicant", 
                    "purchasers": [
                        {
                            "name": "Fannie Mae", 
                            "count": 0, 
                            "value": 0
                        }, 
                        {
                            "name": "Ginnie Mae", 
                            "count": 0, 
                            "value": 0
                        }, 
                        {
                            "name": "Freddie Mac", 
                            "count": 0, 
                            "value": 0
                        }, 
                        {
                            "name": "Farmer Mac", 
                            "count": 0, 
                            "value": 0
                        }, 
                        {
                            "name": "Private Securitization", 
                            "count": 0, 
                            "value": 0
                        }, 
                        {
                            "name": "Commercial bank, savings bank or association", 
                            "count": 0, 
                            "value": 0
                        }, 
                        {
                            "name": "Life insurance co., credit union, finance co.", 
                            "count": 0, 
                            "value": 0
                        }, 
                        {
                            "name": "Affiliate institution", 
                            "count": 0, 
                            "value": 0
                        }, 
                        {
                            "name": "Other", 
                            "count": 0, 
                            "value": 0
                        }
                    ]
                }
            ]
        }, 
        {
            "characteristic": "Minority Status", 
            "minoritystatuses": [
                {
                    "minoritystatuse": "White Non-Hispanic", 
                    "purchasers": [
                        {
                            "name": "Fannie Mae", 
                            "count": 6274, 
                            "value": 876665
                        }, 
                        {
                            "name": "Ginnie Mae", 
                            "count": 5850, 
                            "value": 823156
                        }, 
                        {
                            "name": "Freddie Mac", 
                            "count": 6183, 
                            "value": 834017
                        }, 
                        {
                            "name": "Farmer Mac", 
                            "count": 3, 
                            "value": 1267
                        }, 
                        {
                            "name": "Private Securitization", 
                            "count": 104, 
                            "value": 15008
                        }, 
                        {
                            "name": "Commercial bank, savings bank or association", 
                            "count": 1700, 
                            "value": 241827
                        }, 
                        {
                            "name": "Life insurance co., credit union, finance co.", 
                            "count": 1648, 
                            "value": 216727
                        }, 
                        {
                            "name": "Affiliate institution", 
                            "count": 987, 
                            "value": 115530
                        }, 
                        {
                            "name": "Other", 
                            "count": 21249, 
                            "value": 2676468
                        }
                    ]
                }, 
                {
                    "minoritystatuse": "Others, Including Hispanic", 
                    "purchasers": [
                        {
                            "name": "Fannie Mae", 
                            "count": 479, 
                            "value": 71435
                        }, 
                        {
                            "name": "Ginnie Mae", 
                            "count": 644, 
                            "value": 91133
                        }, 
                        {
                            "name": "Freddie Mac", 
                            "count": 336, 
                            "value": 48124
                        }, 
                        {
                            "name": "Farmer Mac", 
                            "count": 0, 
                            "value": 0
                        }, 
                        {
                            "name": "Private Securitization", 
                            "count": 9, 
                            "value": 1340
                        }, 
                        {
                            "name": "Commercial bank, savings bank or association", 
                            "count": 165, 
                            "value": 26415
                        }, 
                        {
                            "name": "Life insurance co., credit union, finance co.", 
                            "count": 227, 
                            "value": 27891
                        }, 
                        {
                            "name": "Affiliate institution", 
                            "count": 95, 
                            "value": 11818
                        }, 
                        {
                            "name": "Other", 
                            "count": 2455, 
                            "value": 291755
                        }
                    ]
                }
            ]
        }, 
        {
            "characteristic": "Applicant Income", 
            "applicantincomes": [
                {
                    "applicantincome": "Less than 50% of MSA/MD median", 
                    "purchasers": [
                        {
                            "name": "Fannie Mae", 
                            "count": 475, 
                            "value": 33897
                        }, 
                        {
                            "name": "Ginnie Mae", 
                            "count": 537, 
                            "value": 38219
                        }, 
                        {
                            "name": "Freddie Mac", 
                            "count": 440, 
                            "value": 32722
                        }, 
                        {
                            "name": "Farmer Mac", 
                            "count": 0, 
                            "value": 0
                        }, 
                        {
                            "name": "Private Securitization", 
                            "count": 8, 
                            "value": 508
                        }, 
                        {
                            "name": "Commercial bank, savings bank or association", 
                            "count": 154, 
                            "value": 11707
                        }, 
                        {
                            "name": "Life insurance co., credit union, finance co.", 
                            "count": 150, 
                            "value": 10345
                        }, 
                        {
                            "name": "Affiliate institution", 
                            "count": 89, 
                            "value": 5806
                        }, 
                        {
                            "name": "Other", 
                            "count": 2791, 
                            "value": 177794
                        }
                    ]
                }, 
                {
                    "applicantincome": "50-79% of MSA/MD median", 
                    "purchasers": [
                        {
                            "name": "Fannie Mae", 
                            "count": 1050, 
                            "value": 93699
                        }, 
                        {
                            "name": "Ginnie Mae", 
                            "count": 1069, 
                            "value": 105521
                        }, 
                        {
                            "name": "Freddie Mac", 
                            "count": 1025, 
                            "value": 91697
                        }, 
                        {
                            "name": "Farmer Mac", 
                            "count": 0, 
                            "value": 0
                        }, 
                        {
                            "name": "Private Securitization", 
                            "count": 20, 
                            "value": 1603
                        }, 
                        {
                            "name": "Commercial bank, savings bank or association", 
                            "count": 368, 
                            "value": 37083
                        }, 
                        {
                            "name": "Life insurance co., credit union, finance co.", 
                            "count": 374, 
                            "value": 35449
                        }, 
                        {
                            "name": "Affiliate institution", 
                            "count": 193, 
                            "value": 16269
                        }, 
                        {
                            "name": "Other", 
                            "count": 4572, 
                            "value": 382486
                        }
                    ]
                }, 
                {
                    "applicantincome": "80-99% of MSA/MD median", 
                    "purchasers": [
                        {
                            "name": "Fannie Mae", 
                            "count": 775, 
                            "value": 81903
                        }, 
                        {
                            "name": "Ginnie Mae", 
                            "count": 560, 
                            "value": 69265
                        }, 
                        {
                            "name": "Freddie Mac", 
                            "count": 734, 
                            "value": 80420
                        }, 
                        {
                            "name": "Farmer Mac", 
                            "count": 0, 
                            "value": 0
                        }, 
                        {
                            "name": "Private Securitization", 
                            "count": 11, 
                            "value": 1468
                        }, 
                        {
                            "name": "Commercial bank, savings bank or association", 
                            "count": 188, 
                            "value": 24369
                        }, 
                        {
                            "name": "Life insurance co., credit union, finance co.", 
                            "count": 209, 
                            "value": 23561
                        }, 
                        {
                            "name": "Affiliate institution", 
                            "count": 118, 
                            "value": 10773
                        }, 
                        {
                            "name": "Other", 
                            "count": 2739, 
                            "value": 273800
                        }
                    ]
                }, 
                {
                    "applicantincome": "100-119% of MSA/MD median", 
                    "purchasers": [
                        {
                            "name": "Fannie Mae", 
                            "count": 707, 
                            "value": 83593
                        }, 
                        {
                            "name": "Ginnie Mae", 
                            "count": 404, 
                            "value": 58116
                        }, 
                        {
                            "name": "Freddie Mac", 
                            "count": 699, 
                            "value": 82428
                        }, 
                        {
                            "name": "Farmer Mac", 
                            "count": 0, 
                            "value": 0
                        }, 
                        {
                            "name": "Private Securitization", 
                            "count": 9, 
                            "value": 1193
                        }, 
                        {
                            "name": "Commercial bank, savings bank or association", 
                            "count": 134, 
                            "value": 19304
                        }, 
                        {
                            "name": "Life insurance co., credit union, finance co.", 
                            "count": 171, 
                            "value": 20608
                        }, 
                        {
                            "name": "Affiliate institution", 
                            "count": 113, 
                            "value": 11696
                        }, 
                        {
                            "name": "Other", 
                            "count": 2236, 
                            "value": 251630
                        }
                    ]
                }, 
                {
                    "applicantincome": "120% or more of MSA/MD median", 
                    "purchasers": [
                        {
                            "name": "Fannie Mae", 
                            "count": 3464, 
                            "value": 599462
                        }, 
                        {
                            "name": "Ginnie Mae", 
                            "count": 1233, 
                            "value": 232166
                        }, 
                        {
                            "name": "Freddie Mac", 
                            "count": 3226, 
                            "value": 535659
                        }, 
                        {
                            "name": "Farmer Mac", 
                            "count": 3, 
                            "value": 1267
                        }, 
                        {
                            "name": "Private Securitization", 
                            "count": 65, 
                            "value": 11576
                        }, 
                        {
                            "name": "Commercial bank, savings bank or association", 
                            "count": 540, 
                            "value": 106582
                        }, 
                        {
                            "name": "Life insurance co., credit union, finance co.", 
                            "count": 577, 
                            "value": 95067
                        }, 
                        {
                            "name": "Affiliate institution", 
                            "count": 523, 
                            "value": 74551
                        }, 
                        {
                            "name": "Other", 
                            "count": 8609, 
                            "value": 1387424
                        }
                    ]
                }, 
                {
                    "applicantincome": "income not available", 
                    "purchasers": [
                        {
                            "name": "Fannie Mae", 
                            "count": 282, 
                            "value": 55546
                        }, 
                        {
                            "name": "Ginnie Mae", 
                            "count": 2691, 
                            "value": 411002
                        }, 
                        {
                            "name": "Freddie Mac", 
                            "count": 395, 
                            "value": 59215
                        }, 
                        {
                            "name": "Farmer Mac", 
                            "count": 0, 
                            "value": 0
                        }, 
                        {
                            "name": "Private Securitization", 
                            "count": 0, 
                            "value": 0
                        }, 
                        {
                            "name": "Commercial bank, savings bank or association", 
                            "count": 481, 
                            "value": 69197
                        }, 
                        {
                            "name": "Life insurance co., credit union, finance co.", 
                            "count": 394, 
                            "value": 59588
                        }, 
                        {
                            "name": "Affiliate institution", 
                            "count": 46, 
                            "value": 8253
                        }, 
                        {
                            "name": "Other", 
                            "count": 2757, 
                            "value": 495089
                        }
                    ]
                }
            ]
        }
    ], 
    "censuscharacteristics": [
        {
            "characteristic": "Racial/Ethnic Composition", 
            "tractpctminority": [
                {
                    "tractpctminorit": "Less than 10% minority", 
                    "purchasers": [
                        {
                            "name": "Fannie Mae", 
                            "count": 3113, 
                            "value": 435266
                        }, 
                        {
                            "name": "Ginnie Mae", 
                            "count": 2927, 
                            "value": 398664
                        }, 
                        {
                            "name": "Freddie Mac", 
                            "count": 3338, 
                            "value": 452645
                        }, 
                        {
                            "name": "Farmer Mac", 
                            "count": 3, 
                            "value": 1267
                        }, 
                        {
                            "name": "Private Securitization", 
                            "count": 50, 
                            "value": 6748
                        }, 
                        {
                            "name": "Commercial bank, savings bank or association", 
                            "count": 967, 
                            "value": 135226
                        }, 
                        {
                            "name": "Life insurance co., credit union, finance co.", 
                            "count": 895, 
                            "value": 116830
                        }, 
                        {
                            "name": "Affiliate institution", 
                            "count": 425, 
                            "value": 52259
                        }, 
                        {
                            "name": "Other", 
                            "count": 11489, 
                            "value": 1428805
                        }
                    ]
                }, 
                {
                    "tractpctminorit": "10-19% minority", 
                    "purchasers": [
                        {
                            "name": "Fannie Mae", 
                            "count": 3455, 
                            "value": 496731
                        }, 
                        {
                            "name": "Ginnie Mae", 
                            "count": 3304, 
                            "value": 493498
                        }, 
                        {
                            "name": "Freddie Mac", 
                            "count": 3023, 
                            "value": 416672
                        }, 
                        {
                            "name": "Farmer Mac", 
                            "count": 0, 
                            "value": 0
                        }, 
                        {
                            "name": "Private Securitization", 
                            "count": 59, 
                            "value": 9360
                        }, 
                        {
                            "name": "Commercial bank, savings bank or association", 
                            "count": 850, 
                            "value": 128583
                        }, 
                        {
                            "name": "Life insurance co., credit union, finance co.", 
                            "count": 937, 
                            "value": 124728
                        }, 
                        {
                            "name": "Affiliate institution", 
                            "count": 621, 
                            "value": 72434
                        }, 
                        {
                            "name": "Other", 
                            "count": 10707, 
                            "value": 1419850
                        }
                    ]
                }, 
                {
                    "tractpctminorit": "20-49% minority", 
                    "purchasers": [
                        {
                            "name": "Fannie Mae", 
                            "count": 98, 
                            "value": 10410
                        }, 
                        {
                            "name": "Ginnie Mae", 
                            "count": 141, 
                            "value": 13115
                        }, 
                        {
                            "name": "Freddie Mac", 
                            "count": 93, 
                            "value": 8116
                        }, 
                        {
                            "name": "Farmer Mac", 
                            "count": 0, 
                            "value": 0
                        }, 
                        {
                            "name": "Private Securitization", 
                            "count": 2, 
                            "value": 106
                        }, 
                        {
                            "name": "Commercial bank, savings bank or association", 
                            "count": 30, 
                            "value": 3257
                        }, 
                        {
                            "name": "Life insurance co., credit union, finance co.", 
                            "count": 23, 
                            "value": 1784
                        }, 
                        {
                            "name": "Affiliate institution", 
                            "count": 15, 
                            "value": 1164
                        }, 
                        {
                            "name": "Other", 
                            "count": 699, 
                            "value": 54686
                        }
                    ]
                }, 
                {
                    "tractpctminorit": "50-79% minority", 
                    "purchasers": [
                        {
                            "name": "Fannie Mae", 
                            "count": 87, 
                            "value": 5693
                        }, 
                        {
                            "name": "Ginnie Mae", 
                            "count": 122, 
                            "value": 9012
                        }, 
                        {
                            "name": "Freddie Mac", 
                            "count": 65, 
                            "value": 4708
                        }, 
                        {
                            "name": "Farmer Mac", 
                            "count": 0, 
                            "value": 0
                        }, 
                        {
                            "name": "Private Securitization", 
                            "count": 2, 
                            "value": 134
                        }, 
                        {
                            "name": "Commercial bank, savings bank or association", 
                            "count": 18, 
                            "value": 1176
                        }, 
                        {
                            "name": "Life insurance co., credit union, finance co.", 
                            "count": 20, 
                            "value": 1276
                        }, 
                        {
                            "name": "Affiliate institution", 
                            "count": 21, 
                            "value": 1491
                        }, 
                        {
                            "name": "Other", 
                            "count": 809, 
                            "value": 64882
                        }
                    ]
                }, 
                {
                    "tractpctminorit": "80-100% minority", 
                    "purchasers": [
                        {
                            "name": "Fannie Mae", 
                            "count": 0, 
                            "value": 0
                        }, 
                        {
                            "name": "Ginnie Mae", 
                            "count": 0, 
                            "value": 0
                        }, 
                        {
                            "name": "Freddie Mac", 
                            "count": 0, 
                            "value": 0
                        }, 
                        {
                            "name": "Farmer Mac", 
                            "count": 0, 
                            "value": 0
                        }, 
                        {
                            "name": "Private Securitization", 
                            "count": 0, 
                            "value": 0
                        }, 
                        {
                            "name": "Commercial bank, savings bank or association", 
                            "count": 0, 
                            "value": 0
                        }, 
                        {
                            "name": "Life insurance co., credit union, finance co.", 
                            "count": 0, 
                            "value": 0
                        }, 
                        {
                            "name": "Affiliate institution", 
                            "count": 0, 
                            "value": 0
                        }, 
                        {
                            "name": "Other", 
                            "count": 0, 
                            "value": 0
                        }
                    ]
                }
            ]
        }, 
        {
            "characteristic": "Income", 
            "incomelevel": [
                {
                    "incomeleve": "Low income", 
                    "purchasers": [
                        {
                            "name": "Fannie Mae", 
                            "count": 75, 
                            "value": 5761
                        }, 
                        {
                            "name": "Ginnie Mae", 
                            "count": 78, 
                            "value": 21896
                        }, 
                        {
                            "name": "Freddie Mac", 
                            "count": 60, 
                            "value": 4687
                        }, 
                        {
                            "name": "Farmer Mac", 
                            "count": 0, 
                            "value": 0
                        }, 
                        {
                            "name": "Private Securitization", 
                            "count": 1, 
                            "value": 135
                        }, 
                        {
                            "name": "Commercial bank, savings bank or association", 
                            "count": 14, 
                            "value": 1368
                        }, 
                        {
                            "name": "Life insurance co., credit union, finance co.", 
                            "count": 24, 
                            "value": 2118
                        }, 
                        {
                            "name": "Affiliate institution", 
                            "count": 9, 
                            "value": 739
                        }, 
                        {
                            "name": "Other", 
                            "count": 531, 
                            "value": 37187
                        }
                    ]
                }, 
                {
                    "incomeleve": "Moderate income", 
                    "purchasers": [
                        {
                            "name": "Fannie Mae", 
                            "count": 507, 
                            "value": 56414
                        }, 
                        {
                            "name": "Ginnie Mae", 
                            "count": 802, 
                            "value": 90296
                        }, 
                        {
                            "name": "Freddie Mac", 
                            "count": 430, 
                            "value": 38435
                        }, 
                        {
                            "name": "Farmer Mac", 
                            "count": 0, 
                            "value": 0
                        }, 
                        {
                            "name": "Private Securitization", 
                            "count": 7, 
                            "value": 782
                        }, 
                        {
                            "name": "Commercial bank, savings bank or association", 
                            "count": 149, 
                            "value": 15195
                        }, 
                        {
                            "name": "Life insurance co., credit union, finance co.", 
                            "count": 167, 
                            "value": 14062
                        }, 
                        {
                            "name": "Affiliate institution", 
                            "count": 97, 
                            "value": 8280
                        }, 
                        {
                            "name": "Other", 
                            "count": 3003, 
                            "value": 246429
                        }
                    ]
                }, 
                {
                    "incomeleve": "Middle income", 
                    "purchasers": [
                        {
                            "name": "Fannie Mae", 
                            "count": 2672, 
                            "value": 295495
                        }, 
                        {
                            "name": "Ginnie Mae", 
                            "count": 2985, 
                            "value": 344415
                        }, 
                        {
                            "name": "Freddie Mac", 
                            "count": 2692, 
                            "value": 304046
                        }, 
                        {
                            "name": "Farmer Mac", 
                            "count": 3, 
                            "value": 1267
                        }, 
                        {
                            "name": "Private Securitization", 
                            "count": 32, 
                            "value": 2856
                        }, 
                        {
                            "name": "Commercial bank, savings bank or association", 
                            "count": 851, 
                            "value": 100466
                        }, 
                        {
                            "name": "Life insurance co., credit union, finance co.", 
                            "count": 783, 
                            "value": 84511
                        }, 
                        {
                            "name": "Affiliate institution", 
                            "count": 403, 
                            "value": 39636
                        }, 
                        {
                            "name": "Other", 
                            "count": 11018, 
                            "value": 1164135
                        }
                    ]
                }, 
                {
                    "incomeleve": "Upper income", 
                    "purchasers": [
                        {
                            "name": "Fannie Mae", 
                            "count": 3499, 
                            "value": 590430
                        }, 
                        {
                            "name": "Ginnie Mae", 
                            "count": 2629, 
                            "value": 457682
                        }, 
                        {
                            "name": "Freddie Mac", 
                            "count": 3337, 
                            "value": 534973
                        }, 
                        {
                            "name": "Farmer Mac", 
                            "count": 0, 
                            "value": 0
                        }, 
                        {
                            "name": "Private Securitization", 
                            "count": 73, 
                            "value": 12575
                        }, 
                        {
                            "name": "Commercial bank, savings bank or association", 
                            "count": 851, 
                            "value": 151213
                        }, 
                        {
                            "name": "Life insurance co., credit union, finance co.", 
                            "count": 901, 
                            "value": 143927
                        }, 
                        {
                            "name": "Affiliate institution", 
                            "count": 573, 
                            "value": 78693
                        }, 
                        {
                            "name": "Other", 
                            "count": 9152, 
                            "value": 1520472
                        }
                    ]
                }
            ]
        }
    ], 
    "total": {
        "purchasers": [
            {
                "name": "Fannie Mae", 
                "count": 6753, 
                "value": 948100
            }, 
            {
                "name": "Ginnie Mae", 
                "count": 6494, 
                "value": 914289
            }, 
            {
                "name": "Freddie Mac", 
                "count": 6519, 
                "value": 882141
            }, 
            {
                "name": "Farmer Mac", 
                "count": 3, 
                "value": 1267
            }, 
            {
                "name": "Private Securitization", 
                "count": 113, 
                "value": 16348
            }, 
            {
                "name": "Commercial bank, savings bank or association", 
                "count": 1865, 
                "value": 268242
            }, 
            {
                "name": "Life insurance co., credit union, finance co.", 
                "count": 1875, 
                "value": 244618
            }, 
            {
                "name": "Affiliate institution", 
                "count": 1082, 
                "value": 127348
            }, 
            {
                "name": "Other", 
                "count": 23704, 
                "value": 2968223
            }
        ]
    }
}