{
    "table": "3-1", 
    "type": "aggregate", 
    "desc": "Loans sold. By characteristics of borrower and census tract in which property is located and by type of purchaser (includes originations and purchased loans).", 
    "year": "2012", 
    "msa": {
        "id": "30700", 
        "name": "Lincoln", 
        "state": "NE", 
        "state_name": "Nebraska"
    }, 
    "borrowercharacteristics": [
        {
            "characteristic": "Race", 
            "races": [
                {
                    "race": "American Indian/Alaska Native", 
                    "purchasers": [
                        {
                            "name": "Fannie Mae", 
                            "count": 0, 
                            "value": 0
                        }, 
                        {
                            "name": "Ginnie Mae", 
                            "count": 0, 
                            "value": 0
                        }, 
                        {
                            "name": "Freddie Mac", 
                            "count": 0, 
                            "value": 0
                        }, 
                        {
                            "name": "Farmer Mac", 
                            "count": 0, 
                            "value": 0
                        }, 
                        {
                            "name": "Private Securitization", 
                            "count": 0, 
                            "value": 0
                        }, 
                        {
                            "name": "Commercial bank, savings bank or association", 
                            "count": 0, 
                            "value": 0
                        }, 
                        {
                            "name": "Life insurance co., credit union, finance co.", 
                            "count": 0, 
                            "value": 0
                        }, 
                        {
                            "name": "Affiliate institution", 
                            "count": 0, 
                            "value": 0
                        }, 
                        {
                            "name": "Other", 
                            "count": 0, 
                            "value": 0
                        }
                    ]
                }, 
                {
                    "race": "Asian", 
                    "purchasers": [
                        {
                            "name": "Fannie Mae", 
                            "count": 1, 
                            "value": 112.0
                        }, 
                        {
                            "name": "Ginnie Mae", 
                            "count": 0, 
                            "value": 0
                        }, 
                        {
                            "name": "Freddie Mac", 
                            "count": 0, 
                            "value": 0
                        }, 
                        {
                            "name": "Farmer Mac", 
                            "count": 0, 
                            "value": 0
                        }, 
                        {
                            "name": "Private Securitization", 
                            "count": 0, 
                            "value": 0
                        }, 
                        {
                            "name": "Commercial bank, savings bank or association", 
                            "count": 0, 
                            "value": 0
                        }, 
                        {
                            "name": "Life insurance co., credit union, finance co.", 
                            "count": 0, 
                            "value": 0
                        }, 
                        {
                            "name": "Affiliate institution", 
                            "count": 0, 
                            "value": 0
                        }, 
                        {
                            "name": "Other", 
                            "count": 6, 
                            "value": 480.0
                        }
                    ]
                }, 
                {
                    "race": "Black or African American", 
                    "purchasers": [
                        {
                            "name": "Fannie Mae", 
                            "count": 58, 
                            "value": 8078.0
                        }, 
                        {
                            "name": "Ginnie Mae", 
                            "count": 18, 
                            "value": 2448.0
                        }, 
                        {
                            "name": "Freddie Mac", 
                            "count": 18, 
                            "value": 2578.0
                        }, 
                        {
                            "name": "Farmer Mac", 
                            "count": 0, 
                            "value": 0
                        }, 
                        {
                            "name": "Private Securitization", 
                            "count": 0, 
                            "value": 0
                        }, 
                        {
                            "name": "Commercial bank, savings bank or association", 
                            "count": 26, 
                            "value": 3704.0
                        }, 
                        {
                            "name": "Life insurance co., credit union, finance co.", 
                            "count": 16, 
                            "value": 3001.0
                        }, 
                        {
                            "name": "Affiliate institution", 
                            "count": 2, 
                            "value": 166.0
                        }, 
                        {
                            "name": "Other", 
                            "count": 163, 
                            "value": 20031.0
                        }
                    ]
                }, 
                {
                    "race": "Native Hawaiian or Pacific Islander", 
                    "purchasers": [
                        {
                            "name": "Fannie Mae", 
                            "count": 3, 
                            "value": 350.0
                        }, 
                        {
                            "name": "Ginnie Mae", 
                            "count": 6, 
                            "value": 784.0
                        }, 
                        {
                            "name": "Freddie Mac", 
                            "count": 6, 
                            "value": 543.0
                        }, 
                        {
                            "name": "Farmer Mac", 
                            "count": 0, 
                            "value": 0
                        }, 
                        {
                            "name": "Private Securitization", 
                            "count": 0, 
                            "value": 0
                        }, 
                        {
                            "name": "Commercial bank, savings bank or association", 
                            "count": 0, 
                            "value": 0
                        }, 
                        {
                            "name": "Life insurance co., credit union, finance co.", 
                            "count": 2, 
                            "value": 138.0
                        }, 
                        {
                            "name": "Affiliate institution", 
                            "count": 0, 
                            "value": 0
                        }, 
                        {
                            "name": "Other", 
                            "count": 24, 
                            "value": 2727.0
                        }
                    ]
                }, 
                {
                    "race": "White", 
                    "purchasers": [
                        {
                            "name": "Fannie Mae", 
                            "count": 0, 
                            "value": 0
                        }, 
                        {
                            "name": "Ginnie Mae", 
                            "count": 0, 
                            "value": 0
                        }, 
                        {
                            "name": "Freddie Mac", 
                            "count": 0, 
                            "value": 0
                        }, 
                        {
                            "name": "Farmer Mac", 
                            "count": 0, 
                            "value": 0
                        }, 
                        {
                            "name": "Private Securitization", 
                            "count": 0, 
                            "value": 0
                        }, 
                        {
                            "name": "Commercial bank, savings bank or association", 
                            "count": 0, 
                            "value": 0
                        }, 
                        {
                            "name": "Life insurance co., credit union, finance co.", 
                            "count": 0, 
                            "value": 0
                        }, 
                        {
                            "name": "Affiliate institution", 
                            "count": 0, 
                            "value": 0
                        }, 
                        {
                            "name": "Other", 
                            "count": 4, 
                            "value": 353.0
                        }
                    ]
                }, 
                {
                    "race": "2 or more minority races", 
                    "purchasers": [
                        {
                            "name": "Fannie Mae", 
                            "count": 2721, 
                            "value": 441348.0
                        }, 
                        {
                            "name": "Ginnie Mae", 
                            "count": 1017, 
                            "value": 158286.0
                        }, 
                        {
                            "name": "Freddie Mac", 
                            "count": 1144, 
                            "value": 186800.0
                        }, 
                        {
                            "name": "Farmer Mac", 
                            "count": 0, 
                            "value": 0
                        }, 
                        {
                            "name": "Private Securitization", 
                            "count": 9, 
                            "value": 1268.0
                        }, 
                        {
                            "name": "Commercial bank, savings bank or association", 
                            "count": 1437, 
                            "value": 243476.0
                        }, 
                        {
                            "name": "Life insurance co., credit union, finance co.", 
                            "count": 1015, 
                            "value": 165002.0
                        }, 
                        {
                            "name": "Affiliate institution", 
                            "count": 137, 
                            "value": 15717.0
                        }, 
                        {
                            "name": "Other", 
                            "count": 5119, 
                            "value": 729997.0
                        }
                    ]
                }, 
                {
                    "race": "Joint", 
                    "purchasers": [
                        {
                            "name": "Fannie Mae", 
                            "count": 126, 
                            "value": 19102.0
                        }, 
                        {
                            "name": "Ginnie Mae", 
                            "count": 67, 
                            "value": 9577.0
                        }, 
                        {
                            "name": "Freddie Mac", 
                            "count": 38, 
                            "value": 6537.0
                        }, 
                        {
                            "name": "Farmer Mac", 
                            "count": 0, 
                            "value": 0
                        }, 
                        {
                            "name": "Private Securitization", 
                            "count": 3, 
                            "value": 638.0
                        }, 
                        {
                            "name": "Commercial bank, savings bank or association", 
                            "count": 31, 
                            "value": 5208.0
                        }, 
                        {
                            "name": "Life insurance co., credit union, finance co.", 
                            "count": 38, 
                            "value": 7673.0
                        }, 
                        {
                            "name": "Affiliate institution", 
                            "count": 14, 
                            "value": 1590.0
                        }, 
                        {
                            "name": "Other", 
                            "count": 468, 
                            "value": 68711.0
                        }
                    ]
                }, 
                {
                    "race": "Not Provided", 
                    "purchasers": [
                        {
                            "name": "Fannie Mae", 
                            "count": 1360, 
                            "value": 228832.0
                        }, 
                        {
                            "name": "Ginnie Mae", 
                            "count": 474, 
                            "value": 65426.0
                        }, 
                        {
                            "name": "Freddie Mac", 
                            "count": 379, 
                            "value": 58220.0
                        }, 
                        {
                            "name": "Farmer Mac", 
                            "count": 0, 
                            "value": 0
                        }, 
                        {
                            "name": "Private Securitization", 
                            "count": 0, 
                            "value": 0
                        }, 
                        {
                            "name": "Commercial bank, savings bank or association", 
                            "count": 111, 
                            "value": 20692.0
                        }, 
                        {
                            "name": "Life insurance co., credit union, finance co.", 
                            "count": 3, 
                            "value": 414.0
                        }, 
                        {
                            "name": "Affiliate institution", 
                            "count": 103, 
                            "value": 15755.0
                        }, 
                        {
                            "name": "Other", 
                            "count": 333, 
                            "value": 48891.0
                        }
                    ]
                }, 
                {
                    "race": "Not Applicable", 
                    "purchasers": [
                        {
                            "name": "Fannie Mae", 
                            "count": 1706, 
                            "value": 221803.0
                        }, 
                        {
                            "name": "Ginnie Mae", 
                            "count": 951, 
                            "value": 122665.0
                        }, 
                        {
                            "name": "Freddie Mac", 
                            "count": 615, 
                            "value": 75593.0
                        }, 
                        {
                            "name": "Farmer Mac", 
                            "count": 0, 
                            "value": 0
                        }, 
                        {
                            "name": "Private Securitization", 
                            "count": 4, 
                            "value": 573.0
                        }, 
                        {
                            "name": "Commercial bank, savings bank or association", 
                            "count": 799, 
                            "value": 107505.0
                        }, 
                        {
                            "name": "Life insurance co., credit union, finance co.", 
                            "count": 471, 
                            "value": 59938.0
                        }, 
                        {
                            "name": "Affiliate institution", 
                            "count": 122, 
                            "value": 12611.0
                        }, 
                        {
                            "name": "Other", 
                            "count": 4179, 
                            "value": 475857.0
                        }
                    ]
                }, 
                {
                    "race": "No co-applicant", 
                    "purchasers": [
                        {
                            "name": "Fannie Mae", 
                            "count": 0, 
                            "value": 0
                        }, 
                        {
                            "name": "Ginnie Mae", 
                            "count": 0, 
                            "value": 0
                        }, 
                        {
                            "name": "Freddie Mac", 
                            "count": 0, 
                            "value": 0
                        }, 
                        {
                            "name": "Farmer Mac", 
                            "count": 0, 
                            "value": 0
                        }, 
                        {
                            "name": "Private Securitization", 
                            "count": 0, 
                            "value": 0
                        }, 
                        {
                            "name": "Commercial bank, savings bank or association", 
                            "count": 0, 
                            "value": 0
                        }, 
                        {
                            "name": "Life insurance co., credit union, finance co.", 
                            "count": 0, 
                            "value": 0
                        }, 
                        {
                            "name": "Affiliate institution", 
                            "count": 0, 
                            "value": 0
                        }, 
                        {
                            "name": "Other", 
                            "count": 0, 
                            "value": 0
                        }
                    ]
                }
            ]
        }, 
        {
            "characteristic": "Ethnicity", 
            "ethnicities": [
                {
                    "ethnicitie": "Hispanic or Latino", 
                    "purchasers": [
                        {
                            "name": "Fannie Mae", 
                            "count": 10, 
                            "value": 1090
                        }, 
                        {
                            "name": "Ginnie Mae", 
                            "count": 8, 
                            "value": 1009
                        }, 
                        {
                            "name": "Freddie Mac", 
                            "count": 2, 
                            "value": 290
                        }, 
                        {
                            "name": "Farmer Mac", 
                            "count": 0, 
                            "value": 0
                        }, 
                        {
                            "name": "Private Securitization", 
                            "count": 0, 
                            "value": 0
                        }, 
                        {
                            "name": "Commercial bank, savings bank or association", 
                            "count": 10, 
                            "value": 1243
                        }, 
                        {
                            "name": "Life insurance co., credit union, finance co.", 
                            "count": 5, 
                            "value": 662
                        }, 
                        {
                            "name": "Affiliate institution", 
                            "count": 0, 
                            "value": 0
                        }, 
                        {
                            "name": "Other", 
                            "count": 53, 
                            "value": 5950
                        }
                    ]
                }, 
                {
                    "ethnicitie": "Not Hispanic or Latino", 
                    "purchasers": [
                        {
                            "name": "Fannie Mae", 
                            "count": 4029, 
                            "value": 607993
                        }, 
                        {
                            "name": "Ginnie Mae", 
                            "count": 1796, 
                            "value": 258724
                        }, 
                        {
                            "name": "Freddie Mac", 
                            "count": 1701, 
                            "value": 254389
                        }, 
                        {
                            "name": "Farmer Mac", 
                            "count": 0, 
                            "value": 0
                        }, 
                        {
                            "name": "Private Securitization", 
                            "count": 14, 
                            "value": 2164
                        }, 
                        {
                            "name": "Commercial bank, savings bank or association", 
                            "count": 2156, 
                            "value": 338618
                        }, 
                        {
                            "name": "Life insurance co., credit union, finance co.", 
                            "count": 1463, 
                            "value": 221465
                        }, 
                        {
                            "name": "Affiliate institution", 
                            "count": 188, 
                            "value": 20071
                        }, 
                        {
                            "name": "Other", 
                            "count": 8630, 
                            "value": 1093519
                        }
                    ]
                }, 
                {
                    "ethnicitie": "Not provided", 
                    "purchasers": [
                        {
                            "name": "Fannie Mae", 
                            "count": 67, 
                            "value": 10267
                        }, 
                        {
                            "name": "Ginnie Mae", 
                            "count": 49, 
                            "value": 6207
                        }, 
                        {
                            "name": "Freddie Mac", 
                            "count": 35, 
                            "value": 4820
                        }, 
                        {
                            "name": "Farmer Mac", 
                            "count": 0, 
                            "value": 0
                        }, 
                        {
                            "name": "Private Securitization", 
                            "count": 0, 
                            "value": 0
                        }, 
                        {
                            "name": "Commercial bank, savings bank or association", 
                            "count": 39, 
                            "value": 5344
                        }, 
                        {
                            "name": "Life insurance co., credit union, finance co.", 
                            "count": 30, 
                            "value": 4826
                        }, 
                        {
                            "name": "Affiliate institution", 
                            "count": 4, 
                            "value": 761
                        }, 
                        {
                            "name": "Other", 
                            "count": 207, 
                            "value": 22313
                        }
                    ]
                }, 
                {
                    "ethnicitie": "Not applicable", 
                    "purchasers": [
                        {
                            "name": "Fannie Mae", 
                            "count": 1869, 
                            "value": 300275
                        }, 
                        {
                            "name": "Ginnie Mae", 
                            "count": 680, 
                            "value": 93246
                        }, 
                        {
                            "name": "Freddie Mac", 
                            "count": 462, 
                            "value": 70772
                        }, 
                        {
                            "name": "Farmer Mac", 
                            "count": 0, 
                            "value": 0
                        }, 
                        {
                            "name": "Private Securitization", 
                            "count": 2, 
                            "value": 315
                        }, 
                        {
                            "name": "Commercial bank, savings bank or association", 
                            "count": 199, 
                            "value": 35380
                        }, 
                        {
                            "name": "Life insurance co., credit union, finance co.", 
                            "count": 47, 
                            "value": 9213
                        }, 
                        {
                            "name": "Affiliate institution", 
                            "count": 186, 
                            "value": 25007
                        }, 
                        {
                            "name": "Other", 
                            "count": 1406, 
                            "value": 225265
                        }
                    ]
                }, 
                {
                    "ethnicitie": "No co-applicant", 
                    "purchasers": [
                        {
                            "name": "Fannie Mae", 
                            "count": 0, 
                            "value": 0
                        }, 
                        {
                            "name": "Ginnie Mae", 
                            "count": 0, 
                            "value": 0
                        }, 
                        {
                            "name": "Freddie Mac", 
                            "count": 0, 
                            "value": 0
                        }, 
                        {
                            "name": "Farmer Mac", 
                            "count": 0, 
                            "value": 0
                        }, 
                        {
                            "name": "Private Securitization", 
                            "count": 0, 
                            "value": 0
                        }, 
                        {
                            "name": "Commercial bank, savings bank or association", 
                            "count": 0, 
                            "value": 0
                        }, 
                        {
                            "name": "Life insurance co., credit union, finance co.", 
                            "count": 0, 
                            "value": 0
                        }, 
                        {
                            "name": "Affiliate institution", 
                            "count": 0, 
                            "value": 0
                        }, 
                        {
                            "name": "Other", 
                            "count": 0, 
                            "value": 0
                        }
                    ]
                }
            ]
        }, 
        {
            "characteristic": "Minority Status", 
            "minoritystatuses": [
                {
                    "minoritystatuse": "White Non-Hispanic", 
                    "purchasers": [
                        {
                            "name": "Fannie Mae", 
                            "count": 5762, 
                            "value": 888929
                        }, 
                        {
                            "name": "Ginnie Mae", 
                            "count": 2396, 
                            "value": 341124
                        }, 
                        {
                            "name": "Freddie Mac", 
                            "count": 2108, 
                            "value": 318088
                        }, 
                        {
                            "name": "Farmer Mac", 
                            "count": 0, 
                            "value": 0
                        }, 
                        {
                            "name": "Private Securitization", 
                            "count": 16, 
                            "value": 2479
                        }, 
                        {
                            "name": "Commercial bank, savings bank or association", 
                            "count": 2279, 
                            "value": 363239
                        }, 
                        {
                            "name": "Life insurance co., credit union, finance co.", 
                            "count": 1468, 
                            "value": 223896
                        }, 
                        {
                            "name": "Affiliate institution", 
                            "count": 368, 
                            "value": 44454
                        }, 
                        {
                            "name": "Other", 
                            "count": 9579, 
                            "value": 1265823
                        }
                    ]
                }, 
                {
                    "minoritystatuse": "Others, Including Hispanic", 
                    "purchasers": [
                        {
                            "name": "Fannie Mae", 
                            "count": 213, 
                            "value": 30696
                        }, 
                        {
                            "name": "Ginnie Mae", 
                            "count": 137, 
                            "value": 18062
                        }, 
                        {
                            "name": "Freddie Mac", 
                            "count": 92, 
                            "value": 12183
                        }, 
                        {
                            "name": "Farmer Mac", 
                            "count": 0, 
                            "value": 0
                        }, 
                        {
                            "name": "Private Securitization", 
                            "count": 0, 
                            "value": 0
                        }, 
                        {
                            "name": "Commercial bank, savings bank or association", 
                            "count": 125, 
                            "value": 17346
                        }, 
                        {
                            "name": "Life insurance co., credit union, finance co.", 
                            "count": 77, 
                            "value": 12270
                        }, 
                        {
                            "name": "Affiliate institution", 
                            "count": 10, 
                            "value": 1385
                        }, 
                        {
                            "name": "Other", 
                            "count": 717, 
                            "value": 81224
                        }
                    ]
                }
            ]
        }, 
        {
            "characteristic": "Applicant Income", 
            "applicantincomes": [
                {
                    "applicantincome": "Less than 50% of MSA/MD median", 
                    "purchasers": [
                        {
                            "name": "Fannie Mae", 
                            "count": 345, 
                            "value": 29394
                        }, 
                        {
                            "name": "Ginnie Mae", 
                            "count": 166, 
                            "value": 16445
                        }, 
                        {
                            "name": "Freddie Mac", 
                            "count": 134, 
                            "value": 11496
                        }, 
                        {
                            "name": "Farmer Mac", 
                            "count": 0, 
                            "value": 0
                        }, 
                        {
                            "name": "Private Securitization", 
                            "count": 0, 
                            "value": 0
                        }, 
                        {
                            "name": "Commercial bank, savings bank or association", 
                            "count": 188, 
                            "value": 16920
                        }, 
                        {
                            "name": "Life insurance co., credit union, finance co.", 
                            "count": 104, 
                            "value": 9314
                        }, 
                        {
                            "name": "Affiliate institution", 
                            "count": 42, 
                            "value": 3399
                        }, 
                        {
                            "name": "Other", 
                            "count": 1307, 
                            "value": 103674
                        }
                    ]
                }, 
                {
                    "applicantincome": "50-79% of MSA/MD median", 
                    "purchasers": [
                        {
                            "name": "Fannie Mae", 
                            "count": 849, 
                            "value": 90232
                        }, 
                        {
                            "name": "Ginnie Mae", 
                            "count": 455, 
                            "value": 57774
                        }, 
                        {
                            "name": "Freddie Mac", 
                            "count": 389, 
                            "value": 41013
                        }, 
                        {
                            "name": "Farmer Mac", 
                            "count": 0, 
                            "value": 0
                        }, 
                        {
                            "name": "Private Securitization", 
                            "count": 4, 
                            "value": 390
                        }, 
                        {
                            "name": "Commercial bank, savings bank or association", 
                            "count": 468, 
                            "value": 54061
                        }, 
                        {
                            "name": "Life insurance co., credit union, finance co.", 
                            "count": 327, 
                            "value": 36027
                        }, 
                        {
                            "name": "Affiliate institution", 
                            "count": 81, 
                            "value": 7021
                        }, 
                        {
                            "name": "Other", 
                            "count": 2041, 
                            "value": 199178
                        }
                    ]
                }, 
                {
                    "applicantincome": "80-99% of MSA/MD median", 
                    "purchasers": [
                        {
                            "name": "Fannie Mae", 
                            "count": 664, 
                            "value": 84834
                        }, 
                        {
                            "name": "Ginnie Mae", 
                            "count": 257, 
                            "value": 36269
                        }, 
                        {
                            "name": "Freddie Mac", 
                            "count": 237, 
                            "value": 29241
                        }, 
                        {
                            "name": "Farmer Mac", 
                            "count": 0, 
                            "value": 0
                        }, 
                        {
                            "name": "Private Securitization", 
                            "count": 3, 
                            "value": 450
                        }, 
                        {
                            "name": "Commercial bank, savings bank or association", 
                            "count": 327, 
                            "value": 45854
                        }, 
                        {
                            "name": "Life insurance co., credit union, finance co.", 
                            "count": 213, 
                            "value": 27895
                        }, 
                        {
                            "name": "Affiliate institution", 
                            "count": 54, 
                            "value": 5497
                        }, 
                        {
                            "name": "Other", 
                            "count": 1205, 
                            "value": 130995
                        }
                    ]
                }, 
                {
                    "applicantincome": "100-119% of MSA/MD median", 
                    "purchasers": [
                        {
                            "name": "Fannie Mae", 
                            "count": 611, 
                            "value": 87650
                        }, 
                        {
                            "name": "Ginnie Mae", 
                            "count": 208, 
                            "value": 32605
                        }, 
                        {
                            "name": "Freddie Mac", 
                            "count": 235, 
                            "value": 33539
                        }, 
                        {
                            "name": "Farmer Mac", 
                            "count": 0, 
                            "value": 0
                        }, 
                        {
                            "name": "Private Securitization", 
                            "count": 2, 
                            "value": 334
                        }, 
                        {
                            "name": "Commercial bank, savings bank or association", 
                            "count": 282, 
                            "value": 43632
                        }, 
                        {
                            "name": "Life insurance co., credit union, finance co.", 
                            "count": 174, 
                            "value": 26341
                        }, 
                        {
                            "name": "Affiliate institution", 
                            "count": 38, 
                            "value": 4752
                        }, 
                        {
                            "name": "Other", 
                            "count": 1020, 
                            "value": 125728
                        }
                    ]
                }, 
                {
                    "applicantincome": "120% or more of MSA/MD median", 
                    "purchasers": [
                        {
                            "name": "Fannie Mae", 
                            "count": 2037, 
                            "value": 377485
                        }, 
                        {
                            "name": "Ginnie Mae", 
                            "count": 310, 
                            "value": 57716
                        }, 
                        {
                            "name": "Freddie Mac", 
                            "count": 870, 
                            "value": 158434
                        }, 
                        {
                            "name": "Farmer Mac", 
                            "count": 0, 
                            "value": 0
                        }, 
                        {
                            "name": "Private Securitization", 
                            "count": 7, 
                            "value": 1305
                        }, 
                        {
                            "name": "Commercial bank, savings bank or association", 
                            "count": 900, 
                            "value": 177844
                        }, 
                        {
                            "name": "Life insurance co., credit union, finance co.", 
                            "count": 676, 
                            "value": 128947
                        }, 
                        {
                            "name": "Affiliate institution", 
                            "count": 151, 
                            "value": 23300
                        }, 
                        {
                            "name": "Other", 
                            "count": 3338, 
                            "value": 567661
                        }
                    ]
                }, 
                {
                    "applicantincome": "income not available", 
                    "purchasers": [
                        {
                            "name": "Fannie Mae", 
                            "count": 1469, 
                            "value": 250030
                        }, 
                        {
                            "name": "Ginnie Mae", 
                            "count": 1137, 
                            "value": 158377
                        }, 
                        {
                            "name": "Freddie Mac", 
                            "count": 335, 
                            "value": 56548
                        }, 
                        {
                            "name": "Farmer Mac", 
                            "count": 0, 
                            "value": 0
                        }, 
                        {
                            "name": "Private Securitization", 
                            "count": 0, 
                            "value": 0
                        }, 
                        {
                            "name": "Commercial bank, savings bank or association", 
                            "count": 239, 
                            "value": 42274
                        }, 
                        {
                            "name": "Life insurance co., credit union, finance co.", 
                            "count": 50, 
                            "value": 7557
                        }, 
                        {
                            "name": "Affiliate institution", 
                            "count": 12, 
                            "value": 1870
                        }, 
                        {
                            "name": "Other", 
                            "count": 1358, 
                            "value": 217695
                        }
                    ]
                }
            ]
        }
    ], 
    "censuscharacteristics": [
        {
            "characteristic": "Racial/Ethnic Composition", 
            "tractpctminority": [
                {
                    "tractpctminorit": "Less than 10% minority", 
                    "purchasers": [
                        {
                            "name": "Fannie Mae", 
                            "count": 3689, 
                            "value": 627686
                        }, 
                        {
                            "name": "Ginnie Mae", 
                            "count": 1229, 
                            "value": 192564
                        }, 
                        {
                            "name": "Freddie Mac", 
                            "count": 1318, 
                            "value": 219464
                        }, 
                        {
                            "name": "Farmer Mac", 
                            "count": 0, 
                            "value": 0
                        }, 
                        {
                            "name": "Private Securitization", 
                            "count": 10, 
                            "value": 1566
                        }, 
                        {
                            "name": "Commercial bank, savings bank or association", 
                            "count": 1498, 
                            "value": 259549
                        }, 
                        {
                            "name": "Life insurance co., credit union, finance co.", 
                            "count": 967, 
                            "value": 163573
                        }, 
                        {
                            "name": "Affiliate institution", 
                            "count": 207, 
                            "value": 28590
                        }, 
                        {
                            "name": "Other", 
                            "count": 5316, 
                            "value": 799817
                        }
                    ]
                }, 
                {
                    "tractpctminorit": "10-19% minority", 
                    "purchasers": [
                        {
                            "name": "Fannie Mae", 
                            "count": 2280, 
                            "value": 291572
                        }, 
                        {
                            "name": "Ginnie Mae", 
                            "count": 1303, 
                            "value": 166500
                        }, 
                        {
                            "name": "Freddie Mac", 
                            "count": 881, 
                            "value": 110754
                        }, 
                        {
                            "name": "Farmer Mac", 
                            "count": 0, 
                            "value": 0
                        }, 
                        {
                            "name": "Private Securitization", 
                            "count": 6, 
                            "value": 913
                        }, 
                        {
                            "name": "Commercial bank, savings bank or association", 
                            "count": 906, 
                            "value": 121036
                        }, 
                        {
                            "name": "Life insurance co., credit union, finance co.", 
                            "count": 576, 
                            "value": 72448
                        }, 
                        {
                            "name": "Affiliate institution", 
                            "count": 171, 
                            "value": 17249
                        }, 
                        {
                            "name": "Other", 
                            "count": 4910, 
                            "value": 539435
                        }
                    ]
                }, 
                {
                    "tractpctminorit": "20-49% minority", 
                    "purchasers": [
                        {
                            "name": "Fannie Mae", 
                            "count": 6, 
                            "value": 367
                        }, 
                        {
                            "name": "Ginnie Mae", 
                            "count": 1, 
                            "value": 122
                        }, 
                        {
                            "name": "Freddie Mac", 
                            "count": 1, 
                            "value": 53
                        }, 
                        {
                            "name": "Farmer Mac", 
                            "count": 0, 
                            "value": 0
                        }, 
                        {
                            "name": "Private Securitization", 
                            "count": 0, 
                            "value": 0
                        }, 
                        {
                            "name": "Commercial bank, savings bank or association", 
                            "count": 0, 
                            "value": 0
                        }, 
                        {
                            "name": "Life insurance co., credit union, finance co.", 
                            "count": 1, 
                            "value": 60
                        }, 
                        {
                            "name": "Affiliate institution", 
                            "count": 0, 
                            "value": 0
                        }, 
                        {
                            "name": "Other", 
                            "count": 42, 
                            "value": 5589
                        }
                    ]
                }, 
                {
                    "tractpctminorit": "50-79% minority", 
                    "purchasers": [
                        {
                            "name": "Fannie Mae", 
                            "count": 0, 
                            "value": 0
                        }, 
                        {
                            "name": "Ginnie Mae", 
                            "count": 0, 
                            "value": 0
                        }, 
                        {
                            "name": "Freddie Mac", 
                            "count": 0, 
                            "value": 0
                        }, 
                        {
                            "name": "Farmer Mac", 
                            "count": 0, 
                            "value": 0
                        }, 
                        {
                            "name": "Private Securitization", 
                            "count": 0, 
                            "value": 0
                        }, 
                        {
                            "name": "Commercial bank, savings bank or association", 
                            "count": 0, 
                            "value": 0
                        }, 
                        {
                            "name": "Life insurance co., credit union, finance co.", 
                            "count": 0, 
                            "value": 0
                        }, 
                        {
                            "name": "Affiliate institution", 
                            "count": 0, 
                            "value": 0
                        }, 
                        {
                            "name": "Other", 
                            "count": 0, 
                            "value": 0
                        }
                    ]
                }, 
                {
                    "tractpctminorit": "80-100% minority", 
                    "purchasers": [
                        {
                            "name": "Fannie Mae", 
                            "count": 0, 
                            "value": 0
                        }, 
                        {
                            "name": "Ginnie Mae", 
                            "count": 0, 
                            "value": 0
                        }, 
                        {
                            "name": "Freddie Mac", 
                            "count": 0, 
                            "value": 0
                        }, 
                        {
                            "name": "Farmer Mac", 
                            "count": 0, 
                            "value": 0
                        }, 
                        {
                            "name": "Private Securitization", 
                            "count": 0, 
                            "value": 0
                        }, 
                        {
                            "name": "Commercial bank, savings bank or association", 
                            "count": 0, 
                            "value": 0
                        }, 
                        {
                            "name": "Life insurance co., credit union, finance co.", 
                            "count": 0, 
                            "value": 0
                        }, 
                        {
                            "name": "Affiliate institution", 
                            "count": 0, 
                            "value": 0
                        }, 
                        {
                            "name": "Other", 
                            "count": 0, 
                            "value": 0
                        }
                    ]
                }
            ]
        }, 
        {
            "characteristic": "Income", 
            "incomelevel": [
                {
                    "incomeleve": "Low income", 
                    "purchasers": [
                        {
                            "name": "Fannie Mae", 
                            "count": 102, 
                            "value": 9569
                        }, 
                        {
                            "name": "Ginnie Mae", 
                            "count": 77, 
                            "value": 7533
                        }, 
                        {
                            "name": "Freddie Mac", 
                            "count": 48, 
                            "value": 4241
                        }, 
                        {
                            "name": "Farmer Mac", 
                            "count": 0, 
                            "value": 0
                        }, 
                        {
                            "name": "Private Securitization", 
                            "count": 0, 
                            "value": 0
                        }, 
                        {
                            "name": "Commercial bank, savings bank or association", 
                            "count": 36, 
                            "value": 3527
                        }, 
                        {
                            "name": "Life insurance co., credit union, finance co.", 
                            "count": 29, 
                            "value": 2896
                        }, 
                        {
                            "name": "Affiliate institution", 
                            "count": 14, 
                            "value": 1240
                        }, 
                        {
                            "name": "Other", 
                            "count": 556, 
                            "value": 58824
                        }
                    ]
                }, 
                {
                    "incomeleve": "Moderate income", 
                    "purchasers": [
                        {
                            "name": "Fannie Mae", 
                            "count": 451, 
                            "value": 42992
                        }, 
                        {
                            "name": "Ginnie Mae", 
                            "count": 318, 
                            "value": 34742
                        }, 
                        {
                            "name": "Freddie Mac", 
                            "count": 176, 
                            "value": 17127
                        }, 
                        {
                            "name": "Farmer Mac", 
                            "count": 0, 
                            "value": 0
                        }, 
                        {
                            "name": "Private Securitization", 
                            "count": 1, 
                            "value": 78
                        }, 
                        {
                            "name": "Commercial bank, savings bank or association", 
                            "count": 161, 
                            "value": 16279
                        }, 
                        {
                            "name": "Life insurance co., credit union, finance co.", 
                            "count": 119, 
                            "value": 11025
                        }, 
                        {
                            "name": "Affiliate institution", 
                            "count": 37, 
                            "value": 2936
                        }, 
                        {
                            "name": "Other", 
                            "count": 1279, 
                            "value": 114180
                        }
                    ]
                }, 
                {
                    "incomeleve": "Middle income", 
                    "purchasers": [
                        {
                            "name": "Fannie Mae", 
                            "count": 2346, 
                            "value": 303925
                        }, 
                        {
                            "name": "Ginnie Mae", 
                            "count": 1283, 
                            "value": 169912
                        }, 
                        {
                            "name": "Freddie Mac", 
                            "count": 818, 
                            "value": 100799
                        }, 
                        {
                            "name": "Farmer Mac", 
                            "count": 0, 
                            "value": 0
                        }, 
                        {
                            "name": "Private Securitization", 
                            "count": 4, 
                            "value": 544
                        }, 
                        {
                            "name": "Commercial bank, savings bank or association", 
                            "count": 956, 
                            "value": 129569
                        }, 
                        {
                            "name": "Life insurance co., credit union, finance co.", 
                            "count": 585, 
                            "value": 74354
                        }, 
                        {
                            "name": "Affiliate institution", 
                            "count": 181, 
                            "value": 18519
                        }, 
                        {
                            "name": "Other", 
                            "count": 4302, 
                            "value": 480565
                        }
                    ]
                }, 
                {
                    "incomeleve": "Upper income", 
                    "purchasers": [
                        {
                            "name": "Fannie Mae", 
                            "count": 3075, 
                            "value": 562935
                        }, 
                        {
                            "name": "Ginnie Mae", 
                            "count": 855, 
                            "value": 146999
                        }, 
                        {
                            "name": "Freddie Mac", 
                            "count": 1158, 
                            "value": 208104
                        }, 
                        {
                            "name": "Farmer Mac", 
                            "count": 0, 
                            "value": 0
                        }, 
                        {
                            "name": "Private Securitization", 
                            "count": 11, 
                            "value": 1857
                        }, 
                        {
                            "name": "Commercial bank, savings bank or association", 
                            "count": 1251, 
                            "value": 231210
                        }, 
                        {
                            "name": "Life insurance co., credit union, finance co.", 
                            "count": 811, 
                            "value": 147806
                        }, 
                        {
                            "name": "Affiliate institution", 
                            "count": 146, 
                            "value": 23144
                        }, 
                        {
                            "name": "Other", 
                            "count": 4129, 
                            "value": 690998
                        }
                    ]
                }
            ]
        }
    ], 
    "total": {
        "purchasers": [
            {
                "name": "Fannie Mae", 
                "count": 5975, 
                "value": 919625
            }, 
            {
                "name": "Ginnie Mae", 
                "count": 2533, 
                "value": 359186
            }, 
            {
                "name": "Freddie Mac", 
                "count": 2200, 
                "value": 330271
            }, 
            {
                "name": "Farmer Mac", 
                "count": 0, 
                "value": 0
            }, 
            {
                "name": "Private Securitization", 
                "count": 16, 
                "value": 2479
            }, 
            {
                "name": "Commercial bank, savings bank or association", 
                "count": 2404, 
                "value": 380585
            }, 
            {
                "name": "Life insurance co., credit union, finance co.", 
                "count": 1545, 
                "value": 236166
            }, 
            {
                "name": "Affiliate institution", 
                "count": 378, 
                "value": 45839
            }, 
            {
                "name": "Other", 
                "count": 10296, 
                "value": 1347047
            }
        ]
    }
}