{
    "table": "3-1", 
    "type": "aggregate", 
    "desc": "Loans sold. By characteristics of borrower and census tract in which property is located and by type of purchaser (includes originations and purchased loans).", 
    "year": "2012", 
    "msa": {
        "id": "17860", 
        "name": "Columbia", 
        "state": "MO", 
        "state_name": "Missouri"
    }, 
    "borrowercharacteristics": [
        {
            "characteristic": "Race", 
            "races": [
                {
                    "race": "American Indian/Alaska Native", 
                    "purchasers": [
                        {
                            "name": "Fannie Mae", 
                            "count": 0, 
                            "value": 0
                        }, 
                        {
                            "name": "Ginnie Mae", 
                            "count": 0, 
                            "value": 0
                        }, 
                        {
                            "name": "Freddie Mac", 
                            "count": 0, 
                            "value": 0
                        }, 
                        {
                            "name": "Farmer Mac", 
                            "count": 0, 
                            "value": 0
                        }, 
                        {
                            "name": "Private Securitization", 
                            "count": 0, 
                            "value": 0
                        }, 
                        {
                            "name": "Commercial bank, savings bank or association", 
                            "count": 0, 
                            "value": 0
                        }, 
                        {
                            "name": "Life insurance co., credit union, finance co.", 
                            "count": 0, 
                            "value": 0
                        }, 
                        {
                            "name": "Affiliate institution", 
                            "count": 0, 
                            "value": 0
                        }, 
                        {
                            "name": "Other", 
                            "count": 0, 
                            "value": 0
                        }
                    ]
                }, 
                {
                    "race": "Asian", 
                    "purchasers": [
                        {
                            "name": "Fannie Mae", 
                            "count": 0, 
                            "value": 0
                        }, 
                        {
                            "name": "Ginnie Mae", 
                            "count": 0, 
                            "value": 0
                        }, 
                        {
                            "name": "Freddie Mac", 
                            "count": 1, 
                            "value": 134.0
                        }, 
                        {
                            "name": "Farmer Mac", 
                            "count": 0, 
                            "value": 0
                        }, 
                        {
                            "name": "Private Securitization", 
                            "count": 0, 
                            "value": 0
                        }, 
                        {
                            "name": "Commercial bank, savings bank or association", 
                            "count": 0, 
                            "value": 0
                        }, 
                        {
                            "name": "Life insurance co., credit union, finance co.", 
                            "count": 0, 
                            "value": 0
                        }, 
                        {
                            "name": "Affiliate institution", 
                            "count": 1, 
                            "value": 60.0
                        }, 
                        {
                            "name": "Other", 
                            "count": 0, 
                            "value": 0
                        }
                    ]
                }, 
                {
                    "race": "Black or African American", 
                    "purchasers": [
                        {
                            "name": "Fannie Mae", 
                            "count": 15, 
                            "value": 2656.0
                        }, 
                        {
                            "name": "Ginnie Mae", 
                            "count": 1, 
                            "value": 117.0
                        }, 
                        {
                            "name": "Freddie Mac", 
                            "count": 17, 
                            "value": 2984.0
                        }, 
                        {
                            "name": "Farmer Mac", 
                            "count": 0, 
                            "value": 0
                        }, 
                        {
                            "name": "Private Securitization", 
                            "count": 0, 
                            "value": 0
                        }, 
                        {
                            "name": "Commercial bank, savings bank or association", 
                            "count": 2, 
                            "value": 284.0
                        }, 
                        {
                            "name": "Life insurance co., credit union, finance co.", 
                            "count": 5, 
                            "value": 653.0
                        }, 
                        {
                            "name": "Affiliate institution", 
                            "count": 11, 
                            "value": 2016.0
                        }, 
                        {
                            "name": "Other", 
                            "count": 37, 
                            "value": 6639.0
                        }
                    ]
                }, 
                {
                    "race": "Native Hawaiian or Pacific Islander", 
                    "purchasers": [
                        {
                            "name": "Fannie Mae", 
                            "count": 6, 
                            "value": 958.0
                        }, 
                        {
                            "name": "Ginnie Mae", 
                            "count": 13, 
                            "value": 2796.0
                        }, 
                        {
                            "name": "Freddie Mac", 
                            "count": 2, 
                            "value": 480.0
                        }, 
                        {
                            "name": "Farmer Mac", 
                            "count": 0, 
                            "value": 0
                        }, 
                        {
                            "name": "Private Securitization", 
                            "count": 0, 
                            "value": 0
                        }, 
                        {
                            "name": "Commercial bank, savings bank or association", 
                            "count": 3, 
                            "value": 676.0
                        }, 
                        {
                            "name": "Life insurance co., credit union, finance co.", 
                            "count": 5, 
                            "value": 657.0
                        }, 
                        {
                            "name": "Affiliate institution", 
                            "count": 8, 
                            "value": 1111.0
                        }, 
                        {
                            "name": "Other", 
                            "count": 39, 
                            "value": 6415.0
                        }
                    ]
                }, 
                {
                    "race": "White", 
                    "purchasers": [
                        {
                            "name": "Fannie Mae", 
                            "count": 2, 
                            "value": 299.0
                        }, 
                        {
                            "name": "Ginnie Mae", 
                            "count": 0, 
                            "value": 0
                        }, 
                        {
                            "name": "Freddie Mac", 
                            "count": 0, 
                            "value": 0
                        }, 
                        {
                            "name": "Farmer Mac", 
                            "count": 0, 
                            "value": 0
                        }, 
                        {
                            "name": "Private Securitization", 
                            "count": 0, 
                            "value": 0
                        }, 
                        {
                            "name": "Commercial bank, savings bank or association", 
                            "count": 0, 
                            "value": 0
                        }, 
                        {
                            "name": "Life insurance co., credit union, finance co.", 
                            "count": 0, 
                            "value": 0
                        }, 
                        {
                            "name": "Affiliate institution", 
                            "count": 0, 
                            "value": 0
                        }, 
                        {
                            "name": "Other", 
                            "count": 0, 
                            "value": 0
                        }
                    ]
                }, 
                {
                    "race": "2 or more minority races", 
                    "purchasers": [
                        {
                            "name": "Fannie Mae", 
                            "count": 974, 
                            "value": 166429.0
                        }, 
                        {
                            "name": "Ginnie Mae", 
                            "count": 510, 
                            "value": 83445.0
                        }, 
                        {
                            "name": "Freddie Mac", 
                            "count": 763, 
                            "value": 136506.0
                        }, 
                        {
                            "name": "Farmer Mac", 
                            "count": 0, 
                            "value": 0
                        }, 
                        {
                            "name": "Private Securitization", 
                            "count": 18, 
                            "value": 3088.0
                        }, 
                        {
                            "name": "Commercial bank, savings bank or association", 
                            "count": 222, 
                            "value": 42470.0
                        }, 
                        {
                            "name": "Life insurance co., credit union, finance co.", 
                            "count": 437, 
                            "value": 73480.0
                        }, 
                        {
                            "name": "Affiliate institution", 
                            "count": 562, 
                            "value": 92519.0
                        }, 
                        {
                            "name": "Other", 
                            "count": 1930, 
                            "value": 300643.0
                        }
                    ]
                }, 
                {
                    "race": "Joint", 
                    "purchasers": [
                        {
                            "name": "Fannie Mae", 
                            "count": 59, 
                            "value": 9330.0
                        }, 
                        {
                            "name": "Ginnie Mae", 
                            "count": 48, 
                            "value": 7766.0
                        }, 
                        {
                            "name": "Freddie Mac", 
                            "count": 123, 
                            "value": 22857.0
                        }, 
                        {
                            "name": "Farmer Mac", 
                            "count": 0, 
                            "value": 0
                        }, 
                        {
                            "name": "Private Securitization", 
                            "count": 3, 
                            "value": 458.0
                        }, 
                        {
                            "name": "Commercial bank, savings bank or association", 
                            "count": 16, 
                            "value": 3294.0
                        }, 
                        {
                            "name": "Life insurance co., credit union, finance co.", 
                            "count": 46, 
                            "value": 7833.0
                        }, 
                        {
                            "name": "Affiliate institution", 
                            "count": 112, 
                            "value": 20077.0
                        }, 
                        {
                            "name": "Other", 
                            "count": 357, 
                            "value": 61758.0
                        }
                    ]
                }, 
                {
                    "race": "Not Provided", 
                    "purchasers": [
                        {
                            "name": "Fannie Mae", 
                            "count": 101, 
                            "value": 15128.0
                        }, 
                        {
                            "name": "Ginnie Mae", 
                            "count": 118, 
                            "value": 17914.0
                        }, 
                        {
                            "name": "Freddie Mac", 
                            "count": 185, 
                            "value": 33173.0
                        }, 
                        {
                            "name": "Farmer Mac", 
                            "count": 0, 
                            "value": 0
                        }, 
                        {
                            "name": "Private Securitization", 
                            "count": 0, 
                            "value": 0
                        }, 
                        {
                            "name": "Commercial bank, savings bank or association", 
                            "count": 4, 
                            "value": 541.0
                        }, 
                        {
                            "name": "Life insurance co., credit union, finance co.", 
                            "count": 1, 
                            "value": 155.0
                        }, 
                        {
                            "name": "Affiliate institution", 
                            "count": 7, 
                            "value": 2078.0
                        }, 
                        {
                            "name": "Other", 
                            "count": 88, 
                            "value": 16270.0
                        }
                    ]
                }, 
                {
                    "race": "Not Applicable", 
                    "purchasers": [
                        {
                            "name": "Fannie Mae", 
                            "count": 647, 
                            "value": 83323.0
                        }, 
                        {
                            "name": "Ginnie Mae", 
                            "count": 558, 
                            "value": 79859.0
                        }, 
                        {
                            "name": "Freddie Mac", 
                            "count": 417, 
                            "value": 57251.0
                        }, 
                        {
                            "name": "Farmer Mac", 
                            "count": 0, 
                            "value": 0
                        }, 
                        {
                            "name": "Private Securitization", 
                            "count": 19, 
                            "value": 2205.0
                        }, 
                        {
                            "name": "Commercial bank, savings bank or association", 
                            "count": 212, 
                            "value": 33420.0
                        }, 
                        {
                            "name": "Life insurance co., credit union, finance co.", 
                            "count": 369, 
                            "value": 50592.0
                        }, 
                        {
                            "name": "Affiliate institution", 
                            "count": 336, 
                            "value": 46570.0
                        }, 
                        {
                            "name": "Other", 
                            "count": 2083, 
                            "value": 333757.0
                        }
                    ]
                }, 
                {
                    "race": "No co-applicant", 
                    "purchasers": [
                        {
                            "name": "Fannie Mae", 
                            "count": 0, 
                            "value": 0
                        }, 
                        {
                            "name": "Ginnie Mae", 
                            "count": 0, 
                            "value": 0
                        }, 
                        {
                            "name": "Freddie Mac", 
                            "count": 0, 
                            "value": 0
                        }, 
                        {
                            "name": "Farmer Mac", 
                            "count": 0, 
                            "value": 0
                        }, 
                        {
                            "name": "Private Securitization", 
                            "count": 0, 
                            "value": 0
                        }, 
                        {
                            "name": "Commercial bank, savings bank or association", 
                            "count": 0, 
                            "value": 0
                        }, 
                        {
                            "name": "Life insurance co., credit union, finance co.", 
                            "count": 0, 
                            "value": 0
                        }, 
                        {
                            "name": "Affiliate institution", 
                            "count": 0, 
                            "value": 0
                        }, 
                        {
                            "name": "Other", 
                            "count": 0, 
                            "value": 0
                        }
                    ]
                }
            ]
        }, 
        {
            "characteristic": "Ethnicity", 
            "ethnicities": [
                {
                    "ethnicitie": "Hispanic or Latino", 
                    "purchasers": [
                        {
                            "name": "Fannie Mae", 
                            "count": 1, 
                            "value": 344
                        }, 
                        {
                            "name": "Ginnie Mae", 
                            "count": 6, 
                            "value": 1068
                        }, 
                        {
                            "name": "Freddie Mac", 
                            "count": 3, 
                            "value": 490
                        }, 
                        {
                            "name": "Farmer Mac", 
                            "count": 0, 
                            "value": 0
                        }, 
                        {
                            "name": "Private Securitization", 
                            "count": 0, 
                            "value": 0
                        }, 
                        {
                            "name": "Commercial bank, savings bank or association", 
                            "count": 0, 
                            "value": 0
                        }, 
                        {
                            "name": "Life insurance co., credit union, finance co.", 
                            "count": 5, 
                            "value": 860
                        }, 
                        {
                            "name": "Affiliate institution", 
                            "count": 2, 
                            "value": 253
                        }, 
                        {
                            "name": "Other", 
                            "count": 11, 
                            "value": 1203
                        }
                    ]
                }, 
                {
                    "ethnicitie": "Not Hispanic or Latino", 
                    "purchasers": [
                        {
                            "name": "Fannie Mae", 
                            "count": 1594, 
                            "value": 246250
                        }, 
                        {
                            "name": "Ginnie Mae", 
                            "count": 1020, 
                            "value": 156277
                        }, 
                        {
                            "name": "Freddie Mac", 
                            "count": 1137, 
                            "value": 188536
                        }, 
                        {
                            "name": "Farmer Mac", 
                            "count": 0, 
                            "value": 0
                        }, 
                        {
                            "name": "Private Securitization", 
                            "count": 36, 
                            "value": 5217
                        }, 
                        {
                            "name": "Commercial bank, savings bank or association", 
                            "count": 422, 
                            "value": 73640
                        }, 
                        {
                            "name": "Life insurance co., credit union, finance co.", 
                            "count": 763, 
                            "value": 118344
                        }, 
                        {
                            "name": "Affiliate institution", 
                            "count": 852, 
                            "value": 131547
                        }, 
                        {
                            "name": "Other", 
                            "count": 3491, 
                            "value": 499091
                        }
                    ]
                }, 
                {
                    "ethnicitie": "Not provided", 
                    "purchasers": [
                        {
                            "name": "Fannie Mae", 
                            "count": 16, 
                            "value": 3054
                        }, 
                        {
                            "name": "Ginnie Mae", 
                            "count": 30, 
                            "value": 5241
                        }, 
                        {
                            "name": "Freddie Mac", 
                            "count": 14, 
                            "value": 2009
                        }, 
                        {
                            "name": "Farmer Mac", 
                            "count": 0, 
                            "value": 0
                        }, 
                        {
                            "name": "Private Securitization", 
                            "count": 0, 
                            "value": 0
                        }, 
                        {
                            "name": "Commercial bank, savings bank or association", 
                            "count": 10, 
                            "value": 2191
                        }, 
                        {
                            "name": "Life insurance co., credit union, finance co.", 
                            "count": 20, 
                            "value": 2443
                        }, 
                        {
                            "name": "Affiliate institution", 
                            "count": 18, 
                            "value": 3308
                        }, 
                        {
                            "name": "Other", 
                            "count": 71, 
                            "value": 8998
                        }
                    ]
                }, 
                {
                    "ethnicitie": "Not applicable", 
                    "purchasers": [
                        {
                            "name": "Fannie Mae", 
                            "count": 193, 
                            "value": 28475
                        }, 
                        {
                            "name": "Ginnie Mae", 
                            "count": 192, 
                            "value": 29311
                        }, 
                        {
                            "name": "Freddie Mac", 
                            "count": 354, 
                            "value": 62350
                        }, 
                        {
                            "name": "Farmer Mac", 
                            "count": 0, 
                            "value": 0
                        }, 
                        {
                            "name": "Private Securitization", 
                            "count": 4, 
                            "value": 534
                        }, 
                        {
                            "name": "Commercial bank, savings bank or association", 
                            "count": 27, 
                            "value": 4854
                        }, 
                        {
                            "name": "Life insurance co., credit union, finance co.", 
                            "count": 75, 
                            "value": 11723
                        }, 
                        {
                            "name": "Affiliate institution", 
                            "count": 165, 
                            "value": 29323
                        }, 
                        {
                            "name": "Other", 
                            "count": 961, 
                            "value": 216190
                        }
                    ]
                }, 
                {
                    "ethnicitie": "No co-applicant", 
                    "purchasers": [
                        {
                            "name": "Fannie Mae", 
                            "count": 0, 
                            "value": 0
                        }, 
                        {
                            "name": "Ginnie Mae", 
                            "count": 0, 
                            "value": 0
                        }, 
                        {
                            "name": "Freddie Mac", 
                            "count": 0, 
                            "value": 0
                        }, 
                        {
                            "name": "Farmer Mac", 
                            "count": 0, 
                            "value": 0
                        }, 
                        {
                            "name": "Private Securitization", 
                            "count": 0, 
                            "value": 0
                        }, 
                        {
                            "name": "Commercial bank, savings bank or association", 
                            "count": 0, 
                            "value": 0
                        }, 
                        {
                            "name": "Life insurance co., credit union, finance co.", 
                            "count": 0, 
                            "value": 0
                        }, 
                        {
                            "name": "Affiliate institution", 
                            "count": 0, 
                            "value": 0
                        }, 
                        {
                            "name": "Other", 
                            "count": 0, 
                            "value": 0
                        }
                    ]
                }
            ]
        }, 
        {
            "characteristic": "Minority Status", 
            "minoritystatuses": [
                {
                    "minoritystatuse": "White Non-Hispanic", 
                    "purchasers": [
                        {
                            "name": "Fannie Mae", 
                            "count": 1700, 
                            "value": 262733
                        }, 
                        {
                            "name": "Ginnie Mae", 
                            "count": 1158, 
                            "value": 177095
                        }, 
                        {
                            "name": "Freddie Mac", 
                            "count": 1432, 
                            "value": 241018
                        }, 
                        {
                            "name": "Farmer Mac", 
                            "count": 0, 
                            "value": 0
                        }, 
                        {
                            "name": "Private Securitization", 
                            "count": 40, 
                            "value": 5751
                        }, 
                        {
                            "name": "Commercial bank, savings bank or association", 
                            "count": 420, 
                            "value": 72466
                        }, 
                        {
                            "name": "Life insurance co., credit union, finance co.", 
                            "count": 800, 
                            "value": 124960
                        }, 
                        {
                            "name": "Affiliate institution", 
                            "count": 960, 
                            "value": 151162
                        }, 
                        {
                            "name": "Other", 
                            "count": 4206, 
                            "value": 678624
                        }
                    ]
                }, 
                {
                    "minoritystatuse": "Others, Including Hispanic", 
                    "purchasers": [
                        {
                            "name": "Fannie Mae", 
                            "count": 104, 
                            "value": 15390
                        }, 
                        {
                            "name": "Ginnie Mae", 
                            "count": 90, 
                            "value": 14802
                        }, 
                        {
                            "name": "Freddie Mac", 
                            "count": 76, 
                            "value": 12367
                        }, 
                        {
                            "name": "Farmer Mac", 
                            "count": 0, 
                            "value": 0
                        }, 
                        {
                            "name": "Private Securitization", 
                            "count": 0, 
                            "value": 0
                        }, 
                        {
                            "name": "Commercial bank, savings bank or association", 
                            "count": 39, 
                            "value": 8219
                        }, 
                        {
                            "name": "Life insurance co., credit union, finance co.", 
                            "count": 63, 
                            "value": 8410
                        }, 
                        {
                            "name": "Affiliate institution", 
                            "count": 77, 
                            "value": 13269
                        }, 
                        {
                            "name": "Other", 
                            "count": 328, 
                            "value": 46858
                        }
                    ]
                }
            ]
        }, 
        {
            "characteristic": "Applicant Income", 
            "applicantincomes": [
                {
                    "applicantincome": "Less than 50% of MSA/MD median", 
                    "purchasers": [
                        {
                            "name": "Fannie Mae", 
                            "count": 113, 
                            "value": 9913
                        }, 
                        {
                            "name": "Ginnie Mae", 
                            "count": 116, 
                            "value": 11500
                        }, 
                        {
                            "name": "Freddie Mac", 
                            "count": 87, 
                            "value": 7816
                        }, 
                        {
                            "name": "Farmer Mac", 
                            "count": 0, 
                            "value": 0
                        }, 
                        {
                            "name": "Private Securitization", 
                            "count": 4, 
                            "value": 225
                        }, 
                        {
                            "name": "Commercial bank, savings bank or association", 
                            "count": 31, 
                            "value": 2772
                        }, 
                        {
                            "name": "Life insurance co., credit union, finance co.", 
                            "count": 84, 
                            "value": 8473
                        }, 
                        {
                            "name": "Affiliate institution", 
                            "count": 59, 
                            "value": 5351
                        }, 
                        {
                            "name": "Other", 
                            "count": 554, 
                            "value": 41256
                        }
                    ]
                }, 
                {
                    "applicantincome": "50-79% of MSA/MD median", 
                    "purchasers": [
                        {
                            "name": "Fannie Mae", 
                            "count": 304, 
                            "value": 33436
                        }, 
                        {
                            "name": "Ginnie Mae", 
                            "count": 275, 
                            "value": 35467
                        }, 
                        {
                            "name": "Freddie Mac", 
                            "count": 198, 
                            "value": 22029
                        }, 
                        {
                            "name": "Farmer Mac", 
                            "count": 0, 
                            "value": 0
                        }, 
                        {
                            "name": "Private Securitization", 
                            "count": 9, 
                            "value": 1038
                        }, 
                        {
                            "name": "Commercial bank, savings bank or association", 
                            "count": 90, 
                            "value": 12129
                        }, 
                        {
                            "name": "Life insurance co., credit union, finance co.", 
                            "count": 228, 
                            "value": 28873
                        }, 
                        {
                            "name": "Affiliate institution", 
                            "count": 166, 
                            "value": 18150
                        }, 
                        {
                            "name": "Other", 
                            "count": 802, 
                            "value": 80894
                        }
                    ]
                }, 
                {
                    "applicantincome": "80-99% of MSA/MD median", 
                    "purchasers": [
                        {
                            "name": "Fannie Mae", 
                            "count": 259, 
                            "value": 33370
                        }, 
                        {
                            "name": "Ginnie Mae", 
                            "count": 170, 
                            "value": 25213
                        }, 
                        {
                            "name": "Freddie Mac", 
                            "count": 164, 
                            "value": 21386
                        }, 
                        {
                            "name": "Farmer Mac", 
                            "count": 0, 
                            "value": 0
                        }, 
                        {
                            "name": "Private Securitization", 
                            "count": 6, 
                            "value": 1003
                        }, 
                        {
                            "name": "Commercial bank, savings bank or association", 
                            "count": 69, 
                            "value": 10285
                        }, 
                        {
                            "name": "Life insurance co., credit union, finance co.", 
                            "count": 148, 
                            "value": 21985
                        }, 
                        {
                            "name": "Affiliate institution", 
                            "count": 147, 
                            "value": 19993
                        }, 
                        {
                            "name": "Other", 
                            "count": 497, 
                            "value": 61722
                        }
                    ]
                }, 
                {
                    "applicantincome": "100-119% of MSA/MD median", 
                    "purchasers": [
                        {
                            "name": "Fannie Mae", 
                            "count": 225, 
                            "value": 34834
                        }, 
                        {
                            "name": "Ginnie Mae", 
                            "count": 109, 
                            "value": 18570
                        }, 
                        {
                            "name": "Freddie Mac", 
                            "count": 160, 
                            "value": 22521
                        }, 
                        {
                            "name": "Farmer Mac", 
                            "count": 0, 
                            "value": 0
                        }, 
                        {
                            "name": "Private Securitization", 
                            "count": 6, 
                            "value": 810
                        }, 
                        {
                            "name": "Commercial bank, savings bank or association", 
                            "count": 47, 
                            "value": 7587
                        }, 
                        {
                            "name": "Life insurance co., credit union, finance co.", 
                            "count": 116, 
                            "value": 18358
                        }, 
                        {
                            "name": "Affiliate institution", 
                            "count": 128, 
                            "value": 17444
                        }, 
                        {
                            "name": "Other", 
                            "count": 378, 
                            "value": 52495
                        }
                    ]
                }, 
                {
                    "applicantincome": "120% or more of MSA/MD median", 
                    "purchasers": [
                        {
                            "name": "Fannie Mae", 
                            "count": 822, 
                            "value": 154939
                        }, 
                        {
                            "name": "Ginnie Mae", 
                            "count": 207, 
                            "value": 41477
                        }, 
                        {
                            "name": "Freddie Mac", 
                            "count": 703, 
                            "value": 142802
                        }, 
                        {
                            "name": "Farmer Mac", 
                            "count": 0, 
                            "value": 0
                        }, 
                        {
                            "name": "Private Securitization", 
                            "count": 15, 
                            "value": 2675
                        }, 
                        {
                            "name": "Commercial bank, savings bank or association", 
                            "count": 176, 
                            "value": 39776
                        }, 
                        {
                            "name": "Life insurance co., credit union, finance co.", 
                            "count": 257, 
                            "value": 50065
                        }, 
                        {
                            "name": "Affiliate institution", 
                            "count": 503, 
                            "value": 97507
                        }, 
                        {
                            "name": "Other", 
                            "count": 1526, 
                            "value": 289988
                        }
                    ]
                }, 
                {
                    "applicantincome": "income not available", 
                    "purchasers": [
                        {
                            "name": "Fannie Mae", 
                            "count": 80, 
                            "value": 11531
                        }, 
                        {
                            "name": "Ginnie Mae", 
                            "count": 371, 
                            "value": 59670
                        }, 
                        {
                            "name": "Freddie Mac", 
                            "count": 196, 
                            "value": 36831
                        }, 
                        {
                            "name": "Farmer Mac", 
                            "count": 0, 
                            "value": 0
                        }, 
                        {
                            "name": "Private Securitization", 
                            "count": 0, 
                            "value": 0
                        }, 
                        {
                            "name": "Commercial bank, savings bank or association", 
                            "count": 46, 
                            "value": 8136
                        }, 
                        {
                            "name": "Life insurance co., credit union, finance co.", 
                            "count": 30, 
                            "value": 5616
                        }, 
                        {
                            "name": "Affiliate institution", 
                            "count": 34, 
                            "value": 5986
                        }, 
                        {
                            "name": "Other", 
                            "count": 776, 
                            "value": 199058
                        }
                    ]
                }
            ]
        }
    ], 
    "censuscharacteristics": [
        {
            "characteristic": "Racial/Ethnic Composition", 
            "tractpctminority": [
                {
                    "tractpctminorit": "Less than 10% minority", 
                    "purchasers": [
                        {
                            "name": "Fannie Mae", 
                            "count": 507, 
                            "value": 82048
                        }, 
                        {
                            "name": "Ginnie Mae", 
                            "count": 407, 
                            "value": 62680
                        }, 
                        {
                            "name": "Freddie Mac", 
                            "count": 407, 
                            "value": 70544
                        }, 
                        {
                            "name": "Farmer Mac", 
                            "count": 0, 
                            "value": 0
                        }, 
                        {
                            "name": "Private Securitization", 
                            "count": 12, 
                            "value": 2097
                        }, 
                        {
                            "name": "Commercial bank, savings bank or association", 
                            "count": 125, 
                            "value": 23048
                        }, 
                        {
                            "name": "Life insurance co., credit union, finance co.", 
                            "count": 241, 
                            "value": 38013
                        }, 
                        {
                            "name": "Affiliate institution", 
                            "count": 354, 
                            "value": 55995
                        }, 
                        {
                            "name": "Other", 
                            "count": 1644, 
                            "value": 227574
                        }
                    ]
                }, 
                {
                    "tractpctminorit": "10-19% minority", 
                    "purchasers": [
                        {
                            "name": "Fannie Mae", 
                            "count": 1295, 
                            "value": 195915
                        }, 
                        {
                            "name": "Ginnie Mae", 
                            "count": 833, 
                            "value": 128555
                        }, 
                        {
                            "name": "Freddie Mac", 
                            "count": 1100, 
                            "value": 182786
                        }, 
                        {
                            "name": "Farmer Mac", 
                            "count": 0, 
                            "value": 0
                        }, 
                        {
                            "name": "Private Securitization", 
                            "count": 28, 
                            "value": 3654
                        }, 
                        {
                            "name": "Commercial bank, savings bank or association", 
                            "count": 333, 
                            "value": 57570
                        }, 
                        {
                            "name": "Life insurance co., credit union, finance co.", 
                            "count": 619, 
                            "value": 95123
                        }, 
                        {
                            "name": "Affiliate institution", 
                            "count": 681, 
                            "value": 108104
                        }, 
                        {
                            "name": "Other", 
                            "count": 2854, 
                            "value": 486313
                        }
                    ]
                }, 
                {
                    "tractpctminorit": "20-49% minority", 
                    "purchasers": [
                        {
                            "name": "Fannie Mae", 
                            "count": 1, 
                            "value": 60
                        }, 
                        {
                            "name": "Ginnie Mae", 
                            "count": 8, 
                            "value": 662
                        }, 
                        {
                            "name": "Freddie Mac", 
                            "count": 1, 
                            "value": 55
                        }, 
                        {
                            "name": "Farmer Mac", 
                            "count": 0, 
                            "value": 0
                        }, 
                        {
                            "name": "Private Securitization", 
                            "count": 0, 
                            "value": 0
                        }, 
                        {
                            "name": "Commercial bank, savings bank or association", 
                            "count": 1, 
                            "value": 67
                        }, 
                        {
                            "name": "Life insurance co., credit union, finance co.", 
                            "count": 3, 
                            "value": 234
                        }, 
                        {
                            "name": "Affiliate institution", 
                            "count": 2, 
                            "value": 332
                        }, 
                        {
                            "name": "Other", 
                            "count": 35, 
                            "value": 11526
                        }
                    ]
                }, 
                {
                    "tractpctminorit": "50-79% minority", 
                    "purchasers": [
                        {
                            "name": "Fannie Mae", 
                            "count": 0, 
                            "value": 0
                        }, 
                        {
                            "name": "Ginnie Mae", 
                            "count": 0, 
                            "value": 0
                        }, 
                        {
                            "name": "Freddie Mac", 
                            "count": 0, 
                            "value": 0
                        }, 
                        {
                            "name": "Farmer Mac", 
                            "count": 0, 
                            "value": 0
                        }, 
                        {
                            "name": "Private Securitization", 
                            "count": 0, 
                            "value": 0
                        }, 
                        {
                            "name": "Commercial bank, savings bank or association", 
                            "count": 0, 
                            "value": 0
                        }, 
                        {
                            "name": "Life insurance co., credit union, finance co.", 
                            "count": 0, 
                            "value": 0
                        }, 
                        {
                            "name": "Affiliate institution", 
                            "count": 0, 
                            "value": 0
                        }, 
                        {
                            "name": "Other", 
                            "count": 0, 
                            "value": 0
                        }
                    ]
                }, 
                {
                    "tractpctminorit": "80-100% minority", 
                    "purchasers": [
                        {
                            "name": "Fannie Mae", 
                            "count": 0, 
                            "value": 0
                        }, 
                        {
                            "name": "Ginnie Mae", 
                            "count": 0, 
                            "value": 0
                        }, 
                        {
                            "name": "Freddie Mac", 
                            "count": 0, 
                            "value": 0
                        }, 
                        {
                            "name": "Farmer Mac", 
                            "count": 0, 
                            "value": 0
                        }, 
                        {
                            "name": "Private Securitization", 
                            "count": 0, 
                            "value": 0
                        }, 
                        {
                            "name": "Commercial bank, savings bank or association", 
                            "count": 0, 
                            "value": 0
                        }, 
                        {
                            "name": "Life insurance co., credit union, finance co.", 
                            "count": 0, 
                            "value": 0
                        }, 
                        {
                            "name": "Affiliate institution", 
                            "count": 0, 
                            "value": 0
                        }, 
                        {
                            "name": "Other", 
                            "count": 0, 
                            "value": 0
                        }
                    ]
                }
            ]
        }, 
        {
            "characteristic": "Income", 
            "incomelevel": [
                {
                    "incomeleve": "Low income", 
                    "purchasers": [
                        {
                            "name": "Fannie Mae", 
                            "count": 4, 
                            "value": 580
                        }, 
                        {
                            "name": "Ginnie Mae", 
                            "count": 15, 
                            "value": 1200
                        }, 
                        {
                            "name": "Freddie Mac", 
                            "count": 2, 
                            "value": 143
                        }, 
                        {
                            "name": "Farmer Mac", 
                            "count": 0, 
                            "value": 0
                        }, 
                        {
                            "name": "Private Securitization", 
                            "count": 0, 
                            "value": 0
                        }, 
                        {
                            "name": "Commercial bank, savings bank or association", 
                            "count": 1, 
                            "value": 67
                        }, 
                        {
                            "name": "Life insurance co., credit union, finance co.", 
                            "count": 7, 
                            "value": 590
                        }, 
                        {
                            "name": "Affiliate institution", 
                            "count": 3, 
                            "value": 372
                        }, 
                        {
                            "name": "Other", 
                            "count": 74, 
                            "value": 28452
                        }
                    ]
                }, 
                {
                    "incomeleve": "Moderate income", 
                    "purchasers": [
                        {
                            "name": "Fannie Mae", 
                            "count": 156, 
                            "value": 19049
                        }, 
                        {
                            "name": "Ginnie Mae", 
                            "count": 178, 
                            "value": 23141
                        }, 
                        {
                            "name": "Freddie Mac", 
                            "count": 122, 
                            "value": 15428
                        }, 
                        {
                            "name": "Farmer Mac", 
                            "count": 0, 
                            "value": 0
                        }, 
                        {
                            "name": "Private Securitization", 
                            "count": 7, 
                            "value": 586
                        }, 
                        {
                            "name": "Commercial bank, savings bank or association", 
                            "count": 50, 
                            "value": 6834
                        }, 
                        {
                            "name": "Life insurance co., credit union, finance co.", 
                            "count": 87, 
                            "value": 11346
                        }, 
                        {
                            "name": "Affiliate institution", 
                            "count": 106, 
                            "value": 12706
                        }, 
                        {
                            "name": "Other", 
                            "count": 546, 
                            "value": 94485
                        }
                    ]
                }, 
                {
                    "incomeleve": "Middle income", 
                    "purchasers": [
                        {
                            "name": "Fannie Mae", 
                            "count": 849, 
                            "value": 118837
                        }, 
                        {
                            "name": "Ginnie Mae", 
                            "count": 709, 
                            "value": 102846
                        }, 
                        {
                            "name": "Freddie Mac", 
                            "count": 602, 
                            "value": 87123
                        }, 
                        {
                            "name": "Farmer Mac", 
                            "count": 0, 
                            "value": 0
                        }, 
                        {
                            "name": "Private Securitization", 
                            "count": 24, 
                            "value": 3418
                        }, 
                        {
                            "name": "Commercial bank, savings bank or association", 
                            "count": 211, 
                            "value": 34063
                        }, 
                        {
                            "name": "Life insurance co., credit union, finance co.", 
                            "count": 448, 
                            "value": 63455
                        }, 
                        {
                            "name": "Affiliate institution", 
                            "count": 468, 
                            "value": 67218
                        }, 
                        {
                            "name": "Other", 
                            "count": 2511, 
                            "value": 336939
                        }
                    ]
                }, 
                {
                    "incomeleve": "Upper income", 
                    "purchasers": [
                        {
                            "name": "Fannie Mae", 
                            "count": 794, 
                            "value": 139557
                        }, 
                        {
                            "name": "Ginnie Mae", 
                            "count": 346, 
                            "value": 64710
                        }, 
                        {
                            "name": "Freddie Mac", 
                            "count": 782, 
                            "value": 150691
                        }, 
                        {
                            "name": "Farmer Mac", 
                            "count": 0, 
                            "value": 0
                        }, 
                        {
                            "name": "Private Securitization", 
                            "count": 9, 
                            "value": 1747
                        }, 
                        {
                            "name": "Commercial bank, savings bank or association", 
                            "count": 197, 
                            "value": 39721
                        }, 
                        {
                            "name": "Life insurance co., credit union, finance co.", 
                            "count": 321, 
                            "value": 57979
                        }, 
                        {
                            "name": "Affiliate institution", 
                            "count": 460, 
                            "value": 84135
                        }, 
                        {
                            "name": "Other", 
                            "count": 1402, 
                            "value": 265537
                        }
                    ]
                }
            ]
        }
    ], 
    "total": {
        "purchasers": [
            {
                "name": "Fannie Mae", 
                "count": 1804, 
                "value": 278123
            }, 
            {
                "name": "Ginnie Mae", 
                "count": 1248, 
                "value": 191897
            }, 
            {
                "name": "Freddie Mac", 
                "count": 1508, 
                "value": 253385
            }, 
            {
                "name": "Farmer Mac", 
                "count": 0, 
                "value": 0
            }, 
            {
                "name": "Private Securitization", 
                "count": 40, 
                "value": 5751
            }, 
            {
                "name": "Commercial bank, savings bank or association", 
                "count": 459, 
                "value": 80685
            }, 
            {
                "name": "Life insurance co., credit union, finance co.", 
                "count": 863, 
                "value": 133370
            }, 
            {
                "name": "Affiliate institution", 
                "count": 1037, 
                "value": 164431
            }, 
            {
                "name": "Other", 
                "count": 4534, 
                "value": 725482
            }
        ]
    }
}