{
    "table": "3-1", 
    "type": "aggregate", 
    "desc": "Loans sold. By characteristics of borrower and census tract in which property is located and by type of purchaser (includes originations and purchased loans).", 
    "year": "2012", 
    "msa": {
        "id": "25500", 
        "name": "Harrisonburg", 
        "state": "VA", 
        "state_name": "Virginia"
    }, 
    "borrowercharacteristics": [
        {
            "characteristic": "Race", 
            "races": [
                {
                    "race": "American Indian/Alaska Native", 
                    "purchasers": [
                        {
                            "name": "Fannie Mae", 
                            "count": 0, 
                            "value": 0
                        }, 
                        {
                            "name": "Ginnie Mae", 
                            "count": 0, 
                            "value": 0
                        }, 
                        {
                            "name": "Freddie Mac", 
                            "count": 0, 
                            "value": 0
                        }, 
                        {
                            "name": "Farmer Mac", 
                            "count": 0, 
                            "value": 0
                        }, 
                        {
                            "name": "Private Securitization", 
                            "count": 0, 
                            "value": 0
                        }, 
                        {
                            "name": "Commercial bank, savings bank or association", 
                            "count": 0, 
                            "value": 0
                        }, 
                        {
                            "name": "Life insurance co., credit union, finance co.", 
                            "count": 0, 
                            "value": 0
                        }, 
                        {
                            "name": "Affiliate institution", 
                            "count": 0, 
                            "value": 0
                        }, 
                        {
                            "name": "Other", 
                            "count": 0, 
                            "value": 0
                        }
                    ]
                }, 
                {
                    "race": "Asian", 
                    "purchasers": [
                        {
                            "name": "Fannie Mae", 
                            "count": 0, 
                            "value": 0
                        }, 
                        {
                            "name": "Ginnie Mae", 
                            "count": 0, 
                            "value": 0
                        }, 
                        {
                            "name": "Freddie Mac", 
                            "count": 0, 
                            "value": 0
                        }, 
                        {
                            "name": "Farmer Mac", 
                            "count": 0, 
                            "value": 0
                        }, 
                        {
                            "name": "Private Securitization", 
                            "count": 0, 
                            "value": 0
                        }, 
                        {
                            "name": "Commercial bank, savings bank or association", 
                            "count": 0, 
                            "value": 0
                        }, 
                        {
                            "name": "Life insurance co., credit union, finance co.", 
                            "count": 0, 
                            "value": 0
                        }, 
                        {
                            "name": "Affiliate institution", 
                            "count": 0, 
                            "value": 0
                        }, 
                        {
                            "name": "Other", 
                            "count": 0, 
                            "value": 0
                        }
                    ]
                }, 
                {
                    "race": "Black or African American", 
                    "purchasers": [
                        {
                            "name": "Fannie Mae", 
                            "count": 6, 
                            "value": 797.0
                        }, 
                        {
                            "name": "Ginnie Mae", 
                            "count": 1, 
                            "value": 164.0
                        }, 
                        {
                            "name": "Freddie Mac", 
                            "count": 4, 
                            "value": 597.0
                        }, 
                        {
                            "name": "Farmer Mac", 
                            "count": 0, 
                            "value": 0
                        }, 
                        {
                            "name": "Private Securitization", 
                            "count": 0, 
                            "value": 0
                        }, 
                        {
                            "name": "Commercial bank, savings bank or association", 
                            "count": 1, 
                            "value": 134.0
                        }, 
                        {
                            "name": "Life insurance co., credit union, finance co.", 
                            "count": 1, 
                            "value": 108.0
                        }, 
                        {
                            "name": "Affiliate institution", 
                            "count": 1, 
                            "value": 234.0
                        }, 
                        {
                            "name": "Other", 
                            "count": 10, 
                            "value": 1854.0
                        }
                    ]
                }, 
                {
                    "race": "Native Hawaiian or Pacific Islander", 
                    "purchasers": [
                        {
                            "name": "Fannie Mae", 
                            "count": 3, 
                            "value": 647.0
                        }, 
                        {
                            "name": "Ginnie Mae", 
                            "count": 0, 
                            "value": 0
                        }, 
                        {
                            "name": "Freddie Mac", 
                            "count": 2, 
                            "value": 579.0
                        }, 
                        {
                            "name": "Farmer Mac", 
                            "count": 0, 
                            "value": 0
                        }, 
                        {
                            "name": "Private Securitization", 
                            "count": 0, 
                            "value": 0
                        }, 
                        {
                            "name": "Commercial bank, savings bank or association", 
                            "count": 0, 
                            "value": 0
                        }, 
                        {
                            "name": "Life insurance co., credit union, finance co.", 
                            "count": 0, 
                            "value": 0
                        }, 
                        {
                            "name": "Affiliate institution", 
                            "count": 0, 
                            "value": 0
                        }, 
                        {
                            "name": "Other", 
                            "count": 12, 
                            "value": 1967.0
                        }
                    ]
                }, 
                {
                    "race": "White", 
                    "purchasers": [
                        {
                            "name": "Fannie Mae", 
                            "count": 0, 
                            "value": 0
                        }, 
                        {
                            "name": "Ginnie Mae", 
                            "count": 0, 
                            "value": 0
                        }, 
                        {
                            "name": "Freddie Mac", 
                            "count": 0, 
                            "value": 0
                        }, 
                        {
                            "name": "Farmer Mac", 
                            "count": 0, 
                            "value": 0
                        }, 
                        {
                            "name": "Private Securitization", 
                            "count": 0, 
                            "value": 0
                        }, 
                        {
                            "name": "Commercial bank, savings bank or association", 
                            "count": 0, 
                            "value": 0
                        }, 
                        {
                            "name": "Life insurance co., credit union, finance co.", 
                            "count": 0, 
                            "value": 0
                        }, 
                        {
                            "name": "Affiliate institution", 
                            "count": 0, 
                            "value": 0
                        }, 
                        {
                            "name": "Other", 
                            "count": 2, 
                            "value": 344.0
                        }
                    ]
                }, 
                {
                    "race": "2 or more minority races", 
                    "purchasers": [
                        {
                            "name": "Fannie Mae", 
                            "count": 582, 
                            "value": 105580.0
                        }, 
                        {
                            "name": "Ginnie Mae", 
                            "count": 155, 
                            "value": 29732.0
                        }, 
                        {
                            "name": "Freddie Mac", 
                            "count": 285, 
                            "value": 50705.0
                        }, 
                        {
                            "name": "Farmer Mac", 
                            "count": 0, 
                            "value": 0
                        }, 
                        {
                            "name": "Private Securitization", 
                            "count": 3, 
                            "value": 431.0
                        }, 
                        {
                            "name": "Commercial bank, savings bank or association", 
                            "count": 260, 
                            "value": 50769.0
                        }, 
                        {
                            "name": "Life insurance co., credit union, finance co.", 
                            "count": 128, 
                            "value": 25394.0
                        }, 
                        {
                            "name": "Affiliate institution", 
                            "count": 26, 
                            "value": 5003.0
                        }, 
                        {
                            "name": "Other", 
                            "count": 1315, 
                            "value": 229156.0
                        }
                    ]
                }, 
                {
                    "race": "Joint", 
                    "purchasers": [
                        {
                            "name": "Fannie Mae", 
                            "count": 38, 
                            "value": 7318.0
                        }, 
                        {
                            "name": "Ginnie Mae", 
                            "count": 17, 
                            "value": 3397.0
                        }, 
                        {
                            "name": "Freddie Mac", 
                            "count": 16, 
                            "value": 3206.0
                        }, 
                        {
                            "name": "Farmer Mac", 
                            "count": 0, 
                            "value": 0
                        }, 
                        {
                            "name": "Private Securitization", 
                            "count": 0, 
                            "value": 0
                        }, 
                        {
                            "name": "Commercial bank, savings bank or association", 
                            "count": 12, 
                            "value": 2660.0
                        }, 
                        {
                            "name": "Life insurance co., credit union, finance co.", 
                            "count": 1, 
                            "value": 105.0
                        }, 
                        {
                            "name": "Affiliate institution", 
                            "count": 2, 
                            "value": 406.0
                        }, 
                        {
                            "name": "Other", 
                            "count": 153, 
                            "value": 26137.0
                        }
                    ]
                }, 
                {
                    "race": "Not Provided", 
                    "purchasers": [
                        {
                            "name": "Fannie Mae", 
                            "count": 186, 
                            "value": 33453.0
                        }, 
                        {
                            "name": "Ginnie Mae", 
                            "count": 59, 
                            "value": 10364.0
                        }, 
                        {
                            "name": "Freddie Mac", 
                            "count": 134, 
                            "value": 25279.0
                        }, 
                        {
                            "name": "Farmer Mac", 
                            "count": 0, 
                            "value": 0
                        }, 
                        {
                            "name": "Private Securitization", 
                            "count": 0, 
                            "value": 0
                        }, 
                        {
                            "name": "Commercial bank, savings bank or association", 
                            "count": 2, 
                            "value": 512.0
                        }, 
                        {
                            "name": "Life insurance co., credit union, finance co.", 
                            "count": 0, 
                            "value": 0
                        }, 
                        {
                            "name": "Affiliate institution", 
                            "count": 4, 
                            "value": 1093.0
                        }, 
                        {
                            "name": "Other", 
                            "count": 72, 
                            "value": 13448.0
                        }
                    ]
                }, 
                {
                    "race": "Not Applicable", 
                    "purchasers": [
                        {
                            "name": "Fannie Mae", 
                            "count": 350, 
                            "value": 53339.0
                        }, 
                        {
                            "name": "Ginnie Mae", 
                            "count": 211, 
                            "value": 35142.0
                        }, 
                        {
                            "name": "Freddie Mac", 
                            "count": 216, 
                            "value": 34503.0
                        }, 
                        {
                            "name": "Farmer Mac", 
                            "count": 0, 
                            "value": 0
                        }, 
                        {
                            "name": "Private Securitization", 
                            "count": 1, 
                            "value": 179.0
                        }, 
                        {
                            "name": "Commercial bank, savings bank or association", 
                            "count": 205, 
                            "value": 35162.0
                        }, 
                        {
                            "name": "Life insurance co., credit union, finance co.", 
                            "count": 88, 
                            "value": 15272.0
                        }, 
                        {
                            "name": "Affiliate institution", 
                            "count": 27, 
                            "value": 5450.0
                        }, 
                        {
                            "name": "Other", 
                            "count": 1342, 
                            "value": 223457.0
                        }
                    ]
                }, 
                {
                    "race": "No co-applicant", 
                    "purchasers": [
                        {
                            "name": "Fannie Mae", 
                            "count": 0, 
                            "value": 0
                        }, 
                        {
                            "name": "Ginnie Mae", 
                            "count": 0, 
                            "value": 0
                        }, 
                        {
                            "name": "Freddie Mac", 
                            "count": 0, 
                            "value": 0
                        }, 
                        {
                            "name": "Farmer Mac", 
                            "count": 0, 
                            "value": 0
                        }, 
                        {
                            "name": "Private Securitization", 
                            "count": 0, 
                            "value": 0
                        }, 
                        {
                            "name": "Commercial bank, savings bank or association", 
                            "count": 0, 
                            "value": 0
                        }, 
                        {
                            "name": "Life insurance co., credit union, finance co.", 
                            "count": 0, 
                            "value": 0
                        }, 
                        {
                            "name": "Affiliate institution", 
                            "count": 0, 
                            "value": 0
                        }, 
                        {
                            "name": "Other", 
                            "count": 0, 
                            "value": 0
                        }
                    ]
                }
            ]
        }, 
        {
            "characteristic": "Ethnicity", 
            "ethnicities": [
                {
                    "ethnicitie": "Hispanic or Latino", 
                    "purchasers": [
                        {
                            "name": "Fannie Mae", 
                            "count": 6, 
                            "value": 854
                        }, 
                        {
                            "name": "Ginnie Mae", 
                            "count": 3, 
                            "value": 485
                        }, 
                        {
                            "name": "Freddie Mac", 
                            "count": 5, 
                            "value": 718
                        }, 
                        {
                            "name": "Farmer Mac", 
                            "count": 0, 
                            "value": 0
                        }, 
                        {
                            "name": "Private Securitization", 
                            "count": 0, 
                            "value": 0
                        }, 
                        {
                            "name": "Commercial bank, savings bank or association", 
                            "count": 5, 
                            "value": 723
                        }, 
                        {
                            "name": "Life insurance co., credit union, finance co.", 
                            "count": 1, 
                            "value": 154
                        }, 
                        {
                            "name": "Affiliate institution", 
                            "count": 1, 
                            "value": 141
                        }, 
                        {
                            "name": "Other", 
                            "count": 51, 
                            "value": 7202
                        }
                    ]
                }, 
                {
                    "ethnicitie": "Not Hispanic or Latino", 
                    "purchasers": [
                        {
                            "name": "Fannie Mae", 
                            "count": 888, 
                            "value": 152077
                        }, 
                        {
                            "name": "Ginnie Mae", 
                            "count": 322, 
                            "value": 57735
                        }, 
                        {
                            "name": "Freddie Mac", 
                            "count": 476, 
                            "value": 81345
                        }, 
                        {
                            "name": "Farmer Mac", 
                            "count": 0, 
                            "value": 0
                        }, 
                        {
                            "name": "Private Securitization", 
                            "count": 4, 
                            "value": 610
                        }, 
                        {
                            "name": "Commercial bank, savings bank or association", 
                            "count": 449, 
                            "value": 83016
                        }, 
                        {
                            "name": "Life insurance co., credit union, finance co.", 
                            "count": 208, 
                            "value": 39137
                        }, 
                        {
                            "name": "Affiliate institution", 
                            "count": 46, 
                            "value": 9205
                        }, 
                        {
                            "name": "Other", 
                            "count": 2294, 
                            "value": 361240
                        }
                    ]
                }, 
                {
                    "ethnicitie": "Not provided", 
                    "purchasers": [
                        {
                            "name": "Fannie Mae", 
                            "count": 24, 
                            "value": 3890
                        }, 
                        {
                            "name": "Ginnie Mae", 
                            "count": 19, 
                            "value": 3258
                        }, 
                        {
                            "name": "Freddie Mac", 
                            "count": 16, 
                            "value": 2291
                        }, 
                        {
                            "name": "Farmer Mac", 
                            "count": 0, 
                            "value": 0
                        }, 
                        {
                            "name": "Private Securitization", 
                            "count": 0, 
                            "value": 0
                        }, 
                        {
                            "name": "Commercial bank, savings bank or association", 
                            "count": 8, 
                            "value": 1525
                        }, 
                        {
                            "name": "Life insurance co., credit union, finance co.", 
                            "count": 7, 
                            "value": 1231
                        }, 
                        {
                            "name": "Affiliate institution", 
                            "count": 1, 
                            "value": 159
                        }, 
                        {
                            "name": "Other", 
                            "count": 109, 
                            "value": 15667
                        }
                    ]
                }, 
                {
                    "ethnicitie": "Not applicable", 
                    "purchasers": [
                        {
                            "name": "Fannie Mae", 
                            "count": 247, 
                            "value": 44313
                        }, 
                        {
                            "name": "Ginnie Mae", 
                            "count": 99, 
                            "value": 17321
                        }, 
                        {
                            "name": "Freddie Mac", 
                            "count": 160, 
                            "value": 30515
                        }, 
                        {
                            "name": "Farmer Mac", 
                            "count": 0, 
                            "value": 0
                        }, 
                        {
                            "name": "Private Securitization", 
                            "count": 0, 
                            "value": 0
                        }, 
                        {
                            "name": "Commercial bank, savings bank or association", 
                            "count": 18, 
                            "value": 3973
                        }, 
                        {
                            "name": "Life insurance co., credit union, finance co.", 
                            "count": 2, 
                            "value": 357
                        }, 
                        {
                            "name": "Affiliate institution", 
                            "count": 12, 
                            "value": 2681
                        }, 
                        {
                            "name": "Other", 
                            "count": 452, 
                            "value": 112254
                        }
                    ]
                }, 
                {
                    "ethnicitie": "No co-applicant", 
                    "purchasers": [
                        {
                            "name": "Fannie Mae", 
                            "count": 0, 
                            "value": 0
                        }, 
                        {
                            "name": "Ginnie Mae", 
                            "count": 0, 
                            "value": 0
                        }, 
                        {
                            "name": "Freddie Mac", 
                            "count": 0, 
                            "value": 0
                        }, 
                        {
                            "name": "Farmer Mac", 
                            "count": 0, 
                            "value": 0
                        }, 
                        {
                            "name": "Private Securitization", 
                            "count": 0, 
                            "value": 0
                        }, 
                        {
                            "name": "Commercial bank, savings bank or association", 
                            "count": 0, 
                            "value": 0
                        }, 
                        {
                            "name": "Life insurance co., credit union, finance co.", 
                            "count": 0, 
                            "value": 0
                        }, 
                        {
                            "name": "Affiliate institution", 
                            "count": 0, 
                            "value": 0
                        }, 
                        {
                            "name": "Other", 
                            "count": 0, 
                            "value": 0
                        }
                    ]
                }
            ]
        }, 
        {
            "characteristic": "Minority Status", 
            "minoritystatuses": [
                {
                    "minoritystatuse": "White Non-Hispanic", 
                    "purchasers": [
                        {
                            "name": "Fannie Mae", 
                            "count": 1097, 
                            "value": 189109
                        }, 
                        {
                            "name": "Ginnie Mae", 
                            "count": 403, 
                            "value": 71626
                        }, 
                        {
                            "name": "Freddie Mac", 
                            "count": 611, 
                            "value": 107138
                        }, 
                        {
                            "name": "Farmer Mac", 
                            "count": 0, 
                            "value": 0
                        }, 
                        {
                            "name": "Private Securitization", 
                            "count": 4, 
                            "value": 610
                        }, 
                        {
                            "name": "Commercial bank, savings bank or association", 
                            "count": 452, 
                            "value": 84380
                        }, 
                        {
                            "name": "Life insurance co., credit union, finance co.", 
                            "count": 204, 
                            "value": 38562
                        }, 
                        {
                            "name": "Affiliate institution", 
                            "count": 56, 
                            "value": 11367
                        }, 
                        {
                            "name": "Other", 
                            "count": 2632, 
                            "value": 455637
                        }
                    ]
                }, 
                {
                    "minoritystatuse": "Others, Including Hispanic", 
                    "purchasers": [
                        {
                            "name": "Fannie Mae", 
                            "count": 68, 
                            "value": 12025
                        }, 
                        {
                            "name": "Ginnie Mae", 
                            "count": 40, 
                            "value": 7173
                        }, 
                        {
                            "name": "Freddie Mac", 
                            "count": 46, 
                            "value": 7731
                        }, 
                        {
                            "name": "Farmer Mac", 
                            "count": 0, 
                            "value": 0
                        }, 
                        {
                            "name": "Private Securitization", 
                            "count": 0, 
                            "value": 0
                        }, 
                        {
                            "name": "Commercial bank, savings bank or association", 
                            "count": 28, 
                            "value": 4857
                        }, 
                        {
                            "name": "Life insurance co., credit union, finance co.", 
                            "count": 14, 
                            "value": 2317
                        }, 
                        {
                            "name": "Affiliate institution", 
                            "count": 4, 
                            "value": 819
                        }, 
                        {
                            "name": "Other", 
                            "count": 274, 
                            "value": 40726
                        }
                    ]
                }
            ]
        }, 
        {
            "characteristic": "Applicant Income", 
            "applicantincomes": [
                {
                    "applicantincome": "Less than 50% of MSA/MD median", 
                    "purchasers": [
                        {
                            "name": "Fannie Mae", 
                            "count": 65, 
                            "value": 6970
                        }, 
                        {
                            "name": "Ginnie Mae", 
                            "count": 27, 
                            "value": 3079
                        }, 
                        {
                            "name": "Freddie Mac", 
                            "count": 26, 
                            "value": 2977
                        }, 
                        {
                            "name": "Farmer Mac", 
                            "count": 0, 
                            "value": 0
                        }, 
                        {
                            "name": "Private Securitization", 
                            "count": 0, 
                            "value": 0
                        }, 
                        {
                            "name": "Commercial bank, savings bank or association", 
                            "count": 28, 
                            "value": 2783
                        }, 
                        {
                            "name": "Life insurance co., credit union, finance co.", 
                            "count": 13, 
                            "value": 1548
                        }, 
                        {
                            "name": "Affiliate institution", 
                            "count": 5, 
                            "value": 680
                        }, 
                        {
                            "name": "Other", 
                            "count": 329, 
                            "value": 27821
                        }
                    ]
                }, 
                {
                    "applicantincome": "50-79% of MSA/MD median", 
                    "purchasers": [
                        {
                            "name": "Fannie Mae", 
                            "count": 184, 
                            "value": 23464
                        }, 
                        {
                            "name": "Ginnie Mae", 
                            "count": 82, 
                            "value": 12387
                        }, 
                        {
                            "name": "Freddie Mac", 
                            "count": 108, 
                            "value": 14553
                        }, 
                        {
                            "name": "Farmer Mac", 
                            "count": 0, 
                            "value": 0
                        }, 
                        {
                            "name": "Private Securitization", 
                            "count": 1, 
                            "value": 200
                        }, 
                        {
                            "name": "Commercial bank, savings bank or association", 
                            "count": 109, 
                            "value": 15457
                        }, 
                        {
                            "name": "Life insurance co., credit union, finance co.", 
                            "count": 33, 
                            "value": 4506
                        }, 
                        {
                            "name": "Affiliate institution", 
                            "count": 14, 
                            "value": 1818
                        }, 
                        {
                            "name": "Other", 
                            "count": 613, 
                            "value": 71459
                        }
                    ]
                }, 
                {
                    "applicantincome": "80-99% of MSA/MD median", 
                    "purchasers": [
                        {
                            "name": "Fannie Mae", 
                            "count": 132, 
                            "value": 20185
                        }, 
                        {
                            "name": "Ginnie Mae", 
                            "count": 55, 
                            "value": 9979
                        }, 
                        {
                            "name": "Freddie Mac", 
                            "count": 73, 
                            "value": 10863
                        }, 
                        {
                            "name": "Farmer Mac", 
                            "count": 0, 
                            "value": 0
                        }, 
                        {
                            "name": "Private Securitization", 
                            "count": 1, 
                            "value": 51
                        }, 
                        {
                            "name": "Commercial bank, savings bank or association", 
                            "count": 72, 
                            "value": 12717
                        }, 
                        {
                            "name": "Life insurance co., credit union, finance co.", 
                            "count": 31, 
                            "value": 5458
                        }, 
                        {
                            "name": "Affiliate institution", 
                            "count": 2, 
                            "value": 261
                        }, 
                        {
                            "name": "Other", 
                            "count": 369, 
                            "value": 51630
                        }
                    ]
                }, 
                {
                    "applicantincome": "100-119% of MSA/MD median", 
                    "purchasers": [
                        {
                            "name": "Fannie Mae", 
                            "count": 136, 
                            "value": 21851
                        }, 
                        {
                            "name": "Ginnie Mae", 
                            "count": 28, 
                            "value": 4800
                        }, 
                        {
                            "name": "Freddie Mac", 
                            "count": 62, 
                            "value": 9662
                        }, 
                        {
                            "name": "Farmer Mac", 
                            "count": 0, 
                            "value": 0
                        }, 
                        {
                            "name": "Private Securitization", 
                            "count": 0, 
                            "value": 0
                        }, 
                        {
                            "name": "Commercial bank, savings bank or association", 
                            "count": 43, 
                            "value": 7992
                        }, 
                        {
                            "name": "Life insurance co., credit union, finance co.", 
                            "count": 36, 
                            "value": 6345
                        }, 
                        {
                            "name": "Affiliate institution", 
                            "count": 4, 
                            "value": 535
                        }, 
                        {
                            "name": "Other", 
                            "count": 284, 
                            "value": 42263
                        }
                    ]
                }, 
                {
                    "applicantincome": "120% or more of MSA/MD median", 
                    "purchasers": [
                        {
                            "name": "Fannie Mae", 
                            "count": 547, 
                            "value": 112305
                        }, 
                        {
                            "name": "Ginnie Mae", 
                            "count": 78, 
                            "value": 17561
                        }, 
                        {
                            "name": "Freddie Mac", 
                            "count": 269, 
                            "value": 54054
                        }, 
                        {
                            "name": "Farmer Mac", 
                            "count": 0, 
                            "value": 0
                        }, 
                        {
                            "name": "Private Securitization", 
                            "count": 2, 
                            "value": 359
                        }, 
                        {
                            "name": "Commercial bank, savings bank or association", 
                            "count": 206, 
                            "value": 46105
                        }, 
                        {
                            "name": "Life insurance co., credit union, finance co.", 
                            "count": 98, 
                            "value": 21738
                        }, 
                        {
                            "name": "Affiliate institution", 
                            "count": 34, 
                            "value": 8664
                        }, 
                        {
                            "name": "Other", 
                            "count": 1030, 
                            "value": 211626
                        }
                    ]
                }, 
                {
                    "applicantincome": "income not available", 
                    "purchasers": [
                        {
                            "name": "Fannie Mae", 
                            "count": 101, 
                            "value": 16359
                        }, 
                        {
                            "name": "Ginnie Mae", 
                            "count": 173, 
                            "value": 30993
                        }, 
                        {
                            "name": "Freddie Mac", 
                            "count": 119, 
                            "value": 22760
                        }, 
                        {
                            "name": "Farmer Mac", 
                            "count": 0, 
                            "value": 0
                        }, 
                        {
                            "name": "Private Securitization", 
                            "count": 0, 
                            "value": 0
                        }, 
                        {
                            "name": "Commercial bank, savings bank or association", 
                            "count": 22, 
                            "value": 4183
                        }, 
                        {
                            "name": "Life insurance co., credit union, finance co.", 
                            "count": 7, 
                            "value": 1284
                        }, 
                        {
                            "name": "Affiliate institution", 
                            "count": 1, 
                            "value": 228
                        }, 
                        {
                            "name": "Other", 
                            "count": 281, 
                            "value": 91564
                        }
                    ]
                }
            ]
        }
    ], 
    "censuscharacteristics": [
        {
            "characteristic": "Racial/Ethnic Composition", 
            "tractpctminority": [
                {
                    "tractpctminorit": "Less than 10% minority", 
                    "purchasers": [
                        {
                            "name": "Fannie Mae", 
                            "count": 667, 
                            "value": 122364
                        }, 
                        {
                            "name": "Ginnie Mae", 
                            "count": 284, 
                            "value": 50246
                        }, 
                        {
                            "name": "Freddie Mac", 
                            "count": 415, 
                            "value": 77553
                        }, 
                        {
                            "name": "Farmer Mac", 
                            "count": 0, 
                            "value": 0
                        }, 
                        {
                            "name": "Private Securitization", 
                            "count": 3, 
                            "value": 559
                        }, 
                        {
                            "name": "Commercial bank, savings bank or association", 
                            "count": 307, 
                            "value": 59429
                        }, 
                        {
                            "name": "Life insurance co., credit union, finance co.", 
                            "count": 139, 
                            "value": 27272
                        }, 
                        {
                            "name": "Affiliate institution", 
                            "count": 40, 
                            "value": 9320
                        }, 
                        {
                            "name": "Other", 
                            "count": 1877, 
                            "value": 300988
                        }
                    ]
                }, 
                {
                    "tractpctminorit": "10-19% minority", 
                    "purchasers": [
                        {
                            "name": "Fannie Mae", 
                            "count": 457, 
                            "value": 74041
                        }, 
                        {
                            "name": "Ginnie Mae", 
                            "count": 148, 
                            "value": 27102
                        }, 
                        {
                            "name": "Freddie Mac", 
                            "count": 221, 
                            "value": 35183
                        }, 
                        {
                            "name": "Farmer Mac", 
                            "count": 0, 
                            "value": 0
                        }, 
                        {
                            "name": "Private Securitization", 
                            "count": 1, 
                            "value": 51
                        }, 
                        {
                            "name": "Commercial bank, savings bank or association", 
                            "count": 159, 
                            "value": 28272
                        }, 
                        {
                            "name": "Life insurance co., credit union, finance co.", 
                            "count": 74, 
                            "value": 13079
                        }, 
                        {
                            "name": "Affiliate institution", 
                            "count": 20, 
                            "value": 2866
                        }, 
                        {
                            "name": "Other", 
                            "count": 918, 
                            "value": 181677
                        }
                    ]
                }, 
                {
                    "tractpctminorit": "20-49% minority", 
                    "purchasers": [
                        {
                            "name": "Fannie Mae", 
                            "count": 41, 
                            "value": 4729
                        }, 
                        {
                            "name": "Ginnie Mae", 
                            "count": 11, 
                            "value": 1451
                        }, 
                        {
                            "name": "Freddie Mac", 
                            "count": 21, 
                            "value": 2133
                        }, 
                        {
                            "name": "Farmer Mac", 
                            "count": 0, 
                            "value": 0
                        }, 
                        {
                            "name": "Private Securitization", 
                            "count": 0, 
                            "value": 0
                        }, 
                        {
                            "name": "Commercial bank, savings bank or association", 
                            "count": 14, 
                            "value": 1536
                        }, 
                        {
                            "name": "Life insurance co., credit union, finance co.", 
                            "count": 5, 
                            "value": 528
                        }, 
                        {
                            "name": "Affiliate institution", 
                            "count": 0, 
                            "value": 0
                        }, 
                        {
                            "name": "Other", 
                            "count": 111, 
                            "value": 13698
                        }
                    ]
                }, 
                {
                    "tractpctminorit": "50-79% minority", 
                    "purchasers": [
                        {
                            "name": "Fannie Mae", 
                            "count": 0, 
                            "value": 0
                        }, 
                        {
                            "name": "Ginnie Mae", 
                            "count": 0, 
                            "value": 0
                        }, 
                        {
                            "name": "Freddie Mac", 
                            "count": 0, 
                            "value": 0
                        }, 
                        {
                            "name": "Farmer Mac", 
                            "count": 0, 
                            "value": 0
                        }, 
                        {
                            "name": "Private Securitization", 
                            "count": 0, 
                            "value": 0
                        }, 
                        {
                            "name": "Commercial bank, savings bank or association", 
                            "count": 0, 
                            "value": 0
                        }, 
                        {
                            "name": "Life insurance co., credit union, finance co.", 
                            "count": 0, 
                            "value": 0
                        }, 
                        {
                            "name": "Affiliate institution", 
                            "count": 0, 
                            "value": 0
                        }, 
                        {
                            "name": "Other", 
                            "count": 0, 
                            "value": 0
                        }
                    ]
                }, 
                {
                    "tractpctminorit": "80-100% minority", 
                    "purchasers": [
                        {
                            "name": "Fannie Mae", 
                            "count": 0, 
                            "value": 0
                        }, 
                        {
                            "name": "Ginnie Mae", 
                            "count": 0, 
                            "value": 0
                        }, 
                        {
                            "name": "Freddie Mac", 
                            "count": 0, 
                            "value": 0
                        }, 
                        {
                            "name": "Farmer Mac", 
                            "count": 0, 
                            "value": 0
                        }, 
                        {
                            "name": "Private Securitization", 
                            "count": 0, 
                            "value": 0
                        }, 
                        {
                            "name": "Commercial bank, savings bank or association", 
                            "count": 0, 
                            "value": 0
                        }, 
                        {
                            "name": "Life insurance co., credit union, finance co.", 
                            "count": 0, 
                            "value": 0
                        }, 
                        {
                            "name": "Affiliate institution", 
                            "count": 0, 
                            "value": 0
                        }, 
                        {
                            "name": "Other", 
                            "count": 0, 
                            "value": 0
                        }
                    ]
                }
            ]
        }, 
        {
            "characteristic": "Income", 
            "incomelevel": [
                {
                    "incomeleve": "Low income", 
                    "purchasers": [
                        {
                            "name": "Fannie Mae", 
                            "count": 0, 
                            "value": 0
                        }, 
                        {
                            "name": "Ginnie Mae", 
                            "count": 0, 
                            "value": 0
                        }, 
                        {
                            "name": "Freddie Mac", 
                            "count": 0, 
                            "value": 0
                        }, 
                        {
                            "name": "Farmer Mac", 
                            "count": 0, 
                            "value": 0
                        }, 
                        {
                            "name": "Private Securitization", 
                            "count": 0, 
                            "value": 0
                        }, 
                        {
                            "name": "Commercial bank, savings bank or association", 
                            "count": 0, 
                            "value": 0
                        }, 
                        {
                            "name": "Life insurance co., credit union, finance co.", 
                            "count": 0, 
                            "value": 0
                        }, 
                        {
                            "name": "Affiliate institution", 
                            "count": 0, 
                            "value": 0
                        }, 
                        {
                            "name": "Other", 
                            "count": 0, 
                            "value": 0
                        }
                    ]
                }, 
                {
                    "incomeleve": "Moderate income", 
                    "purchasers": [
                        {
                            "name": "Fannie Mae", 
                            "count": 72, 
                            "value": 10297
                        }, 
                        {
                            "name": "Ginnie Mae", 
                            "count": 32, 
                            "value": 5182
                        }, 
                        {
                            "name": "Freddie Mac", 
                            "count": 39, 
                            "value": 6446
                        }, 
                        {
                            "name": "Farmer Mac", 
                            "count": 0, 
                            "value": 0
                        }, 
                        {
                            "name": "Private Securitization", 
                            "count": 0, 
                            "value": 0
                        }, 
                        {
                            "name": "Commercial bank, savings bank or association", 
                            "count": 26, 
                            "value": 4925
                        }, 
                        {
                            "name": "Life insurance co., credit union, finance co.", 
                            "count": 12, 
                            "value": 2189
                        }, 
                        {
                            "name": "Affiliate institution", 
                            "count": 1, 
                            "value": 279
                        }, 
                        {
                            "name": "Other", 
                            "count": 233, 
                            "value": 42864
                        }
                    ]
                }, 
                {
                    "incomeleve": "Middle income", 
                    "purchasers": [
                        {
                            "name": "Fannie Mae", 
                            "count": 743, 
                            "value": 123432
                        }, 
                        {
                            "name": "Ginnie Mae", 
                            "count": 294, 
                            "value": 50681
                        }, 
                        {
                            "name": "Freddie Mac", 
                            "count": 409, 
                            "value": 66617
                        }, 
                        {
                            "name": "Farmer Mac", 
                            "count": 0, 
                            "value": 0
                        }, 
                        {
                            "name": "Private Securitization", 
                            "count": 1, 
                            "value": 51
                        }, 
                        {
                            "name": "Commercial bank, savings bank or association", 
                            "count": 317, 
                            "value": 55185
                        }, 
                        {
                            "name": "Life insurance co., credit union, finance co.", 
                            "count": 138, 
                            "value": 23784
                        }, 
                        {
                            "name": "Affiliate institution", 
                            "count": 30, 
                            "value": 5366
                        }, 
                        {
                            "name": "Other", 
                            "count": 1976, 
                            "value": 317966
                        }
                    ]
                }, 
                {
                    "incomeleve": "Upper income", 
                    "purchasers": [
                        {
                            "name": "Fannie Mae", 
                            "count": 350, 
                            "value": 67405
                        }, 
                        {
                            "name": "Ginnie Mae", 
                            "count": 117, 
                            "value": 22936
                        }, 
                        {
                            "name": "Freddie Mac", 
                            "count": 209, 
                            "value": 41806
                        }, 
                        {
                            "name": "Farmer Mac", 
                            "count": 0, 
                            "value": 0
                        }, 
                        {
                            "name": "Private Securitization", 
                            "count": 3, 
                            "value": 559
                        }, 
                        {
                            "name": "Commercial bank, savings bank or association", 
                            "count": 137, 
                            "value": 29127
                        }, 
                        {
                            "name": "Life insurance co., credit union, finance co.", 
                            "count": 68, 
                            "value": 14906
                        }, 
                        {
                            "name": "Affiliate institution", 
                            "count": 29, 
                            "value": 6541
                        }, 
                        {
                            "name": "Other", 
                            "count": 697, 
                            "value": 135533
                        }
                    ]
                }
            ]
        }
    ], 
    "total": {
        "purchasers": [
            {
                "name": "Fannie Mae", 
                "count": 1165, 
                "value": 201134
            }, 
            {
                "name": "Ginnie Mae", 
                "count": 443, 
                "value": 78799
            }, 
            {
                "name": "Freddie Mac", 
                "count": 657, 
                "value": 114869
            }, 
            {
                "name": "Farmer Mac", 
                "count": 0, 
                "value": 0
            }, 
            {
                "name": "Private Securitization", 
                "count": 4, 
                "value": 610
            }, 
            {
                "name": "Commercial bank, savings bank or association", 
                "count": 480, 
                "value": 89237
            }, 
            {
                "name": "Life insurance co., credit union, finance co.", 
                "count": 218, 
                "value": 40879
            }, 
            {
                "name": "Affiliate institution", 
                "count": 60, 
                "value": 12186
            }, 
            {
                "name": "Other", 
                "count": 2906, 
                "value": 496363
            }
        ]
    }
}