{
    "table": "3-1", 
    "type": "Aggregate", 
    "desc": "Loans sold, by characteristics of borrower and census tract in which property is located and by type of purchaser (includes originations and purchased loans),", 
    "year": "2012", 
    "msa": {
        "id": "36740", 
        "name": "Orlando-Kissimmee-Sanford", 
        "state": "FL", 
        "state_name": "Florida"
    }, 
    "borrowercharacteristics": [
        {
            "characteristic": "Race", 
            "races": [
                {
                    "race": "American Indian/Alaska Native", 
                    "purchasers": [
                        {
                            "name": "Fannie Mae", 
                            "count": 46, 
                            "value": 7625.0
                        }, 
                        {
                            "name": "Ginnie Mae", 
                            "count": 35, 
                            "value": 5924.0
                        }, 
                        {
                            "name": "Freddie Mac", 
                            "count": 25, 
                            "value": 4353.0
                        }, 
                        {
                            "name": "Farmer Mac", 
                            "count": 0, 
                            "value": 0
                        }, 
                        {
                            "name": "Private Securitization", 
                            "count": 0, 
                            "value": 0
                        }, 
                        {
                            "name": "Commercial bank, savings bank or association", 
                            "count": 29, 
                            "value": 5571.0
                        }, 
                        {
                            "name": "Life insurance co., credit union, finance co.", 
                            "count": 10, 
                            "value": 1224.0
                        }, 
                        {
                            "name": "Affiliate institution", 
                            "count": 9, 
                            "value": 1107.0
                        }, 
                        {
                            "name": "Other", 
                            "count": 163, 
                            "value": 23608.0
                        }
                    ]
                }, 
                {
                    "race": "Asian", 
                    "purchasers": [
                        {
                            "name": "Fannie Mae", 
                            "count": 33, 
                            "value": 5304.0
                        }, 
                        {
                            "name": "Ginnie Mae", 
                            "count": 27, 
                            "value": 4993.0
                        }, 
                        {
                            "name": "Freddie Mac", 
                            "count": 18, 
                            "value": 3135.0
                        }, 
                        {
                            "name": "Farmer Mac", 
                            "count": 0, 
                            "value": 0
                        }, 
                        {
                            "name": "Private Securitization", 
                            "count": 0, 
                            "value": 0
                        }, 
                        {
                            "name": "Commercial bank, savings bank or association", 
                            "count": 13, 
                            "value": 2123.0
                        }, 
                        {
                            "name": "Life insurance co., credit union, finance co.", 
                            "count": 3, 
                            "value": 548.0
                        }, 
                        {
                            "name": "Affiliate institution", 
                            "count": 4, 
                            "value": 476.0
                        }, 
                        {
                            "name": "Other", 
                            "count": 206, 
                            "value": 21807.0
                        }
                    ]
                }, 
                {
                    "race": "Black or African American", 
                    "purchasers": [
                        {
                            "name": "Fannie Mae", 
                            "count": 997, 
                            "value": 181287.0
                        }, 
                        {
                            "name": "Ginnie Mae", 
                            "count": 247, 
                            "value": 44072.0
                        }, 
                        {
                            "name": "Freddie Mac", 
                            "count": 528, 
                            "value": 96937.0
                        }, 
                        {
                            "name": "Farmer Mac", 
                            "count": 0, 
                            "value": 0
                        }, 
                        {
                            "name": "Private Securitization", 
                            "count": 7, 
                            "value": 1060.0
                        }, 
                        {
                            "name": "Commercial bank, savings bank or association", 
                            "count": 320, 
                            "value": 62947.0
                        }, 
                        {
                            "name": "Life insurance co., credit union, finance co.", 
                            "count": 74, 
                            "value": 13169.0
                        }, 
                        {
                            "name": "Affiliate institution", 
                            "count": 124, 
                            "value": 27962.0
                        }, 
                        {
                            "name": "Other", 
                            "count": 2441, 
                            "value": 448367.0
                        }
                    ]
                }, 
                {
                    "race": "Native Hawaiian or Other Pacific Islander", 
                    "purchasers": [
                        {
                            "name": "Fannie Mae", 
                            "count": 1000, 
                            "value": 166514.0
                        }, 
                        {
                            "name": "Ginnie Mae", 
                            "count": 1129, 
                            "value": 179309.0
                        }, 
                        {
                            "name": "Freddie Mac", 
                            "count": 508, 
                            "value": 81592.0
                        }, 
                        {
                            "name": "Farmer Mac", 
                            "count": 2, 
                            "value": 233.0
                        }, 
                        {
                            "name": "Private Securitization", 
                            "count": 4, 
                            "value": 374.0
                        }, 
                        {
                            "name": "Commercial bank, savings bank or association", 
                            "count": 513, 
                            "value": 79242.0
                        }, 
                        {
                            "name": "Life insurance co., credit union, finance co.", 
                            "count": 158, 
                            "value": 22873.0
                        }, 
                        {
                            "name": "Affiliate institution", 
                            "count": 126, 
                            "value": 19882.0
                        }, 
                        {
                            "name": "Other", 
                            "count": 3969, 
                            "value": 521988.0
                        }
                    ]
                }, 
                {
                    "race": "White", 
                    "purchasers": [
                        {
                            "name": "Fannie Mae", 
                            "count": 57, 
                            "value": 9105.0
                        }, 
                        {
                            "name": "Ginnie Mae", 
                            "count": 56, 
                            "value": 8220.0
                        }, 
                        {
                            "name": "Freddie Mac", 
                            "count": 29, 
                            "value": 5000.0
                        }, 
                        {
                            "name": "Farmer Mac", 
                            "count": 0, 
                            "value": 0
                        }, 
                        {
                            "name": "Private Securitization", 
                            "count": 2, 
                            "value": 145.0
                        }, 
                        {
                            "name": "Commercial bank, savings bank or association", 
                            "count": 21, 
                            "value": 3780.0
                        }, 
                        {
                            "name": "Life insurance co., credit union, finance co.", 
                            "count": 8, 
                            "value": 1216.0
                        }, 
                        {
                            "name": "Affiliate institution", 
                            "count": 10, 
                            "value": 1555.0
                        }, 
                        {
                            "name": "Other", 
                            "count": 329, 
                            "value": 40295.0
                        }
                    ]
                }, 
                {
                    "race": "2 or more minority races", 
                    "purchasers": [
                        {
                            "name": "Fannie Mae", 
                            "count": 16055, 
                            "value": 2867220.0
                        }, 
                        {
                            "name": "Ginnie Mae", 
                            "count": 9113, 
                            "value": 1515956.0
                        }, 
                        {
                            "name": "Freddie Mac", 
                            "count": 8200, 
                            "value": 1455829.0
                        }, 
                        {
                            "name": "Farmer Mac", 
                            "count": 7, 
                            "value": 928.0
                        }, 
                        {
                            "name": "Private Securitization", 
                            "count": 199, 
                            "value": 38167.0
                        }, 
                        {
                            "name": "Commercial bank, savings bank or association", 
                            "count": 6579, 
                            "value": 1207575.0
                        }, 
                        {
                            "name": "Life insurance co., credit union, finance co.", 
                            "count": 1209, 
                            "value": 216563.0
                        }, 
                        {
                            "name": "Affiliate institution", 
                            "count": 1917, 
                            "value": 330878.0
                        }, 
                        {
                            "name": "Other", 
                            "count": 36949, 
                            "value": 6162636.0
                        }
                    ]
                }, 
                {
                    "race": "Joint (White/Minority Race", 
                    "purchasers": [
                        {
                            "name": "Fannie Mae", 
                            "count": 341, 
                            "value": 64832.0
                        }, 
                        {
                            "name": "Ginnie Mae", 
                            "count": 163, 
                            "value": 31939.0
                        }, 
                        {
                            "name": "Freddie Mac", 
                            "count": 152, 
                            "value": 30272.0
                        }, 
                        {
                            "name": "Farmer Mac", 
                            "count": 0, 
                            "value": 0
                        }, 
                        {
                            "name": "Private Securitization", 
                            "count": 2, 
                            "value": 147.0
                        }, 
                        {
                            "name": "Commercial bank, savings bank or association", 
                            "count": 126, 
                            "value": 25353.0
                        }, 
                        {
                            "name": "Life insurance co., credit union, finance co.", 
                            "count": 33, 
                            "value": 6515.0
                        }, 
                        {
                            "name": "Affiliate institution", 
                            "count": 56, 
                            "value": 10587.0
                        }, 
                        {
                            "name": "Other", 
                            "count": 642, 
                            "value": 113248.0
                        }
                    ]
                }, 
                {
                    "race": "Not Available", 
                    "purchasers": [
                        {
                            "name": "Fannie Mae", 
                            "count": 4501, 
                            "value": 1000067.0
                        }, 
                        {
                            "name": "Ginnie Mae", 
                            "count": 2525, 
                            "value": 415005.0
                        }, 
                        {
                            "name": "Freddie Mac", 
                            "count": 2725, 
                            "value": 581163.0
                        }, 
                        {
                            "name": "Farmer Mac", 
                            "count": 0, 
                            "value": 0
                        }, 
                        {
                            "name": "Private Securitization", 
                            "count": 58, 
                            "value": 38823.0
                        }, 
                        {
                            "name": "Commercial bank, savings bank or association", 
                            "count": 796, 
                            "value": 140427.0
                        }, 
                        {
                            "name": "Life insurance co., credit union, finance co.", 
                            "count": 272, 
                            "value": 49384.0
                        }, 
                        {
                            "name": "Affiliate institution", 
                            "count": 526, 
                            "value": 146697.0
                        }, 
                        {
                            "name": "Other", 
                            "count": 10088, 
                            "value": 2203015.0
                        }
                    ]
                }
            ]
        }, 
        {
            "characteristic": "Ethnicity", 
            "ethnicities": [
                {
                    "ethnicity": "Hispanic or Latino", 
                    "purchasers": [
                        {
                            "name": "Fannie Mae", 
                            "count": 2109, 
                            "value": 323655
                        }, 
                        {
                            "name": "Ginnie Mae", 
                            "count": 2358, 
                            "value": 341434
                        }, 
                        {
                            "name": "Freddie Mac", 
                            "count": 1076, 
                            "value": 164865
                        }, 
                        {
                            "name": "Farmer Mac", 
                            "count": 1, 
                            "value": 94
                        }, 
                        {
                            "name": "Private Securitization", 
                            "count": 37, 
                            "value": 4547
                        }, 
                        {
                            "name": "Commercial bank, savings bank or association", 
                            "count": 1225, 
                            "value": 181713
                        }, 
                        {
                            "name": "Life insurance co., credit union, finance co.", 
                            "count": 359, 
                            "value": 49584
                        }, 
                        {
                            "name": "Affiliate institution", 
                            "count": 243, 
                            "value": 36928
                        }, 
                        {
                            "name": "Other", 
                            "count": 8701, 
                            "value": 1109764
                        }
                    ]
                }, 
                {
                    "ethnicity": "Not Hispanic or Latino", 
                    "purchasers": [
                        {
                            "name": "Fannie Mae", 
                            "count": 16275, 
                            "value": 2935106
                        }, 
                        {
                            "name": "Ginnie Mae", 
                            "count": 8276, 
                            "value": 1421134
                        }, 
                        {
                            "name": "Freddie Mac", 
                            "count": 8291, 
                            "value": 1494911
                        }, 
                        {
                            "name": "Farmer Mac", 
                            "count": 8, 
                            "value": 1067
                        }, 
                        {
                            "name": "Private Securitization", 
                            "count": 181, 
                            "value": 34611
                        }, 
                        {
                            "name": "Commercial bank, savings bank or association", 
                            "count": 6264, 
                            "value": 1181626
                        }, 
                        {
                            "name": "Life insurance co., credit union, finance co.", 
                            "count": 1102, 
                            "value": 203371
                        }, 
                        {
                            "name": "Affiliate institution", 
                            "count": 1847, 
                            "value": 329820
                        }, 
                        {
                            "name": "Other", 
                            "count": 35689, 
                            "value": 6142874
                        }
                    ]
                }, 
                {
                    "ethnicity": "Joint (Hispanic or Latino/Not Hispanic or Latino", 
                    "purchasers": [
                        {
                            "name": "Fannie Mae", 
                            "count": 530, 
                            "value": 103485
                        }, 
                        {
                            "name": "Ginnie Mae", 
                            "count": 292, 
                            "value": 54637
                        }, 
                        {
                            "name": "Freddie Mac", 
                            "count": 254, 
                            "value": 46971
                        }, 
                        {
                            "name": "Farmer Mac", 
                            "count": 0, 
                            "value": 0
                        }, 
                        {
                            "name": "Private Securitization", 
                            "count": 3, 
                            "value": 978
                        }, 
                        {
                            "name": "Commercial bank, savings bank or association", 
                            "count": 170, 
                            "value": 32914
                        }, 
                        {
                            "name": "Life insurance co., credit union, finance co.", 
                            "count": 47, 
                            "value": 9692
                        }, 
                        {
                            "name": "Affiliate institution", 
                            "count": 65, 
                            "value": 12272
                        }, 
                        {
                            "name": "Other", 
                            "count": 1064, 
                            "value": 198102
                        }
                    ]
                }, 
                {
                    "ethnicity": "Ethnicity Not Available", 
                    "purchasers": [
                        {
                            "name": "Fannie Mae", 
                            "count": 4116, 
                            "value": 939708
                        }, 
                        {
                            "name": "Ginnie Mae", 
                            "count": 2369, 
                            "value": 388213
                        }, 
                        {
                            "name": "Freddie Mac", 
                            "count": 2564, 
                            "value": 551534
                        }, 
                        {
                            "name": "Farmer Mac", 
                            "count": 0, 
                            "value": 0
                        }, 
                        {
                            "name": "Private Securitization", 
                            "count": 51, 
                            "value": 38580
                        }, 
                        {
                            "name": "Commercial bank, savings bank or association", 
                            "count": 738, 
                            "value": 130765
                        }, 
                        {
                            "name": "Life insurance co., credit union, finance co.", 
                            "count": 259, 
                            "value": 48845
                        }, 
                        {
                            "name": "Affiliate institution", 
                            "count": 617, 
                            "value": 160124
                        }, 
                        {
                            "name": "Other", 
                            "count": 9333, 
                            "value": 2084224
                        }
                    ]
                }
            ]
        }, 
        {
            "characteristic": "Minority Status", 
            "minoritystatuses": [
                {
                    "minoritystatus": "White Non-Hispanic", 
                    "purchasers": [
                        {
                            "name": "Fannie Mae", 
                            "count": 18040, 
                            "value": 3460402
                        }, 
                        {
                            "name": "Ginnie Mae", 
                            "count": 9117, 
                            "value": 1555915
                        }, 
                        {
                            "name": "Freddie Mac", 
                            "count": 9658, 
                            "value": 1834933
                        }, 
                        {
                            "name": "Farmer Mac", 
                            "count": 6, 
                            "value": 834
                        }, 
                        {
                            "name": "Private Securitization", 
                            "count": 218, 
                            "value": 71675
                        }, 
                        {
                            "name": "Commercial bank, savings bank or association", 
                            "count": 6035, 
                            "value": 1142697
                        }, 
                        {
                            "name": "Life insurance co., credit union, finance co.", 
                            "count": 1095, 
                            "value": 210212
                        }, 
                        {
                            "name": "Affiliate institution", 
                            "count": 2145, 
                            "value": 429955
                        }, 
                        {
                            "name": "Other", 
                            "count": 37917, 
                            "value": 7127293
                        }
                    ]
                }, 
                {
                    "minoritystatus": "Others, Including Hispanic", 
                    "purchasers": [
                        {
                            "name": "Fannie Mae", 
                            "count": 4990, 
                            "value": 841552
                        }, 
                        {
                            "name": "Ginnie Mae", 
                            "count": 4178, 
                            "value": 649503
                        }, 
                        {
                            "name": "Freddie Mac", 
                            "count": 2527, 
                            "value": 423348
                        }, 
                        {
                            "name": "Farmer Mac", 
                            "count": 3, 
                            "value": 327
                        }, 
                        {
                            "name": "Private Securitization", 
                            "count": 54, 
                            "value": 7041
                        }, 
                        {
                            "name": "Commercial bank, savings bank or association", 
                            "count": 2362, 
                            "value": 384321
                        }, 
                        {
                            "name": "Life insurance co., credit union, finance co.", 
                            "count": 672, 
                            "value": 101280
                        }, 
                        {
                            "name": "Affiliate institution", 
                            "count": 627, 
                            "value": 109189
                        }, 
                        {
                            "name": "Other", 
                            "count": 16870, 
                            "value": 2407671
                        }
                    ]
                }
            ]
        }, 
        {
            "characteristic": "Applicant Income", 
            "applicantincomes": [
                {
                    "applicantincome": "Less than 50% of MSA/MD median", 
                    "purchasers": [
                        {
                            "name": "Fannie Mae", 
                            "count": 1615, 
                            "value": 186012
                        }, 
                        {
                            "name": "Ginnie Mae", 
                            "count": 980, 
                            "value": 84809
                        }, 
                        {
                            "name": "Freddie Mac", 
                            "count": 715, 
                            "value": 79277
                        }, 
                        {
                            "name": "Farmer Mac", 
                            "count": 1, 
                            "value": 82
                        }, 
                        {
                            "name": "Private Securitization", 
                            "count": 22, 
                            "value": 1653
                        }, 
                        {
                            "name": "Commercial bank, savings bank or association", 
                            "count": 536, 
                            "value": 46978
                        }, 
                        {
                            "name": "Life insurance co., credit union, finance co.", 
                            "count": 144, 
                            "value": 13514
                        }, 
                        {
                            "name": "Affiliate institution", 
                            "count": 175, 
                            "value": 17309
                        }, 
                        {
                            "name": "Other", 
                            "count": 5876, 
                            "value": 440032
                        }
                    ]
                }, 
                {
                    "applicantincome": "50-79% of MSA/MD median", 
                    "purchasers": [
                        {
                            "name": "Fannie Mae", 
                            "count": 2903, 
                            "value": 367724
                        }, 
                        {
                            "name": "Ginnie Mae", 
                            "count": 2432, 
                            "value": 303870
                        }, 
                        {
                            "name": "Freddie Mac", 
                            "count": 1330, 
                            "value": 163317
                        }, 
                        {
                            "name": "Farmer Mac", 
                            "count": 5, 
                            "value": 619
                        }, 
                        {
                            "name": "Private Securitization", 
                            "count": 33, 
                            "value": 3942
                        }, 
                        {
                            "name": "Commercial bank, savings bank or association", 
                            "count": 1530, 
                            "value": 190154
                        }, 
                        {
                            "name": "Life insurance co., credit union, finance co.", 
                            "count": 363, 
                            "value": 43236
                        }, 
                        {
                            "name": "Affiliate institution", 
                            "count": 340, 
                            "value": 37977
                        }, 
                        {
                            "name": "Other", 
                            "count": 8909, 
                            "value": 914937
                        }
                    ]
                }, 
                {
                    "applicantincome": "80-99% of MSA/MD median", 
                    "purchasers": [
                        {
                            "name": "Fannie Mae", 
                            "count": 2185, 
                            "value": 313266
                        }, 
                        {
                            "name": "Ginnie Mae", 
                            "count": 1596, 
                            "value": 247249
                        }, 
                        {
                            "name": "Freddie Mac", 
                            "count": 1167, 
                            "value": 165644
                        }, 
                        {
                            "name": "Farmer Mac", 
                            "count": 2, 
                            "value": 291
                        }, 
                        {
                            "name": "Private Securitization", 
                            "count": 25, 
                            "value": 3802
                        }, 
                        {
                            "name": "Commercial bank, savings bank or association", 
                            "count": 1054, 
                            "value": 161847
                        }, 
                        {
                            "name": "Life insurance co., credit union, finance co.", 
                            "count": 227, 
                            "value": 34066
                        }, 
                        {
                            "name": "Affiliate institution", 
                            "count": 272, 
                            "value": 36704
                        }, 
                        {
                            "name": "Other", 
                            "count": 5761, 
                            "value": 740678
                        }
                    ]
                }, 
                {
                    "applicantincome": "100-119% of MSA/MD median", 
                    "purchasers": [
                        {
                            "name": "Fannie Mae", 
                            "count": 2044, 
                            "value": 315022
                        }, 
                        {
                            "name": "Ginnie Mae", 
                            "count": 1107, 
                            "value": 190564
                        }, 
                        {
                            "name": "Freddie Mac", 
                            "count": 1048, 
                            "value": 158534
                        }, 
                        {
                            "name": "Farmer Mac", 
                            "count": 1, 
                            "value": 169
                        }, 
                        {
                            "name": "Private Securitization", 
                            "count": 22, 
                            "value": 3128
                        }, 
                        {
                            "name": "Commercial bank, savings bank or association", 
                            "count": 828, 
                            "value": 138844
                        }, 
                        {
                            "name": "Life insurance co., credit union, finance co.", 
                            "count": 163, 
                            "value": 27521
                        }, 
                        {
                            "name": "Affiliate institution", 
                            "count": 254, 
                            "value": 35483
                        }, 
                        {
                            "name": "Other", 
                            "count": 4381, 
                            "value": 636725
                        }
                    ]
                }, 
                {
                    "applicantincome": "120% or more of MSA/MD median", 
                    "purchasers": [
                        {
                            "name": "Fannie Mae", 
                            "count": 13184, 
                            "value": 2706391
                        }, 
                        {
                            "name": "Ginnie Mae", 
                            "count": 3019, 
                            "value": 658337
                        }, 
                        {
                            "name": "Freddie Mac", 
                            "count": 6980, 
                            "value": 1406259
                        }, 
                        {
                            "name": "Farmer Mac", 
                            "count": 0, 
                            "value": 0
                        }, 
                        {
                            "name": "Private Securitization", 
                            "count": 167, 
                            "value": 37808
                        }, 
                        {
                            "name": "Commercial bank, savings bank or association", 
                            "count": 3840, 
                            "value": 883536
                        }, 
                        {
                            "name": "Life insurance co., credit union, finance co.", 
                            "count": 705, 
                            "value": 161598
                        }, 
                        {
                            "name": "Affiliate institution", 
                            "count": 1691, 
                            "value": 359834
                        }, 
                        {
                            "name": "Other", 
                            "count": 24121, 
                            "value": 5415008
                        }
                    ]
                }, 
                {
                    "applicantincome": "income not available", 
                    "purchasers": [
                        {
                            "name": "Fannie Mae", 
                            "count": 1099, 
                            "value": 413539
                        }, 
                        {
                            "name": "Ginnie Mae", 
                            "count": 4161, 
                            "value": 720589
                        }, 
                        {
                            "name": "Freddie Mac", 
                            "count": 945, 
                            "value": 285250
                        }, 
                        {
                            "name": "Farmer Mac", 
                            "count": 0, 
                            "value": 0
                        }, 
                        {
                            "name": "Private Securitization", 
                            "count": 3, 
                            "value": 28383
                        }, 
                        {
                            "name": "Commercial bank, savings bank or association", 
                            "count": 609, 
                            "value": 105659
                        }, 
                        {
                            "name": "Life insurance co., credit union, finance co.", 
                            "count": 165, 
                            "value": 31557
                        }, 
                        {
                            "name": "Affiliate institution", 
                            "count": 40, 
                            "value": 51837
                        }, 
                        {
                            "name": "Other", 
                            "count": 5739, 
                            "value": 1387584
                        }
                    ]
                }
            ]
        }
    ], 
    "censuscharacteristics": [
        {
            "characteristic": "Racial/Ethnic Composition", 
            "tractpctminorities": [
                {
                    "tractpctminority": "Less than 10% minority", 
                    "purchasers": [
                        {
                            "name": "Fannie Mae", 
                            "count": 749, 
                            "value": 136074
                        }, 
                        {
                            "name": "Ginnie Mae", 
                            "count": 256, 
                            "value": 39891
                        }, 
                        {
                            "name": "Freddie Mac", 
                            "count": 313, 
                            "value": 60415
                        }, 
                        {
                            "name": "Farmer Mac", 
                            "count": 0, 
                            "value": 0
                        }, 
                        {
                            "name": "Private Securitization", 
                            "count": 17, 
                            "value": 3976
                        }, 
                        {
                            "name": "Commercial bank, savings bank or association", 
                            "count": 192, 
                            "value": 43255
                        }, 
                        {
                            "name": "Life insurance co., credit union, finance co.", 
                            "count": 34, 
                            "value": 7653
                        }, 
                        {
                            "name": "Affiliate institution", 
                            "count": 76, 
                            "value": 21047
                        }, 
                        {
                            "name": "Other", 
                            "count": 1717, 
                            "value": 391631
                        }
                    ]
                }, 
                {
                    "tractpctminority": "10-19% minority", 
                    "purchasers": [
                        {
                            "name": "Fannie Mae", 
                            "count": 16423, 
                            "value": 3158953
                        }, 
                        {
                            "name": "Ginnie Mae", 
                            "count": 8350, 
                            "value": 1481197
                        }, 
                        {
                            "name": "Freddie Mac", 
                            "count": 8627, 
                            "value": 1664960
                        }, 
                        {
                            "name": "Farmer Mac", 
                            "count": 4, 
                            "value": 551
                        }, 
                        {
                            "name": "Private Securitization", 
                            "count": 191, 
                            "value": 38790
                        }, 
                        {
                            "name": "Commercial bank, savings bank or association", 
                            "count": 5922, 
                            "value": 1136777
                        }, 
                        {
                            "name": "Life insurance co., credit union, finance co.", 
                            "count": 1082, 
                            "value": 205262
                        }, 
                        {
                            "name": "Affiliate institution", 
                            "count": 2001, 
                            "value": 383944
                        }, 
                        {
                            "name": "Other", 
                            "count": 35165, 
                            "value": 6641313
                        }
                    ]
                }, 
                {
                    "tractpctminority": "20-49% minority", 
                    "purchasers": [
                        {
                            "name": "Fannie Mae", 
                            "count": 4792, 
                            "value": 849899
                        }, 
                        {
                            "name": "Ginnie Mae", 
                            "count": 3559, 
                            "value": 547048
                        }, 
                        {
                            "name": "Freddie Mac", 
                            "count": 2621, 
                            "value": 436525
                        }, 
                        {
                            "name": "Farmer Mac", 
                            "count": 2, 
                            "value": 324
                        }, 
                        {
                            "name": "Private Securitization", 
                            "count": 55, 
                            "value": 35177
                        }, 
                        {
                            "name": "Commercial bank, savings bank or association", 
                            "count": 1884, 
                            "value": 299332
                        }, 
                        {
                            "name": "Life insurance co., credit union, finance co.", 
                            "count": 484, 
                            "value": 77437
                        }, 
                        {
                            "name": "Affiliate institution", 
                            "count": 576, 
                            "value": 85825
                        }, 
                        {
                            "name": "Other", 
                            "count": 13514, 
                            "value": 2005532
                        }
                    ]
                }, 
                {
                    "tractpctminority": "50-79% minority", 
                    "purchasers": [
                        {
                            "name": "Fannie Mae", 
                            "count": 1066, 
                            "value": 157028
                        }, 
                        {
                            "name": "Ginnie Mae", 
                            "count": 1130, 
                            "value": 137282
                        }, 
                        {
                            "name": "Freddie Mac", 
                            "count": 624, 
                            "value": 96381
                        }, 
                        {
                            "name": "Farmer Mac", 
                            "count": 3, 
                            "value": 286
                        }, 
                        {
                            "name": "Private Securitization", 
                            "count": 9, 
                            "value": 773
                        }, 
                        {
                            "name": "Commercial bank, savings bank or association", 
                            "count": 399, 
                            "value": 47654
                        }, 
                        {
                            "name": "Life insurance co., credit union, finance co.", 
                            "count": 167, 
                            "value": 21140
                        }, 
                        {
                            "name": "Affiliate institution", 
                            "count": 119, 
                            "value": 48328
                        }, 
                        {
                            "name": "Other", 
                            "count": 4391, 
                            "value": 496488
                        }
                    ]
                }, 
                {
                    "tractpctminority": "80-100% minority", 
                    "purchasers": [
                        {
                            "name": "Fannie Mae", 
                            "count": 0, 
                            "value": 0
                        }, 
                        {
                            "name": "Ginnie Mae", 
                            "count": 0, 
                            "value": 0
                        }, 
                        {
                            "name": "Freddie Mac", 
                            "count": 0, 
                            "value": 0
                        }, 
                        {
                            "name": "Farmer Mac", 
                            "count": 0, 
                            "value": 0
                        }, 
                        {
                            "name": "Private Securitization", 
                            "count": 0, 
                            "value": 0
                        }, 
                        {
                            "name": "Commercial bank, savings bank or association", 
                            "count": 0, 
                            "value": 0
                        }, 
                        {
                            "name": "Life insurance co., credit union, finance co.", 
                            "count": 0, 
                            "value": 0
                        }, 
                        {
                            "name": "Affiliate institution", 
                            "count": 0, 
                            "value": 0
                        }, 
                        {
                            "name": "Other", 
                            "count": 0, 
                            "value": 0
                        }
                    ]
                }
            ]
        }, 
        {
            "characteristic": "Income", 
            "incomelevels": [
                {
                    "incomelevel": "Low income", 
                    "purchasers": [
                        {
                            "name": "Fannie Mae", 
                            "count": 46, 
                            "value": 15232
                        }, 
                        {
                            "name": "Ginnie Mae", 
                            "count": 44, 
                            "value": 5613
                        }, 
                        {
                            "name": "Freddie Mac", 
                            "count": 28, 
                            "value": 3465
                        }, 
                        {
                            "name": "Farmer Mac", 
                            "count": 0, 
                            "value": 0
                        }, 
                        {
                            "name": "Private Securitization", 
                            "count": 1, 
                            "value": 367
                        }, 
                        {
                            "name": "Commercial bank, savings bank or association", 
                            "count": 16, 
                            "value": 2118
                        }, 
                        {
                            "name": "Life insurance co., credit union, finance co.", 
                            "count": 7, 
                            "value": 761
                        }, 
                        {
                            "name": "Affiliate institution", 
                            "count": 7, 
                            "value": 943
                        }, 
                        {
                            "name": "Other", 
                            "count": 221, 
                            "value": 23348
                        }
                    ]
                }, 
                {
                    "incomelevel": "Moderate income", 
                    "purchasers": [
                        {
                            "name": "Fannie Mae", 
                            "count": 2175, 
                            "value": 338106
                        }, 
                        {
                            "name": "Ginnie Mae", 
                            "count": 1457, 
                            "value": 178091
                        }, 
                        {
                            "name": "Freddie Mac", 
                            "count": 1092, 
                            "value": 176528
                        }, 
                        {
                            "name": "Farmer Mac", 
                            "count": 0, 
                            "value": 0
                        }, 
                        {
                            "name": "Private Securitization", 
                            "count": 20, 
                            "value": 4859
                        }, 
                        {
                            "name": "Commercial bank, savings bank or association", 
                            "count": 685, 
                            "value": 90729
                        }, 
                        {
                            "name": "Life insurance co., credit union, finance co.", 
                            "count": 231, 
                            "value": 24888
                        }, 
                        {
                            "name": "Affiliate institution", 
                            "count": 218, 
                            "value": 59724
                        }, 
                        {
                            "name": "Other", 
                            "count": 7599, 
                            "value": 929545
                        }
                    ]
                }, 
                {
                    "incomelevel": "Middle income", 
                    "purchasers": [
                        {
                            "name": "Fannie Mae", 
                            "count": 9082, 
                            "value": 1522404
                        }, 
                        {
                            "name": "Ginnie Mae", 
                            "count": 6426, 
                            "value": 969059
                        }, 
                        {
                            "name": "Freddie Mac", 
                            "count": 4895, 
                            "value": 769383
                        }, 
                        {
                            "name": "Farmer Mac", 
                            "count": 8, 
                            "value": 952
                        }, 
                        {
                            "name": "Private Securitization", 
                            "count": 96, 
                            "value": 38156
                        }, 
                        {
                            "name": "Commercial bank, savings bank or association", 
                            "count": 3471, 
                            "value": 533636
                        }, 
                        {
                            "name": "Life insurance co., credit union, finance co.", 
                            "count": 799, 
                            "value": 120938
                        }, 
                        {
                            "name": "Affiliate institution", 
                            "count": 1106, 
                            "value": 162031
                        }, 
                        {
                            "name": "Other", 
                            "count": 23669, 
                            "value": 3440738
                        }
                    ]
                }, 
                {
                    "incomelevel": "Upper income", 
                    "purchasers": [
                        {
                            "name": "Fannie Mae", 
                            "count": 11726, 
                            "value": 2425955
                        }, 
                        {
                            "name": "Ginnie Mae", 
                            "count": 5366, 
                            "value": 1052409
                        }, 
                        {
                            "name": "Freddie Mac", 
                            "count": 6168, 
                            "value": 1308566
                        }, 
                        {
                            "name": "Farmer Mac", 
                            "count": 1, 
                            "value": 209
                        }, 
                        {
                            "name": "Private Securitization", 
                            "count": 155, 
                            "value": 35334
                        }, 
                        {
                            "name": "Commercial bank, savings bank or association", 
                            "count": 4225, 
                            "value": 900535
                        }, 
                        {
                            "name": "Life insurance co., credit union, finance co.", 
                            "count": 730, 
                            "value": 164905
                        }, 
                        {
                            "name": "Affiliate institution", 
                            "count": 1440, 
                            "value": 316381
                        }, 
                        {
                            "name": "Other", 
                            "count": 23293, 
                            "value": 5140827
                        }
                    ]
                }
            ]
        }
    ], 
    "total": {
        "purchasers": [
            {
                "name": "Fannie Mae", 
                "count": 23030, 
                "value": 4301954
            }, 
            {
                "name": "Ginnie Mae", 
                "count": 13295, 
                "value": 2205418
            }, 
            {
                "name": "Freddie Mac", 
                "count": 12185, 
                "value": 2258281
            }, 
            {
                "name": "Farmer Mac", 
                "count": 9, 
                "value": 1161
            }, 
            {
                "name": "Private Securitization", 
                "count": 272, 
                "value": 78716
            }, 
            {
                "name": "Commercial bank, savings bank or association", 
                "count": 8397, 
                "value": 1527018
            }, 
            {
                "name": "Life insurance co., credit union, finance co.", 
                "count": 1767, 
                "value": 311492
            }, 
            {
                "name": "Affiliate institution", 
                "count": 2772, 
                "value": 539144
            }, 
            {
                "name": "Other", 
                "count": 54787, 
                "value": 9534964
            }
        ]
    }
}