{
    "table": "3-1", 
    "type": "aggregate", 
    "desc": "Loans sold. By characteristics of borrower and census tract in which property is located and by type of purchaser (includes originations and purchased loans).", 
    "year": "2012", 
    "msa": {
        "id": "46140", 
        "name": "Tulsa", 
        "state": "OK", 
        "state_name": "Oklahoma"
    }, 
    "borrowercharacteristics": [
        {
            "characteristic": "Race", 
            "races": [
                {
                    "race": "American Indian/Alaska Native", 
                    "purchasers": [
                        {
                            "name": "Fannie Mae", 
                            "count": 0, 
                            "value": 0
                        }, 
                        {
                            "name": "Ginnie Mae", 
                            "count": 0, 
                            "value": 0
                        }, 
                        {
                            "name": "Freddie Mac", 
                            "count": 0, 
                            "value": 0
                        }, 
                        {
                            "name": "Farmer Mac", 
                            "count": 0, 
                            "value": 0
                        }, 
                        {
                            "name": "Private Securitization", 
                            "count": 0, 
                            "value": 0
                        }, 
                        {
                            "name": "Commercial bank, savings bank or association", 
                            "count": 0, 
                            "value": 0
                        }, 
                        {
                            "name": "Life insurance co., credit union, finance co.", 
                            "count": 0, 
                            "value": 0
                        }, 
                        {
                            "name": "Affiliate institution", 
                            "count": 0, 
                            "value": 0
                        }, 
                        {
                            "name": "Other", 
                            "count": 0, 
                            "value": 0
                        }
                    ]
                }, 
                {
                    "race": "Asian", 
                    "purchasers": [
                        {
                            "name": "Fannie Mae", 
                            "count": 41, 
                            "value": 7130.0
                        }, 
                        {
                            "name": "Ginnie Mae", 
                            "count": 78, 
                            "value": 11798.0
                        }, 
                        {
                            "name": "Freddie Mac", 
                            "count": 15, 
                            "value": 2708.0
                        }, 
                        {
                            "name": "Farmer Mac", 
                            "count": 0, 
                            "value": 0
                        }, 
                        {
                            "name": "Private Securitization", 
                            "count": 1, 
                            "value": 197.0
                        }, 
                        {
                            "name": "Commercial bank, savings bank or association", 
                            "count": 18, 
                            "value": 2832.0
                        }, 
                        {
                            "name": "Life insurance co., credit union, finance co.", 
                            "count": 10, 
                            "value": 1424.0
                        }, 
                        {
                            "name": "Affiliate institution", 
                            "count": 6, 
                            "value": 594.0
                        }, 
                        {
                            "name": "Other", 
                            "count": 213, 
                            "value": 23013.0
                        }
                    ]
                }, 
                {
                    "race": "Black or African American", 
                    "purchasers": [
                        {
                            "name": "Fannie Mae", 
                            "count": 82, 
                            "value": 14900.0
                        }, 
                        {
                            "name": "Ginnie Mae", 
                            "count": 38, 
                            "value": 6074.0
                        }, 
                        {
                            "name": "Freddie Mac", 
                            "count": 25, 
                            "value": 4204.0
                        }, 
                        {
                            "name": "Farmer Mac", 
                            "count": 0, 
                            "value": 0
                        }, 
                        {
                            "name": "Private Securitization", 
                            "count": 1, 
                            "value": 200.0
                        }, 
                        {
                            "name": "Commercial bank, savings bank or association", 
                            "count": 28, 
                            "value": 4962.0
                        }, 
                        {
                            "name": "Life insurance co., credit union, finance co.", 
                            "count": 12, 
                            "value": 1855.0
                        }, 
                        {
                            "name": "Affiliate institution", 
                            "count": 8, 
                            "value": 1573.0
                        }, 
                        {
                            "name": "Other", 
                            "count": 161, 
                            "value": 26911.0
                        }
                    ]
                }, 
                {
                    "race": "Native Hawaiian or Pacific Islander", 
                    "purchasers": [
                        {
                            "name": "Fannie Mae", 
                            "count": 35, 
                            "value": 5984.0
                        }, 
                        {
                            "name": "Ginnie Mae", 
                            "count": 52, 
                            "value": 7844.0
                        }, 
                        {
                            "name": "Freddie Mac", 
                            "count": 16, 
                            "value": 3031.0
                        }, 
                        {
                            "name": "Farmer Mac", 
                            "count": 0, 
                            "value": 0
                        }, 
                        {
                            "name": "Private Securitization", 
                            "count": 1, 
                            "value": 110.0
                        }, 
                        {
                            "name": "Commercial bank, savings bank or association", 
                            "count": 19, 
                            "value": 3317.0
                        }, 
                        {
                            "name": "Life insurance co., credit union, finance co.", 
                            "count": 0, 
                            "value": 0
                        }, 
                        {
                            "name": "Affiliate institution", 
                            "count": 4, 
                            "value": 561.0
                        }, 
                        {
                            "name": "Other", 
                            "count": 272, 
                            "value": 28703.0
                        }
                    ]
                }, 
                {
                    "race": "White", 
                    "purchasers": [
                        {
                            "name": "Fannie Mae", 
                            "count": 1, 
                            "value": 146.0
                        }, 
                        {
                            "name": "Ginnie Mae", 
                            "count": 5, 
                            "value": 736.0
                        }, 
                        {
                            "name": "Freddie Mac", 
                            "count": 3, 
                            "value": 817.0
                        }, 
                        {
                            "name": "Farmer Mac", 
                            "count": 0, 
                            "value": 0
                        }, 
                        {
                            "name": "Private Securitization", 
                            "count": 0, 
                            "value": 0
                        }, 
                        {
                            "name": "Commercial bank, savings bank or association", 
                            "count": 2, 
                            "value": 633.0
                        }, 
                        {
                            "name": "Life insurance co., credit union, finance co.", 
                            "count": 2, 
                            "value": 332.0
                        }, 
                        {
                            "name": "Affiliate institution", 
                            "count": 0, 
                            "value": 0
                        }, 
                        {
                            "name": "Other", 
                            "count": 8, 
                            "value": 1360.0
                        }
                    ]
                }, 
                {
                    "race": "2 or more minority races", 
                    "purchasers": [
                        {
                            "name": "Fannie Mae", 
                            "count": 3807, 
                            "value": 681283.0
                        }, 
                        {
                            "name": "Ginnie Mae", 
                            "count": 2091, 
                            "value": 328806.0
                        }, 
                        {
                            "name": "Freddie Mac", 
                            "count": 1416, 
                            "value": 253594.0
                        }, 
                        {
                            "name": "Farmer Mac", 
                            "count": 0, 
                            "value": 0
                        }, 
                        {
                            "name": "Private Securitization", 
                            "count": 40, 
                            "value": 8413.0
                        }, 
                        {
                            "name": "Commercial bank, savings bank or association", 
                            "count": 1509, 
                            "value": 281686.0
                        }, 
                        {
                            "name": "Life insurance co., credit union, finance co.", 
                            "count": 383, 
                            "value": 70825.0
                        }, 
                        {
                            "name": "Affiliate institution", 
                            "count": 347, 
                            "value": 51946.0
                        }, 
                        {
                            "name": "Other", 
                            "count": 9450, 
                            "value": 1342467.0
                        }
                    ]
                }, 
                {
                    "race": "Joint", 
                    "purchasers": [
                        {
                            "name": "Fannie Mae", 
                            "count": 275, 
                            "value": 49520.0
                        }, 
                        {
                            "name": "Ginnie Mae", 
                            "count": 200, 
                            "value": 33228.0
                        }, 
                        {
                            "name": "Freddie Mac", 
                            "count": 107, 
                            "value": 20209.0
                        }, 
                        {
                            "name": "Farmer Mac", 
                            "count": 0, 
                            "value": 0
                        }, 
                        {
                            "name": "Private Securitization", 
                            "count": 15, 
                            "value": 3398.0
                        }, 
                        {
                            "name": "Commercial bank, savings bank or association", 
                            "count": 57, 
                            "value": 11280.0
                        }, 
                        {
                            "name": "Life insurance co., credit union, finance co.", 
                            "count": 16, 
                            "value": 2620.0
                        }, 
                        {
                            "name": "Affiliate institution", 
                            "count": 45, 
                            "value": 8143.0
                        }, 
                        {
                            "name": "Other", 
                            "count": 1177, 
                            "value": 157417.0
                        }
                    ]
                }, 
                {
                    "race": "Not Provided", 
                    "purchasers": [
                        {
                            "name": "Fannie Mae", 
                            "count": 540, 
                            "value": 144163.0
                        }, 
                        {
                            "name": "Ginnie Mae", 
                            "count": 763, 
                            "value": 104065.0
                        }, 
                        {
                            "name": "Freddie Mac", 
                            "count": 410, 
                            "value": 67619.0
                        }, 
                        {
                            "name": "Farmer Mac", 
                            "count": 0, 
                            "value": 0
                        }, 
                        {
                            "name": "Private Securitization", 
                            "count": 0, 
                            "value": 0
                        }, 
                        {
                            "name": "Commercial bank, savings bank or association", 
                            "count": 43, 
                            "value": 5772.0
                        }, 
                        {
                            "name": "Life insurance co., credit union, finance co.", 
                            "count": 13, 
                            "value": 1189.0
                        }, 
                        {
                            "name": "Affiliate institution", 
                            "count": 29, 
                            "value": 4793.0
                        }, 
                        {
                            "name": "Other", 
                            "count": 1013, 
                            "value": 145351.0
                        }
                    ]
                }, 
                {
                    "race": "Not Applicable", 
                    "purchasers": [
                        {
                            "name": "Fannie Mae", 
                            "count": 3713, 
                            "value": 573074.0
                        }, 
                        {
                            "name": "Ginnie Mae", 
                            "count": 4557, 
                            "value": 630774.0
                        }, 
                        {
                            "name": "Freddie Mac", 
                            "count": 1270, 
                            "value": 200217.0
                        }, 
                        {
                            "name": "Farmer Mac", 
                            "count": 0, 
                            "value": 0
                        }, 
                        {
                            "name": "Private Securitization", 
                            "count": 50, 
                            "value": 8608.0
                        }, 
                        {
                            "name": "Commercial bank, savings bank or association", 
                            "count": 2302, 
                            "value": 349696.0
                        }, 
                        {
                            "name": "Life insurance co., credit union, finance co.", 
                            "count": 637, 
                            "value": 97311.0
                        }, 
                        {
                            "name": "Affiliate institution", 
                            "count": 391, 
                            "value": 48791.0
                        }, 
                        {
                            "name": "Other", 
                            "count": 14696, 
                            "value": 1735169.0
                        }
                    ]
                }, 
                {
                    "race": "No co-applicant", 
                    "purchasers": [
                        {
                            "name": "Fannie Mae", 
                            "count": 0, 
                            "value": 0
                        }, 
                        {
                            "name": "Ginnie Mae", 
                            "count": 0, 
                            "value": 0
                        }, 
                        {
                            "name": "Freddie Mac", 
                            "count": 0, 
                            "value": 0
                        }, 
                        {
                            "name": "Farmer Mac", 
                            "count": 0, 
                            "value": 0
                        }, 
                        {
                            "name": "Private Securitization", 
                            "count": 0, 
                            "value": 0
                        }, 
                        {
                            "name": "Commercial bank, savings bank or association", 
                            "count": 0, 
                            "value": 0
                        }, 
                        {
                            "name": "Life insurance co., credit union, finance co.", 
                            "count": 0, 
                            "value": 0
                        }, 
                        {
                            "name": "Affiliate institution", 
                            "count": 0, 
                            "value": 0
                        }, 
                        {
                            "name": "Other", 
                            "count": 0, 
                            "value": 0
                        }
                    ]
                }
            ]
        }, 
        {
            "characteristic": "Ethnicity", 
            "ethnicities": [
                {
                    "ethnicitie": "Hispanic or Latino", 
                    "purchasers": [
                        {
                            "name": "Fannie Mae", 
                            "count": 40, 
                            "value": 5665
                        }, 
                        {
                            "name": "Ginnie Mae", 
                            "count": 57, 
                            "value": 7807
                        }, 
                        {
                            "name": "Freddie Mac", 
                            "count": 17, 
                            "value": 1895
                        }, 
                        {
                            "name": "Farmer Mac", 
                            "count": 0, 
                            "value": 0
                        }, 
                        {
                            "name": "Private Securitization", 
                            "count": 0, 
                            "value": 0
                        }, 
                        {
                            "name": "Commercial bank, savings bank or association", 
                            "count": 22, 
                            "value": 2969
                        }, 
                        {
                            "name": "Life insurance co., credit union, finance co.", 
                            "count": 6, 
                            "value": 751
                        }, 
                        {
                            "name": "Affiliate institution", 
                            "count": 6, 
                            "value": 651
                        }, 
                        {
                            "name": "Other", 
                            "count": 174, 
                            "value": 16380
                        }
                    ]
                }, 
                {
                    "ethnicitie": "Not Hispanic or Latino", 
                    "purchasers": [
                        {
                            "name": "Fannie Mae", 
                            "count": 7250, 
                            "value": 1202892
                        }, 
                        {
                            "name": "Ginnie Mae", 
                            "count": 6191, 
                            "value": 886357
                        }, 
                        {
                            "name": "Freddie Mac", 
                            "count": 2617, 
                            "value": 424285
                        }, 
                        {
                            "name": "Farmer Mac", 
                            "count": 0, 
                            "value": 0
                        }, 
                        {
                            "name": "Private Securitization", 
                            "count": 86, 
                            "value": 16364
                        }, 
                        {
                            "name": "Commercial bank, savings bank or association", 
                            "count": 3639, 
                            "value": 607775
                        }, 
                        {
                            "name": "Life insurance co., credit union, finance co.", 
                            "count": 1017, 
                            "value": 167199
                        }, 
                        {
                            "name": "Affiliate institution", 
                            "count": 684, 
                            "value": 96140
                        }, 
                        {
                            "name": "Other", 
                            "count": 21584, 
                            "value": 2693657
                        }
                    ]
                }, 
                {
                    "ethnicitie": "Not provided", 
                    "purchasers": [
                        {
                            "name": "Fannie Mae", 
                            "count": 178, 
                            "value": 26873
                        }, 
                        {
                            "name": "Ginnie Mae", 
                            "count": 316, 
                            "value": 38642
                        }, 
                        {
                            "name": "Freddie Mac", 
                            "count": 70, 
                            "value": 10362
                        }, 
                        {
                            "name": "Farmer Mac", 
                            "count": 0, 
                            "value": 0
                        }, 
                        {
                            "name": "Private Securitization", 
                            "count": 0, 
                            "value": 0
                        }, 
                        {
                            "name": "Commercial bank, savings bank or association", 
                            "count": 147, 
                            "value": 20679
                        }, 
                        {
                            "name": "Life insurance co., credit union, finance co.", 
                            "count": 22, 
                            "value": 4105
                        }, 
                        {
                            "name": "Affiliate institution", 
                            "count": 27, 
                            "value": 2751
                        }, 
                        {
                            "name": "Other", 
                            "count": 952, 
                            "value": 98156
                        }
                    ]
                }, 
                {
                    "ethnicitie": "Not applicable", 
                    "purchasers": [
                        {
                            "name": "Fannie Mae", 
                            "count": 1026, 
                            "value": 240770
                        }, 
                        {
                            "name": "Ginnie Mae", 
                            "count": 1220, 
                            "value": 190519
                        }, 
                        {
                            "name": "Freddie Mac", 
                            "count": 558, 
                            "value": 115857
                        }, 
                        {
                            "name": "Farmer Mac", 
                            "count": 0, 
                            "value": 0
                        }, 
                        {
                            "name": "Private Securitization", 
                            "count": 22, 
                            "value": 4562
                        }, 
                        {
                            "name": "Commercial bank, savings bank or association", 
                            "count": 170, 
                            "value": 28755
                        }, 
                        {
                            "name": "Life insurance co., credit union, finance co.", 
                            "count": 28, 
                            "value": 3501
                        }, 
                        {
                            "name": "Affiliate institution", 
                            "count": 113, 
                            "value": 16859
                        }, 
                        {
                            "name": "Other", 
                            "count": 4280, 
                            "value": 652198
                        }
                    ]
                }, 
                {
                    "ethnicitie": "No co-applicant", 
                    "purchasers": [
                        {
                            "name": "Fannie Mae", 
                            "count": 0, 
                            "value": 0
                        }, 
                        {
                            "name": "Ginnie Mae", 
                            "count": 0, 
                            "value": 0
                        }, 
                        {
                            "name": "Freddie Mac", 
                            "count": 0, 
                            "value": 0
                        }, 
                        {
                            "name": "Farmer Mac", 
                            "count": 0, 
                            "value": 0
                        }, 
                        {
                            "name": "Private Securitization", 
                            "count": 0, 
                            "value": 0
                        }, 
                        {
                            "name": "Commercial bank, savings bank or association", 
                            "count": 0, 
                            "value": 0
                        }, 
                        {
                            "name": "Life insurance co., credit union, finance co.", 
                            "count": 0, 
                            "value": 0
                        }, 
                        {
                            "name": "Affiliate institution", 
                            "count": 0, 
                            "value": 0
                        }, 
                        {
                            "name": "Other", 
                            "count": 0, 
                            "value": 0
                        }
                    ]
                }
            ]
        }, 
        {
            "characteristic": "Minority Status", 
            "minoritystatuses": [
                {
                    "minoritystatuse": "White Non-Hispanic", 
                    "purchasers": [
                        {
                            "name": "Fannie Mae", 
                            "count": 7585, 
                            "value": 1332657
                        }, 
                        {
                            "name": "Ginnie Mae", 
                            "count": 6053, 
                            "value": 880889
                        }, 
                        {
                            "name": "Freddie Mac", 
                            "count": 2915, 
                            "value": 501074
                        }, 
                        {
                            "name": "Farmer Mac", 
                            "count": 0, 
                            "value": 0
                        }, 
                        {
                            "name": "Private Securitization", 
                            "count": 101, 
                            "value": 19651
                        }, 
                        {
                            "name": "Commercial bank, savings bank or association", 
                            "count": 3336, 
                            "value": 562931
                        }, 
                        {
                            "name": "Life insurance co., credit union, finance co.", 
                            "count": 763, 
                            "value": 124532
                        }, 
                        {
                            "name": "Affiliate institution", 
                            "count": 711, 
                            "value": 100636
                        }, 
                        {
                            "name": "Other", 
                            "count": 22471, 
                            "value": 2970857
                        }
                    ]
                }, 
                {
                    "minoritystatuse": "Others, Including Hispanic", 
                    "purchasers": [
                        {
                            "name": "Fannie Mae", 
                            "count": 909, 
                            "value": 143543
                        }, 
                        {
                            "name": "Ginnie Mae", 
                            "count": 1731, 
                            "value": 242436
                        }, 
                        {
                            "name": "Freddie Mac", 
                            "count": 347, 
                            "value": 51325
                        }, 
                        {
                            "name": "Farmer Mac", 
                            "count": 0, 
                            "value": 0
                        }, 
                        {
                            "name": "Private Securitization", 
                            "count": 7, 
                            "value": 1275
                        }, 
                        {
                            "name": "Commercial bank, savings bank or association", 
                            "count": 642, 
                            "value": 97247
                        }, 
                        {
                            "name": "Life insurance co., credit union, finance co.", 
                            "count": 310, 
                            "value": 51024
                        }, 
                        {
                            "name": "Affiliate institution", 
                            "count": 119, 
                            "value": 15765
                        }, 
                        {
                            "name": "Other", 
                            "count": 4519, 
                            "value": 489534
                        }
                    ]
                }
            ]
        }, 
        {
            "characteristic": "Applicant Income", 
            "applicantincomes": [
                {
                    "applicantincome": "Less than 50% of MSA/MD median", 
                    "purchasers": [
                        {
                            "name": "Fannie Mae", 
                            "count": 470, 
                            "value": 38710
                        }, 
                        {
                            "name": "Ginnie Mae", 
                            "count": 667, 
                            "value": 59352
                        }, 
                        {
                            "name": "Freddie Mac", 
                            "count": 164, 
                            "value": 13763
                        }, 
                        {
                            "name": "Farmer Mac", 
                            "count": 0, 
                            "value": 0
                        }, 
                        {
                            "name": "Private Securitization", 
                            "count": 6, 
                            "value": 451
                        }, 
                        {
                            "name": "Commercial bank, savings bank or association", 
                            "count": 314, 
                            "value": 28861
                        }, 
                        {
                            "name": "Life insurance co., credit union, finance co.", 
                            "count": 77, 
                            "value": 6102
                        }, 
                        {
                            "name": "Affiliate institution", 
                            "count": 56, 
                            "value": 3750
                        }, 
                        {
                            "name": "Other", 
                            "count": 3292, 
                            "value": 202331
                        }
                    ]
                }, 
                {
                    "applicantincome": "50-79% of MSA/MD median", 
                    "purchasers": [
                        {
                            "name": "Fannie Mae", 
                            "count": 1117, 
                            "value": 115471
                        }, 
                        {
                            "name": "Ginnie Mae", 
                            "count": 1797, 
                            "value": 207201
                        }, 
                        {
                            "name": "Freddie Mac", 
                            "count": 441, 
                            "value": 44893
                        }, 
                        {
                            "name": "Farmer Mac", 
                            "count": 0, 
                            "value": 0
                        }, 
                        {
                            "name": "Private Securitization", 
                            "count": 13, 
                            "value": 1309
                        }, 
                        {
                            "name": "Commercial bank, savings bank or association", 
                            "count": 916, 
                            "value": 109162
                        }, 
                        {
                            "name": "Life insurance co., credit union, finance co.", 
                            "count": 186, 
                            "value": 20880
                        }, 
                        {
                            "name": "Affiliate institution", 
                            "count": 138, 
                            "value": 12484
                        }, 
                        {
                            "name": "Other", 
                            "count": 5207, 
                            "value": 424731
                        }
                    ]
                }, 
                {
                    "applicantincome": "80-99% of MSA/MD median", 
                    "purchasers": [
                        {
                            "name": "Fannie Mae", 
                            "count": 852, 
                            "value": 105087
                        }, 
                        {
                            "name": "Ginnie Mae", 
                            "count": 960, 
                            "value": 132129
                        }, 
                        {
                            "name": "Freddie Mac", 
                            "count": 301, 
                            "value": 36626
                        }, 
                        {
                            "name": "Farmer Mac", 
                            "count": 0, 
                            "value": 0
                        }, 
                        {
                            "name": "Private Securitization", 
                            "count": 7, 
                            "value": 752
                        }, 
                        {
                            "name": "Commercial bank, savings bank or association", 
                            "count": 496, 
                            "value": 68648
                        }, 
                        {
                            "name": "Life insurance co., credit union, finance co.", 
                            "count": 137, 
                            "value": 18876
                        }, 
                        {
                            "name": "Affiliate institution", 
                            "count": 85, 
                            "value": 8215
                        }, 
                        {
                            "name": "Other", 
                            "count": 3040, 
                            "value": 283642
                        }
                    ]
                }, 
                {
                    "applicantincome": "100-119% of MSA/MD median", 
                    "purchasers": [
                        {
                            "name": "Fannie Mae", 
                            "count": 824, 
                            "value": 114665
                        }, 
                        {
                            "name": "Ginnie Mae", 
                            "count": 732, 
                            "value": 110323
                        }, 
                        {
                            "name": "Freddie Mac", 
                            "count": 291, 
                            "value": 37431
                        }, 
                        {
                            "name": "Farmer Mac", 
                            "count": 0, 
                            "value": 0
                        }, 
                        {
                            "name": "Private Securitization", 
                            "count": 8, 
                            "value": 820
                        }, 
                        {
                            "name": "Commercial bank, savings bank or association", 
                            "count": 444, 
                            "value": 68829
                        }, 
                        {
                            "name": "Life insurance co., credit union, finance co.", 
                            "count": 116, 
                            "value": 17106
                        }, 
                        {
                            "name": "Affiliate institution", 
                            "count": 92, 
                            "value": 9975
                        }, 
                        {
                            "name": "Other", 
                            "count": 2416, 
                            "value": 255784
                        }
                    ]
                }, 
                {
                    "applicantincome": "120% or more of MSA/MD median", 
                    "purchasers": [
                        {
                            "name": "Fannie Mae", 
                            "count": 4752, 
                            "value": 949064
                        }, 
                        {
                            "name": "Ginnie Mae", 
                            "count": 1762, 
                            "value": 328138
                        }, 
                        {
                            "name": "Freddie Mac", 
                            "count": 1669, 
                            "value": 327101
                        }, 
                        {
                            "name": "Farmer Mac", 
                            "count": 0, 
                            "value": 0
                        }, 
                        {
                            "name": "Private Securitization", 
                            "count": 74, 
                            "value": 17594
                        }, 
                        {
                            "name": "Commercial bank, savings bank or association", 
                            "count": 1659, 
                            "value": 360137
                        }, 
                        {
                            "name": "Life insurance co., credit union, finance co.", 
                            "count": 495, 
                            "value": 102400
                        }, 
                        {
                            "name": "Affiliate institution", 
                            "count": 449, 
                            "value": 79988
                        }, 
                        {
                            "name": "Other", 
                            "count": 10115, 
                            "value": 1742661
                        }
                    ]
                }, 
                {
                    "applicantincome": "income not available", 
                    "purchasers": [
                        {
                            "name": "Fannie Mae", 
                            "count": 479, 
                            "value": 153203
                        }, 
                        {
                            "name": "Ginnie Mae", 
                            "count": 1866, 
                            "value": 286182
                        }, 
                        {
                            "name": "Freddie Mac", 
                            "count": 396, 
                            "value": 92585
                        }, 
                        {
                            "name": "Farmer Mac", 
                            "count": 0, 
                            "value": 0
                        }, 
                        {
                            "name": "Private Securitization", 
                            "count": 0, 
                            "value": 0
                        }, 
                        {
                            "name": "Commercial bank, savings bank or association", 
                            "count": 149, 
                            "value": 24541
                        }, 
                        {
                            "name": "Life insurance co., credit union, finance co.", 
                            "count": 62, 
                            "value": 10192
                        }, 
                        {
                            "name": "Affiliate institution", 
                            "count": 10, 
                            "value": 1989
                        }, 
                        {
                            "name": "Other", 
                            "count": 2913, 
                            "value": 550864
                        }
                    ]
                }
            ]
        }
    ], 
    "censuscharacteristics": [
        {
            "characteristic": "Racial/Ethnic Composition", 
            "tractpctminority": [
                {
                    "tractpctminorit": "Less than 10% minority", 
                    "purchasers": [
                        {
                            "name": "Fannie Mae", 
                            "count": 131, 
                            "value": 38007
                        }, 
                        {
                            "name": "Ginnie Mae", 
                            "count": 13, 
                            "value": 3152
                        }, 
                        {
                            "name": "Freddie Mac", 
                            "count": 62, 
                            "value": 17374
                        }, 
                        {
                            "name": "Farmer Mac", 
                            "count": 0, 
                            "value": 0
                        }, 
                        {
                            "name": "Private Securitization", 
                            "count": 6, 
                            "value": 2008
                        }, 
                        {
                            "name": "Commercial bank, savings bank or association", 
                            "count": 41, 
                            "value": 12705
                        }, 
                        {
                            "name": "Life insurance co., credit union, finance co.", 
                            "count": 17, 
                            "value": 5785
                        }, 
                        {
                            "name": "Affiliate institution", 
                            "count": 14, 
                            "value": 4862
                        }, 
                        {
                            "name": "Other", 
                            "count": 247, 
                            "value": 101964
                        }
                    ]
                }, 
                {
                    "tractpctminorit": "10-19% minority", 
                    "purchasers": [
                        {
                            "name": "Fannie Mae", 
                            "count": 8120, 
                            "value": 1418678
                        }, 
                        {
                            "name": "Ginnie Mae", 
                            "count": 7302, 
                            "value": 1077057
                        }, 
                        {
                            "name": "Freddie Mac", 
                            "count": 3092, 
                            "value": 525834
                        }, 
                        {
                            "name": "Farmer Mac", 
                            "count": 0, 
                            "value": 0
                        }, 
                        {
                            "name": "Private Securitization", 
                            "count": 98, 
                            "value": 18549
                        }, 
                        {
                            "name": "Commercial bank, savings bank or association", 
                            "count": 3803, 
                            "value": 634548
                        }, 
                        {
                            "name": "Life insurance co., credit union, finance co.", 
                            "count": 1027, 
                            "value": 167048
                        }, 
                        {
                            "name": "Affiliate institution", 
                            "count": 769, 
                            "value": 108161
                        }, 
                        {
                            "name": "Other", 
                            "count": 24550, 
                            "value": 3191378
                        }
                    ]
                }, 
                {
                    "tractpctminorit": "20-49% minority", 
                    "purchasers": [
                        {
                            "name": "Fannie Mae", 
                            "count": 209, 
                            "value": 16175
                        }, 
                        {
                            "name": "Ginnie Mae", 
                            "count": 402, 
                            "value": 36263
                        }, 
                        {
                            "name": "Freddie Mac", 
                            "count": 90, 
                            "value": 7710
                        }, 
                        {
                            "name": "Farmer Mac", 
                            "count": 0, 
                            "value": 0
                        }, 
                        {
                            "name": "Private Securitization", 
                            "count": 3, 
                            "value": 214
                        }, 
                        {
                            "name": "Commercial bank, savings bank or association", 
                            "count": 113, 
                            "value": 10659
                        }, 
                        {
                            "name": "Life insurance co., credit union, finance co.", 
                            "count": 27, 
                            "value": 2589
                        }, 
                        {
                            "name": "Affiliate institution", 
                            "count": 43, 
                            "value": 3141
                        }, 
                        {
                            "name": "Other", 
                            "count": 1727, 
                            "value": 124124
                        }
                    ]
                }, 
                {
                    "tractpctminorit": "50-79% minority", 
                    "purchasers": [
                        {
                            "name": "Fannie Mae", 
                            "count": 34, 
                            "value": 3340
                        }, 
                        {
                            "name": "Ginnie Mae", 
                            "count": 67, 
                            "value": 6853
                        }, 
                        {
                            "name": "Freddie Mac", 
                            "count": 18, 
                            "value": 1481
                        }, 
                        {
                            "name": "Farmer Mac", 
                            "count": 0, 
                            "value": 0
                        }, 
                        {
                            "name": "Private Securitization", 
                            "count": 1, 
                            "value": 155
                        }, 
                        {
                            "name": "Commercial bank, savings bank or association", 
                            "count": 21, 
                            "value": 2266
                        }, 
                        {
                            "name": "Life insurance co., credit union, finance co.", 
                            "count": 2, 
                            "value": 134
                        }, 
                        {
                            "name": "Affiliate institution", 
                            "count": 4, 
                            "value": 237
                        }, 
                        {
                            "name": "Other", 
                            "count": 459, 
                            "value": 42547
                        }
                    ]
                }, 
                {
                    "tractpctminorit": "80-100% minority", 
                    "purchasers": [
                        {
                            "name": "Fannie Mae", 
                            "count": 0, 
                            "value": 0
                        }, 
                        {
                            "name": "Ginnie Mae", 
                            "count": 0, 
                            "value": 0
                        }, 
                        {
                            "name": "Freddie Mac", 
                            "count": 0, 
                            "value": 0
                        }, 
                        {
                            "name": "Farmer Mac", 
                            "count": 0, 
                            "value": 0
                        }, 
                        {
                            "name": "Private Securitization", 
                            "count": 0, 
                            "value": 0
                        }, 
                        {
                            "name": "Commercial bank, savings bank or association", 
                            "count": 0, 
                            "value": 0
                        }, 
                        {
                            "name": "Life insurance co., credit union, finance co.", 
                            "count": 0, 
                            "value": 0
                        }, 
                        {
                            "name": "Affiliate institution", 
                            "count": 0, 
                            "value": 0
                        }, 
                        {
                            "name": "Other", 
                            "count": 0, 
                            "value": 0
                        }
                    ]
                }
            ]
        }, 
        {
            "characteristic": "Income", 
            "incomelevel": [
                {
                    "incomeleve": "Low income", 
                    "purchasers": [
                        {
                            "name": "Fannie Mae", 
                            "count": 71, 
                            "value": 7644
                        }, 
                        {
                            "name": "Ginnie Mae", 
                            "count": 66, 
                            "value": 6923
                        }, 
                        {
                            "name": "Freddie Mac", 
                            "count": 17, 
                            "value": 1644
                        }, 
                        {
                            "name": "Farmer Mac", 
                            "count": 0, 
                            "value": 0
                        }, 
                        {
                            "name": "Private Securitization", 
                            "count": 1, 
                            "value": 84
                        }, 
                        {
                            "name": "Commercial bank, savings bank or association", 
                            "count": 35, 
                            "value": 4225
                        }, 
                        {
                            "name": "Life insurance co., credit union, finance co.", 
                            "count": 7, 
                            "value": 589
                        }, 
                        {
                            "name": "Affiliate institution", 
                            "count": 10, 
                            "value": 816
                        }, 
                        {
                            "name": "Other", 
                            "count": 592, 
                            "value": 45478
                        }
                    ]
                }, 
                {
                    "incomeleve": "Moderate income", 
                    "purchasers": [
                        {
                            "name": "Fannie Mae", 
                            "count": 639, 
                            "value": 58664
                        }, 
                        {
                            "name": "Ginnie Mae", 
                            "count": 969, 
                            "value": 94852
                        }, 
                        {
                            "name": "Freddie Mac", 
                            "count": 251, 
                            "value": 23112
                        }, 
                        {
                            "name": "Farmer Mac", 
                            "count": 0, 
                            "value": 0
                        }, 
                        {
                            "name": "Private Securitization", 
                            "count": 7, 
                            "value": 675
                        }, 
                        {
                            "name": "Commercial bank, savings bank or association", 
                            "count": 322, 
                            "value": 31937
                        }, 
                        {
                            "name": "Life insurance co., credit union, finance co.", 
                            "count": 100, 
                            "value": 9424
                        }, 
                        {
                            "name": "Affiliate institution", 
                            "count": 96, 
                            "value": 7359
                        }, 
                        {
                            "name": "Other", 
                            "count": 4613, 
                            "value": 369021
                        }
                    ]
                }, 
                {
                    "incomeleve": "Middle income", 
                    "purchasers": [
                        {
                            "name": "Fannie Mae", 
                            "count": 2517, 
                            "value": 351977
                        }, 
                        {
                            "name": "Ginnie Mae", 
                            "count": 3184, 
                            "value": 420449
                        }, 
                        {
                            "name": "Freddie Mac", 
                            "count": 983, 
                            "value": 155483
                        }, 
                        {
                            "name": "Farmer Mac", 
                            "count": 0, 
                            "value": 0
                        }, 
                        {
                            "name": "Private Securitization", 
                            "count": 23, 
                            "value": 3312
                        }, 
                        {
                            "name": "Commercial bank, savings bank or association", 
                            "count": 1380, 
                            "value": 193784
                        }, 
                        {
                            "name": "Life insurance co., credit union, finance co.", 
                            "count": 368, 
                            "value": 51449
                        }, 
                        {
                            "name": "Affiliate institution", 
                            "count": 240, 
                            "value": 26801
                        }, 
                        {
                            "name": "Other", 
                            "count": 10720, 
                            "value": 1069199
                        }
                    ]
                }, 
                {
                    "incomeleve": "Upper income", 
                    "purchasers": [
                        {
                            "name": "Fannie Mae", 
                            "count": 5267, 
                            "value": 1057915
                        }, 
                        {
                            "name": "Ginnie Mae", 
                            "count": 3565, 
                            "value": 601101
                        }, 
                        {
                            "name": "Freddie Mac", 
                            "count": 2011, 
                            "value": 372160
                        }, 
                        {
                            "name": "Farmer Mac", 
                            "count": 0, 
                            "value": 0
                        }, 
                        {
                            "name": "Private Securitization", 
                            "count": 77, 
                            "value": 16855
                        }, 
                        {
                            "name": "Commercial bank, savings bank or association", 
                            "count": 2241, 
                            "value": 430232
                        }, 
                        {
                            "name": "Life insurance co., credit union, finance co.", 
                            "count": 598, 
                            "value": 114094
                        }, 
                        {
                            "name": "Affiliate institution", 
                            "count": 484, 
                            "value": 81425
                        }, 
                        {
                            "name": "Other", 
                            "count": 11058, 
                            "value": 1976315
                        }
                    ]
                }
            ]
        }
    ], 
    "total": {
        "purchasers": [
            {
                "name": "Fannie Mae", 
                "count": 8494, 
                "value": 1476200
            }, 
            {
                "name": "Ginnie Mae", 
                "count": 7784, 
                "value": 1123325
            }, 
            {
                "name": "Freddie Mac", 
                "count": 3262, 
                "value": 552399
            }, 
            {
                "name": "Farmer Mac", 
                "count": 0, 
                "value": 0
            }, 
            {
                "name": "Private Securitization", 
                "count": 108, 
                "value": 20926
            }, 
            {
                "name": "Commercial bank, savings bank or association", 
                "count": 3978, 
                "value": 660178
            }, 
            {
                "name": "Life insurance co., credit union, finance co.", 
                "count": 1073, 
                "value": 175556
            }, 
            {
                "name": "Affiliate institution", 
                "count": 830, 
                "value": 116401
            }, 
            {
                "name": "Other", 
                "count": 26990, 
                "value": 3460391
            }
        ]
    }
}